record_id,source_image,source_xml,raw_folder,raw_filename,raw_class_name,normalized_class_id,normalized_class_name,xmin,ymin,xmax,ymax,box_width,box_height,status,reason
img_01_3402617700_00001,data/raw/GC10-DET/3/img_01_3402617700_00001.jpg,data/raw/GC10-DET/lable/img_01_3402617700_00001.xml,3,img_01_3402617700_00001.jpg,3_yueyawan,2,crescent_gap,1738.0,806.0,1948.0,993.0,210.0,187.0,candidate,
img_01_3402617700_01009,data/raw/GC10-DET/3/img_01_3402617700_01009.jpg,data/raw/GC10-DET/lable/img_01_3402617700_01009.xml,3,img_01_3402617700_01009.jpg,3_yueyawan,2,crescent_gap,1756.0,298.0,1967.0,858.0,211.0,560.0,candidate,
img_01_3436789500_00004,data/raw/GC10-DET/9/img_01_3436789500_00004.jpg,data/raw/GC10-DET/lable/img_01_3436789500_00004.xml,9,img_01_3436789500_00004.jpg,9_zhehen,8,crease,981.0,182.0,2046.0,249.0,1065.0,67.0,candidate,
img_01_3436789500_00004,data/raw/GC10-DET/9/img_01_3436789500_00004.jpg,data/raw/GC10-DET/lable/img_01_3436789500_00004.xml,9,img_01_3436789500_00004.jpg,9_zhehen,8,crease,478.0,179.0,711.0,244.0,233.0,65.0,candidate,
img_01_3436814600_00259,data/raw/GC10-DET/6/img_01_3436814600_00259.jpg,data/raw/GC10-DET/lable/img_01_3436814600_00259.xml,6,img_01_3436814600_00259.jpg,6_siban,5,silk_spot,746.0,17.0,1011.0,993.0,265.0,976.0,candidate,
img_01_3436815300_00473,data/raw/GC10-DET/6/img_01_3436815300_00473.jpg,data/raw/GC10-DET/lable/img_01_3436815300_00473.xml,6,img_01_3436815300_00473.jpg,6_siban,5,silk_spot,814.0,17.0,1522.0,978.0,708.0,961.0,candidate,
img_01_3436815300_00477,data/raw/GC10-DET/6/img_01_3436815300_00477.jpg,data/raw/GC10-DET/lable/img_01_3436815300_00477.xml,6,img_01_3436815300_00477.jpg,6_siban,5,silk_spot,788.0,13.0,1367.0,984.0,579.0,971.0,candidate,
img_01_3436815300_00478,data/raw/GC10-DET/6/img_01_3436815300_00478.jpg,data/raw/GC10-DET/lable/img_01_3436815300_00478.xml,6,img_01_3436815300_00478.jpg,6_siban,5,silk_spot,786.0,16.0,1375.0,984.0,589.0,968.0,candidate,
img_01_3437011300_00918,data/raw/GC10-DET/6/img_01_3437011300_00918.jpg,data/raw/GC10-DET/lable/img_01_3437011300_00918.xml,6,img_01_3437011300_00918.jpg,6_siban,5,silk_spot,1315.0,1.0,1808.0,963.0,493.0,962.0,candidate,
img_01_424799300_01133,data/raw/GC10-DET/3/img_01_424799300_01133.jpg,data/raw/GC10-DET/lable/img_01_424799300_01133.xml,3,img_01_424799300_01133.jpg,3_yueyawan,2,crescent_gap,1696.0,484.0,1911.0,1000.0,215.0,516.0,candidate,
img_01_424799600_00001,data/raw/GC10-DET/3/img_01_424799600_00001.jpg,data/raw/GC10-DET/lable/img_01_424799600_00001.xml,3,img_01_424799600_00001.jpg,3_yueyawan,2,crescent_gap,1688.0,1.0,1904.0,340.0,216.0,339.0,candidate,
img_01_424799600_00002,data/raw/GC10-DET/3/img_01_424799600_00002.jpg,data/raw/GC10-DET/lable/img_01_424799600_00002.xml,3,img_01_424799600_00002.jpg,3_yueyawan,2,crescent_gap,1667.0,781.0,1888.0,1000.0,221.0,219.0,candidate,
img_01_424825700_00001,data/raw/GC10-DET/3/img_01_424825700_00001.jpg,data/raw/GC10-DET/lable/img_01_424825700_00001.xml,3,img_01_424825700_00001.jpg,3_yueyawan,2,crescent_gap,1199.0,774.0,1391.0,1000.0,192.0,226.0,candidate,
img_01_424826100_00001,data/raw/GC10-DET/3/img_01_424826100_00001.jpg,data/raw/GC10-DET/lable/img_01_424826100_00001.xml,3,img_01_424826100_00001.jpg,3_yueyawan,2,crescent_gap,1210.0,716.0,1415.0,998.0,205.0,282.0,candidate,
img_01_424826300_00950,data/raw/GC10-DET/3/img_01_424826300_00950.jpg,data/raw/GC10-DET/lable/img_01_424826300_00950.xml,3,img_01_424826300_00950.jpg,3_yueyawan,2,crescent_gap,1131.0,1.0,1432.0,432.0,301.0,431.0,candidate,
img_01_424826800_00002,data/raw/GC10-DET/3/img_01_424826800_00002.jpg,data/raw/GC10-DET/lable/img_01_424826800_00002.xml,3,img_01_424826800_00002.jpg,3_yueyawan,2,crescent_gap,1237.0,1.0,1487.0,327.0,250.0,326.0,candidate,
img_01_424826800_00003,data/raw/GC10-DET/3/img_01_424826800_00003.jpg,data/raw/GC10-DET/lable/img_01_424826800_00003.xml,3,img_01_424826800_00003.jpg,3_yueyawan,2,crescent_gap,1256.0,795.0,1470.0,1000.0,214.0,205.0,candidate,
img_01_424995500_00255,data/raw/GC10-DET/4/img_01_424995500_00255.jpg,data/raw/GC10-DET/lable/img_01_424995500_00255.xml,4,img_01_424995500_00255.jpg,4_shuiban,3,water_spot,1169.0,317.0,1577.0,809.0,408.0,492.0,candidate,
img_01_424995500_00289,data/raw/GC10-DET/4/img_01_424995500_00289.jpg,data/raw/GC10-DET/lable/img_01_424995500_00289.xml,4,img_01_424995500_00289.jpg,4_shuiban,3,water_spot,1240.0,8.0,1672.0,328.0,432.0,320.0,candidate,
img_01_425000300_00103,data/raw/GC10-DET/4/img_01_425000300_00103.jpg,data/raw/GC10-DET/lable/img_01_425000300_00103.xml,all,img_01_425000300_00103.jpg,4_shuiban,3,water_spot,1191.0,327.0,1591.0,744.0,400.0,417.0,candidate,
img_01_425000300_00103,data/raw/GC10-DET/4/img_01_425000300_00103.jpg,data/raw/GC10-DET/lable/img_01_425000300_00103.xml,all,img_01_425000300_00103.jpg,4_shuiban,3,water_spot,1223.0,124.0,1294.0,213.0,71.0,89.0,candidate,
img_01_425000300_00103,data/raw/GC10-DET/4/img_01_425000300_00103.jpg,data/raw/GC10-DET/lable/img_01_425000300_00103.xml,all,img_01_425000300_00103.jpg,4_shuiban,3,water_spot,1438.0,28.0,1500.0,84.0,62.0,56.0,candidate,
img_01_425000300_00520,data/raw/GC10-DET/4/img_01_425000300_00520.jpg,data/raw/GC10-DET/lable/img_01_425000300_00520.xml,4,img_01_425000300_00520.jpg,4_shuiban,3,water_spot,1153.0,417.0,1608.0,932.0,455.0,515.0,candidate,
img_01_425000300_00630,data/raw/GC10-DET/4/img_01_425000300_00630.jpg,data/raw/GC10-DET/lable/img_01_425000300_00630.xml,4,img_01_425000300_00630.jpg,4_shuiban,3,water_spot,1372.0,1.0,1564.0,119.0,192.0,118.0,candidate,
img_01_425000300_00743,data/raw/GC10-DET/4/img_01_425000300_00743.jpg,data/raw/GC10-DET/lable/img_01_425000300_00743.xml,4,img_01_425000300_00743.jpg,4_shuiban,3,water_spot,1230.0,1.0,1760.0,364.0,530.0,363.0,candidate,
img_01_425005700_00154,data/raw/GC10-DET/6/img_01_425005700_00154.jpg,data/raw/GC10-DET/lable/img_01_425005700_00154.xml,6,img_01_425005700_00154.jpg,6_siban,5,silk_spot,861.0,16.0,1643.0,974.0,782.0,958.0,candidate,
img_01_425005700_00156,data/raw/GC10-DET/6/img_01_425005700_00156.jpg,data/raw/GC10-DET/lable/img_01_425005700_00156.xml,6,img_01_425005700_00156.jpg,6_siban,5,silk_spot,762.0,19.0,1680.0,981.0,918.0,962.0,candidate,
img_01_425005700_00158,data/raw/GC10-DET/6/img_01_425005700_00158.jpg,data/raw/GC10-DET/lable/img_01_425005700_00158.xml,6,img_01_425005700_00158.jpg,6_siban,5,silk_spot,790.0,80.0,1656.0,942.0,866.0,862.0,candidate,
img_01_425005700_00159,data/raw/GC10-DET/6/img_01_425005700_00159.jpg,data/raw/GC10-DET/lable/img_01_425005700_00159.xml,6,img_01_425005700_00159.jpg,6_siban,5,silk_spot,818.0,37.0,1582.0,981.0,764.0,944.0,candidate,
img_01_425005700_00162,data/raw/GC10-DET/6/img_01_425005700_00162.jpg,data/raw/GC10-DET/lable/img_01_425005700_00162.xml,6,img_01_425005700_00162.jpg,6_siban,5,silk_spot,969.0,106.0,1551.0,862.0,582.0,756.0,candidate,
img_01_425005700_00163,data/raw/GC10-DET/6/img_01_425005700_00163.jpg,data/raw/GC10-DET/lable/img_01_425005700_00163.xml,6,img_01_425005700_00163.jpg,6_siban,5,silk_spot,977.0,53.0,1593.0,1000.0,616.0,947.0,candidate,
img_01_425005700_00164,data/raw/GC10-DET/6/img_01_425005700_00164.jpg,data/raw/GC10-DET/lable/img_01_425005700_00164.xml,6,img_01_425005700_00164.jpg,6_siban,5,silk_spot,950.0,19.0,1557.0,972.0,607.0,953.0,candidate,
img_01_425005700_00168,data/raw/GC10-DET/6/img_01_425005700_00168.jpg,data/raw/GC10-DET/lable/img_01_425005700_00168.xml,6,img_01_425005700_00168.jpg,6_siban,5,silk_spot,956.0,25.0,1356.0,996.0,400.0,971.0,candidate,
img_01_425005700_00172,data/raw/GC10-DET/6/img_01_425005700_00172.jpg,data/raw/GC10-DET/lable/img_01_425005700_00172.xml,6,img_01_425005700_00172.jpg,6_siban,5,silk_spot,1043.0,3.0,1307.0,825.0,264.0,822.0,candidate,
img_01_425005700_00175,data/raw/GC10-DET/6/img_01_425005700_00175.jpg,data/raw/GC10-DET/lable/img_01_425005700_00175.xml,6,img_01_425005700_00175.jpg,6_siban,5,silk_spot,1018.0,25.0,1353.0,765.0,335.0,740.0,candidate,
img_01_425005700_00176,data/raw/GC10-DET/6/img_01_425005700_00176.jpg,data/raw/GC10-DET/lable/img_01_425005700_00176.xml,6,img_01_425005700_00176.jpg,6_siban,5,silk_spot,1040.0,34.0,1515.0,791.0,475.0,757.0,candidate,
img_01_425005700_00181,data/raw/GC10-DET/6/img_01_425005700_00181.jpg,data/raw/GC10-DET/lable/img_01_425005700_00181.xml,6,img_01_425005700_00181.jpg,6_siban,5,silk_spot,1005.0,50.0,1503.0,853.0,498.0,803.0,candidate,
img_01_425005700_00183,data/raw/GC10-DET/6/img_01_425005700_00183.jpg,data/raw/GC10-DET/lable/img_01_425005700_00183.xml,6,img_01_425005700_00183.jpg,6_siban,5,silk_spot,1008.0,1.0,1522.0,796.0,514.0,795.0,candidate,
img_01_425005700_00189,data/raw/GC10-DET/6/img_01_425005700_00189.jpg,data/raw/GC10-DET/lable/img_01_425005700_00189.xml,6,img_01_425005700_00189.jpg,6_siban,5,silk_spot,1013.0,37.0,1535.0,775.0,522.0,738.0,candidate,
img_01_425005700_00191,data/raw/GC10-DET/6/img_01_425005700_00191.jpg,data/raw/GC10-DET/lable/img_01_425005700_00191.xml,6,img_01_425005700_00191.jpg,6_siban,5,silk_spot,997.0,12.0,1564.0,916.0,567.0,904.0,candidate,
img_01_425005700_00192,data/raw/GC10-DET/6/img_01_425005700_00192.jpg,data/raw/GC10-DET/lable/img_01_425005700_00192.xml,6,img_01_425005700_00192.jpg,6_siban,5,silk_spot,953.0,24.0,1285.0,942.0,332.0,918.0,candidate,
img_01_425005700_00194,data/raw/GC10-DET/6/img_01_425005700_00194.jpg,data/raw/GC10-DET/lable/img_01_425005700_00194.xml,6,img_01_425005700_00194.jpg,6_siban,5,silk_spot,969.0,1.0,1348.0,959.0,379.0,958.0,candidate,
img_01_425005700_00195,data/raw/GC10-DET/6/img_01_425005700_00195.jpg,data/raw/GC10-DET/lable/img_01_425005700_00195.xml,6,img_01_425005700_00195.jpg,6_siban,5,silk_spot,990.0,16.0,1366.0,1000.0,376.0,984.0,candidate,
img_01_425005700_00196,data/raw/GC10-DET/6/img_01_425005700_00196.jpg,data/raw/GC10-DET/lable/img_01_425005700_00196.xml,6,img_01_425005700_00196.jpg,6_siban,5,silk_spot,987.0,1.0,1425.0,952.0,438.0,951.0,candidate,
img_01_425005700_00197,data/raw/GC10-DET/6/img_01_425005700_00197.jpg,data/raw/GC10-DET/lable/img_01_425005700_00197.xml,6,img_01_425005700_00197.jpg,6_siban,5,silk_spot,825.0,1.0,1372.0,980.0,547.0,979.0,candidate,
img_01_425005700_00198,data/raw/GC10-DET/6/img_01_425005700_00198.jpg,data/raw/GC10-DET/lable/img_01_425005700_00198.xml,6,img_01_425005700_00198.jpg,6_siban,5,silk_spot,904.0,1.0,1486.0,936.0,582.0,935.0,candidate,
img_01_425005700_00199,data/raw/GC10-DET/6/img_01_425005700_00199.jpg,data/raw/GC10-DET/lable/img_01_425005700_00199.xml,6,img_01_425005700_00199.jpg,6_siban,5,silk_spot,956.0,1.0,1460.0,857.0,504.0,856.0,candidate,
img_01_425005700_00200,data/raw/GC10-DET/6/img_01_425005700_00200.jpg,data/raw/GC10-DET/lable/img_01_425005700_00200.xml,6,img_01_425005700_00200.jpg,6_siban,5,silk_spot,933.0,1.0,1508.0,957.0,575.0,956.0,candidate,
img_01_425005700_00201,data/raw/GC10-DET/6/img_01_425005700_00201.jpg,data/raw/GC10-DET/lable/img_01_425005700_00201.xml,6,img_01_425005700_00201.jpg,6_siban,5,silk_spot,946.0,1.0,1431.0,944.0,485.0,943.0,candidate,
img_01_425005700_00202,data/raw/GC10-DET/6/img_01_425005700_00202.jpg,data/raw/GC10-DET/lable/img_01_425005700_00202.xml,6,img_01_425005700_00202.jpg,6_siban,5,silk_spot,930.0,45.0,1490.0,948.0,560.0,903.0,candidate,
img_01_425005700_00203,data/raw/GC10-DET/6/img_01_425005700_00203.jpg,data/raw/GC10-DET/lable/img_01_425005700_00203.xml,6,img_01_425005700_00203.jpg,6_siban,5,silk_spot,1008.0,63.0,1528.0,1000.0,520.0,937.0,candidate,
img_01_425005700_00205,data/raw/GC10-DET/6/img_01_425005700_00205.jpg,data/raw/GC10-DET/lable/img_01_425005700_00205.xml,6,img_01_425005700_00205.jpg,6_siban,5,silk_spot,923.0,9.0,1519.0,1000.0,596.0,991.0,candidate,
img_01_425005700_00207,data/raw/GC10-DET/6/img_01_425005700_00207.jpg,data/raw/GC10-DET/lable/img_01_425005700_00207.xml,6,img_01_425005700_00207.jpg,6_siban,5,silk_spot,987.0,19.0,1579.0,968.0,592.0,949.0,candidate,
img_01_425005700_00208,data/raw/GC10-DET/6/img_01_425005700_00208.jpg,data/raw/GC10-DET/lable/img_01_425005700_00208.xml,6,img_01_425005700_00208.jpg,6_siban,5,silk_spot,931.0,57.0,1373.0,1000.0,442.0,943.0,candidate,
img_01_425005700_00211,data/raw/GC10-DET/6/img_01_425005700_00211.jpg,data/raw/GC10-DET/lable/img_01_425005700_00211.xml,6,img_01_425005700_00211.jpg,6_siban,5,silk_spot,956.0,10.0,1474.0,960.0,518.0,950.0,candidate,
img_01_425005700_00212,data/raw/GC10-DET/6/img_01_425005700_00212.jpg,data/raw/GC10-DET/lable/img_01_425005700_00212.xml,6,img_01_425005700_00212.jpg,6_siban,5,silk_spot,995.0,1.0,1418.0,931.0,423.0,930.0,candidate,
img_01_425005700_00213,data/raw/GC10-DET/6/img_01_425005700_00213.jpg,data/raw/GC10-DET/lable/img_01_425005700_00213.xml,6,img_01_425005700_00213.jpg,6_siban,5,silk_spot,981.0,1.0,1440.0,964.0,459.0,963.0,candidate,
img_01_425005700_00221,data/raw/GC10-DET/6/img_01_425005700_00221.jpg,data/raw/GC10-DET/lable/img_01_425005700_00221.xml,6,img_01_425005700_00221.jpg,6_siban,5,silk_spot,918.0,406.0,1515.0,968.0,597.0,562.0,candidate,
img_01_425005700_00223,data/raw/GC10-DET/6/img_01_425005700_00223.jpg,data/raw/GC10-DET/lable/img_01_425005700_00223.xml,6,img_01_425005700_00223.jpg,6_siban,5,silk_spot,1067.0,117.0,1520.0,891.0,453.0,774.0,candidate,
img_01_425005700_00233,data/raw/GC10-DET/6/img_01_425005700_00233.jpg,data/raw/GC10-DET/lable/img_01_425005700_00233.xml,6,img_01_425005700_00233.jpg,6_siban,5,silk_spot,846.0,23.0,1306.0,735.0,460.0,712.0,candidate,
img_01_425005700_00239,data/raw/GC10-DET/6/img_01_425005700_00239.jpg,data/raw/GC10-DET/lable/img_01_425005700_00239.xml,6,img_01_425005700_00239.jpg,6_siban,5,silk_spot,879.0,44.0,1430.0,876.0,551.0,832.0,candidate,
img_01_425005700_00240,data/raw/GC10-DET/6/img_01_425005700_00240.jpg,data/raw/GC10-DET/lable/img_01_425005700_00240.xml,6,img_01_425005700_00240.jpg,6_siban,5,silk_spot,874.0,73.0,1375.0,1000.0,501.0,927.0,candidate,
img_01_425005700_00241,data/raw/GC10-DET/6/img_01_425005700_00241.jpg,data/raw/GC10-DET/lable/img_01_425005700_00241.xml,6,img_01_425005700_00241.jpg,6_siban,5,silk_spot,923.0,45.0,1358.0,942.0,435.0,897.0,candidate,
img_01_425005700_00246,data/raw/GC10-DET/6/img_01_425005700_00246.jpg,data/raw/GC10-DET/lable/img_01_425005700_00246.xml,6,img_01_425005700_00246.jpg,6_siban,5,silk_spot,907.0,32.0,1403.0,1000.0,496.0,968.0,candidate,
img_01_425005700_00253,data/raw/GC10-DET/6/img_01_425005700_00253.jpg,data/raw/GC10-DET/lable/img_01_425005700_00253.xml,6,img_01_425005700_00253.jpg,6_siban,5,silk_spot,818.0,25.0,1207.0,929.0,389.0,904.0,candidate,
img_01_425005700_00254,data/raw/GC10-DET/6/img_01_425005700_00254.jpg,data/raw/GC10-DET/lable/img_01_425005700_00254.xml,6,img_01_425005700_00254.jpg,6_siban,5,silk_spot,828.0,22.0,1208.0,868.0,380.0,846.0,candidate,
img_01_425005700_00255,data/raw/GC10-DET/6/img_01_425005700_00255.jpg,data/raw/GC10-DET/lable/img_01_425005700_00255.xml,6,img_01_425005700_00255.jpg,6_siban,5,silk_spot,800.0,101.0,1230.0,932.0,430.0,831.0,candidate,
img_01_425005700_00256,data/raw/GC10-DET/6/img_01_425005700_00256.jpg,data/raw/GC10-DET/lable/img_01_425005700_00256.xml,6,img_01_425005700_00256.jpg,6_siban,5,silk_spot,867.0,66.0,1271.0,945.0,404.0,879.0,candidate,
img_01_425005700_00258,data/raw/GC10-DET/6/img_01_425005700_00258.jpg,data/raw/GC10-DET/lable/img_01_425005700_00258.xml,6,img_01_425005700_00258.jpg,6_siban,5,silk_spot,899.0,19.0,1292.0,1000.0,393.0,981.0,candidate,
img_01_425005700_00266,data/raw/GC10-DET/6/img_01_425005700_00266.jpg,data/raw/GC10-DET/lable/img_01_425005700_00266.xml,6,img_01_425005700_00266.jpg,6_siban,5,silk_spot,807.0,93.0,1326.0,862.0,519.0,769.0,candidate,
img_01_425005700_00267,data/raw/GC10-DET/6/img_01_425005700_00267.jpg,data/raw/GC10-DET/lable/img_01_425005700_00267.xml,6,img_01_425005700_00267.jpg,6_siban,5,silk_spot,863.0,1.0,1429.0,923.0,566.0,922.0,candidate,
img_01_425005700_00270,data/raw/GC10-DET/6/img_01_425005700_00270.jpg,data/raw/GC10-DET/lable/img_01_425005700_00270.xml,6,img_01_425005700_00270.jpg,6_siban,5,silk_spot,887.0,39.0,1349.0,858.0,462.0,819.0,candidate,
img_01_425005700_00273,data/raw/GC10-DET/6/img_01_425005700_00273.jpg,data/raw/GC10-DET/lable/img_01_425005700_00273.xml,6,img_01_425005700_00273.jpg,6_siban,5,silk_spot,792.0,1.0,1317.0,972.0,525.0,971.0,candidate,
img_01_425005700_00277,data/raw/GC10-DET/6/img_01_425005700_00277.jpg,data/raw/GC10-DET/lable/img_01_425005700_00277.xml,6,img_01_425005700_00277.jpg,6_siban,5,silk_spot,855.0,1.0,1440.0,971.0,585.0,970.0,candidate,
img_01_425005700_00279,data/raw/GC10-DET/6/img_01_425005700_00279.jpg,data/raw/GC10-DET/lable/img_01_425005700_00279.xml,6,img_01_425005700_00279.jpg,6_siban,5,silk_spot,881.0,1.0,1423.0,954.0,542.0,953.0,candidate,
img_01_425005700_00283,data/raw/GC10-DET/6/img_01_425005700_00283.jpg,data/raw/GC10-DET/lable/img_01_425005700_00283.xml,6,img_01_425005700_00283.jpg,6_siban,5,silk_spot,832.0,1.0,1388.0,843.0,556.0,842.0,candidate,
img_01_425005700_00285,data/raw/GC10-DET/6/img_01_425005700_00285.jpg,data/raw/GC10-DET/lable/img_01_425005700_00285.xml,6,img_01_425005700_00285.jpg,6_siban,5,silk_spot,753.0,1.0,1430.0,965.0,677.0,964.0,candidate,
img_01_425005700_00286,data/raw/GC10-DET/6/img_01_425005700_00286.jpg,data/raw/GC10-DET/lable/img_01_425005700_00286.xml,6,img_01_425005700_00286.jpg,6_siban,5,silk_spot,771.0,44.0,1281.0,848.0,510.0,804.0,candidate,
img_01_425005700_00287,data/raw/GC10-DET/6/img_01_425005700_00287.jpg,data/raw/GC10-DET/lable/img_01_425005700_00287.xml,6,img_01_425005700_00287.jpg,6_siban,5,silk_spot,769.0,16.0,1297.0,941.0,528.0,925.0,candidate,
img_01_425005700_00288,data/raw/GC10-DET/6/img_01_425005700_00288.jpg,data/raw/GC10-DET/lable/img_01_425005700_00288.xml,6,img_01_425005700_00288.jpg,6_siban,5,silk_spot,826.0,1.0,1366.0,777.0,540.0,776.0,candidate,
img_01_425005700_00289,data/raw/GC10-DET/6/img_01_425005700_00289.jpg,data/raw/GC10-DET/lable/img_01_425005700_00289.xml,6,img_01_425005700_00289.jpg,6_siban,5,silk_spot,889.0,1.0,1373.0,895.0,484.0,894.0,candidate,
img_01_425005700_00290,data/raw/GC10-DET/6/img_01_425005700_00290.jpg,data/raw/GC10-DET/lable/img_01_425005700_00290.xml,6,img_01_425005700_00290.jpg,6_siban,5,silk_spot,815.0,55.0,1362.0,840.0,547.0,785.0,candidate,
img_01_425005700_00291,data/raw/GC10-DET/6/img_01_425005700_00291.jpg,data/raw/GC10-DET/lable/img_01_425005700_00291.xml,6,img_01_425005700_00291.jpg,6_siban,5,silk_spot,822.0,6.0,1387.0,953.0,565.0,947.0,candidate,
img_01_425005700_00292,data/raw/GC10-DET/6/img_01_425005700_00292.jpg,data/raw/GC10-DET/lable/img_01_425005700_00292.xml,6,img_01_425005700_00292.jpg,6_siban,5,silk_spot,836.0,1.0,1323.0,951.0,487.0,950.0,candidate,
img_01_425005700_00297,data/raw/GC10-DET/6/img_01_425005700_00297.jpg,data/raw/GC10-DET/lable/img_01_425005700_00297.xml,6,img_01_425005700_00297.jpg,6_siban,5,silk_spot,869.0,78.0,1289.0,773.0,420.0,695.0,candidate,
img_01_425005700_00298,data/raw/GC10-DET/6/img_01_425005700_00298.jpg,data/raw/GC10-DET/lable/img_01_425005700_00298.xml,6,img_01_425005700_00298.jpg,6_siban,5,silk_spot,874.0,71.0,1389.0,891.0,515.0,820.0,candidate,
img_01_425005700_00300,data/raw/GC10-DET/6/img_01_425005700_00300.jpg,data/raw/GC10-DET/lable/img_01_425005700_00300.xml,6,img_01_425005700_00300.jpg,6_siban,5,silk_spot,895.0,52.0,1428.0,878.0,533.0,826.0,candidate,
img_01_425005700_00301,data/raw/GC10-DET/6/img_01_425005700_00301.jpg,data/raw/GC10-DET/lable/img_01_425005700_00301.xml,6,img_01_425005700_00301.jpg,6_siban,5,silk_spot,876.0,105.0,1429.0,890.0,553.0,785.0,candidate,
img_01_425005700_00302,data/raw/GC10-DET/6/img_01_425005700_00302.jpg,data/raw/GC10-DET/lable/img_01_425005700_00302.xml,6,img_01_425005700_00302.jpg,6_siban,5,silk_spot,908.0,183.0,1453.0,940.0,545.0,757.0,candidate,
img_01_425005700_00304,data/raw/GC10-DET/6/img_01_425005700_00304.jpg,data/raw/GC10-DET/lable/img_01_425005700_00304.xml,6,img_01_425005700_00304.jpg,6_siban,5,silk_spot,838.0,99.0,1310.0,634.0,472.0,535.0,candidate,
img_01_425005700_00307,data/raw/GC10-DET/6/img_01_425005700_00307.jpg,data/raw/GC10-DET/lable/img_01_425005700_00307.xml,6,img_01_425005700_00307.jpg,6_siban,5,silk_spot,812.0,1.0,1440.0,740.0,628.0,739.0,candidate,
img_01_425005700_00309,data/raw/GC10-DET/6/img_01_425005700_00309.jpg,data/raw/GC10-DET/lable/img_01_425005700_00309.xml,6,img_01_425005700_00309.jpg,6_siban,5,silk_spot,793.0,1.0,1400.0,802.0,607.0,801.0,candidate,
img_01_425005700_00310,data/raw/GC10-DET/6/img_01_425005700_00310.jpg,data/raw/GC10-DET/lable/img_01_425005700_00310.xml,6,img_01_425005700_00310.jpg,6_siban,5,silk_spot,837.0,1.0,1429.0,854.0,592.0,853.0,candidate,
img_01_425005700_00312,data/raw/GC10-DET/6/img_01_425005700_00312.jpg,data/raw/GC10-DET/lable/img_01_425005700_00312.xml,6,img_01_425005700_00312.jpg,6_siban,5,silk_spot,870.0,1.0,1424.0,831.0,554.0,830.0,candidate,
img_01_425005700_00313,data/raw/GC10-DET/6/img_01_425005700_00313.jpg,data/raw/GC10-DET/lable/img_01_425005700_00313.xml,6,img_01_425005700_00313.jpg,6_siban,5,silk_spot,777.0,63.0,1354.0,878.0,577.0,815.0,candidate,
img_01_425005700_00314,data/raw/GC10-DET/6/img_01_425005700_00314.jpg,data/raw/GC10-DET/lable/img_01_425005700_00314.xml,6,img_01_425005700_00314.jpg,6_siban,5,silk_spot,753.0,48.0,1425.0,875.0,672.0,827.0,candidate,
img_01_425005700_00317,data/raw/GC10-DET/6/img_01_425005700_00317.jpg,data/raw/GC10-DET/lable/img_01_425005700_00317.xml,6,img_01_425005700_00317.jpg,6_siban,5,silk_spot,739.0,47.0,1392.0,914.0,653.0,867.0,candidate,
img_01_425005700_00320,data/raw/GC10-DET/6/img_01_425005700_00320.jpg,data/raw/GC10-DET/lable/img_01_425005700_00320.xml,6,img_01_425005700_00320.jpg,6_siban,5,silk_spot,792.0,52.0,1417.0,809.0,625.0,757.0,candidate,
img_01_425005700_00321,data/raw/GC10-DET/6/img_01_425005700_00321.jpg,data/raw/GC10-DET/lable/img_01_425005700_00321.xml,6,img_01_425005700_00321.jpg,6_siban,5,silk_spot,778.0,1.0,1376.0,936.0,598.0,935.0,candidate,
img_01_425005700_00322,data/raw/GC10-DET/6/img_01_425005700_00322.jpg,data/raw/GC10-DET/lable/img_01_425005700_00322.xml,6,img_01_425005700_00322.jpg,6_siban,5,silk_spot,824.0,1.0,1477.0,856.0,653.0,855.0,candidate,
img_01_425005700_00325,data/raw/GC10-DET/6/img_01_425005700_00325.jpg,data/raw/GC10-DET/lable/img_01_425005700_00325.xml,6,img_01_425005700_00325.jpg,6_siban,5,silk_spot,892.0,89.0,1425.0,858.0,533.0,769.0,candidate,
img_01_425005700_00326,data/raw/GC10-DET/6/img_01_425005700_00326.jpg,data/raw/GC10-DET/lable/img_01_425005700_00326.xml,6,img_01_425005700_00326.jpg,6_siban,5,silk_spot,874.0,94.0,1415.0,907.0,541.0,813.0,candidate,
img_01_425005700_00327,data/raw/GC10-DET/6/img_01_425005700_00327.jpg,data/raw/GC10-DET/lable/img_01_425005700_00327.xml,6,img_01_425005700_00327.jpg,6_siban,5,silk_spot,785.0,66.0,1512.0,921.0,727.0,855.0,candidate,
img_01_425005700_00328,data/raw/GC10-DET/6/img_01_425005700_00328.jpg,data/raw/GC10-DET/lable/img_01_425005700_00328.xml,6,img_01_425005700_00328.jpg,6_siban,5,silk_spot,867.0,52.0,1492.0,939.0,625.0,887.0,candidate,
img_01_425005700_00333,data/raw/GC10-DET/6/img_01_425005700_00333.jpg,data/raw/GC10-DET/lable/img_01_425005700_00333.xml,6,img_01_425005700_00333.jpg,6_siban,5,silk_spot,798.0,1.0,1513.0,937.0,715.0,936.0,candidate,
img_01_425005700_00335,data/raw/GC10-DET/6/img_01_425005700_00335.jpg,data/raw/GC10-DET/lable/img_01_425005700_00335.xml,6,img_01_425005700_00335.jpg,6_siban,5,silk_spot,838.0,34.0,1446.0,873.0,608.0,839.0,candidate,
img_01_425005700_00336,data/raw/GC10-DET/6/img_01_425005700_00336.jpg,data/raw/GC10-DET/lable/img_01_425005700_00336.xml,6,img_01_425005700_00336.jpg,6_siban,5,silk_spot,762.0,1.0,1403.0,810.0,641.0,809.0,candidate,
img_01_425005700_00337,data/raw/GC10-DET/6/img_01_425005700_00337.jpg,data/raw/GC10-DET/lable/img_01_425005700_00337.xml,6,img_01_425005700_00337.jpg,6_siban,5,silk_spot,813.0,76.0,1407.0,927.0,594.0,851.0,candidate,
img_01_425005700_00342,data/raw/GC10-DET/6/img_01_425005700_00342.jpg,data/raw/GC10-DET/lable/img_01_425005700_00342.xml,6,img_01_425005700_00342.jpg,6_siban,5,silk_spot,867.0,65.0,1353.0,709.0,486.0,644.0,candidate,
img_01_425005700_00343,data/raw/GC10-DET/6/img_01_425005700_00343.jpg,data/raw/GC10-DET/lable/img_01_425005700_00343.xml,6,img_01_425005700_00343.jpg,6_siban,5,silk_spot,830.0,55.0,1399.0,866.0,569.0,811.0,candidate,
img_01_425005700_00354,data/raw/GC10-DET/6/img_01_425005700_00354.jpg,data/raw/GC10-DET/lable/img_01_425005700_00354.xml,6,img_01_425005700_00354.jpg,6_siban,5,silk_spot,899.0,127.0,1425.0,821.0,526.0,694.0,candidate,
img_01_425005700_00362,data/raw/GC10-DET/6/img_01_425005700_00362.jpg,data/raw/GC10-DET/lable/img_01_425005700_00362.xml,6,img_01_425005700_00362.jpg,6_siban,5,silk_spot,951.0,50.0,1430.0,811.0,479.0,761.0,candidate,
img_01_425005700_00371,data/raw/GC10-DET/6/img_01_425005700_00371.jpg,data/raw/GC10-DET/lable/img_01_425005700_00371.xml,6,img_01_425005700_00371.jpg,6_siban,5,silk_spot,985.0,60.0,1410.0,730.0,425.0,670.0,candidate,
img_01_425005700_00375,data/raw/GC10-DET/6/img_01_425005700_00375.jpg,data/raw/GC10-DET/lable/img_01_425005700_00375.xml,6,img_01_425005700_00375.jpg,6_siban,5,silk_spot,784.0,76.0,1394.0,727.0,610.0,651.0,candidate,
img_01_425005700_00377,data/raw/GC10-DET/6/img_01_425005700_00377.jpg,data/raw/GC10-DET/lable/img_01_425005700_00377.xml,6,img_01_425005700_00377.jpg,6_siban,5,silk_spot,848.0,60.0,1412.0,762.0,564.0,702.0,candidate,
img_01_425005700_00378,data/raw/GC10-DET/6/img_01_425005700_00378.jpg,data/raw/GC10-DET/lable/img_01_425005700_00378.xml,6,img_01_425005700_00378.jpg,6_siban,5,silk_spot,879.0,55.0,1415.0,676.0,536.0,621.0,candidate,
img_01_425005700_00379,data/raw/GC10-DET/6/img_01_425005700_00379.jpg,data/raw/GC10-DET/lable/img_01_425005700_00379.xml,6,img_01_425005700_00379.jpg,6_siban,5,silk_spot,894.0,37.0,1341.0,476.0,447.0,439.0,candidate,
img_01_425005700_00381,data/raw/GC10-DET/6/img_01_425005700_00381.jpg,data/raw/GC10-DET/lable/img_01_425005700_00381.xml,6,img_01_425005700_00381.jpg,6_siban,5,silk_spot,908.0,80.0,1276.0,952.0,368.0,872.0,candidate,
img_01_425005700_00384,data/raw/GC10-DET/6/img_01_425005700_00384.jpg,data/raw/GC10-DET/lable/img_01_425005700_00384.xml,6,img_01_425005700_00384.jpg,6_siban,5,silk_spot,787.0,55.0,1285.0,888.0,498.0,833.0,candidate,
img_01_425005700_00395,data/raw/GC10-DET/6/img_01_425005700_00395.jpg,data/raw/GC10-DET/lable/img_01_425005700_00395.xml,6,img_01_425005700_00395.jpg,6_siban,5,silk_spot,826.0,73.0,1354.0,894.0,528.0,821.0,candidate,
img_01_425005700_00396,data/raw/GC10-DET/6/img_01_425005700_00396.jpg,data/raw/GC10-DET/lable/img_01_425005700_00396.xml,6,img_01_425005700_00396.jpg,6_siban,5,silk_spot,784.0,1.0,1343.0,918.0,559.0,917.0,candidate,
img_01_425005700_00398,data/raw/GC10-DET/6/img_01_425005700_00398.jpg,data/raw/GC10-DET/lable/img_01_425005700_00398.xml,6,img_01_425005700_00398.jpg,6_siban,5,silk_spot,800.0,16.0,1423.0,927.0,623.0,911.0,candidate,
img_01_425005700_00400,data/raw/GC10-DET/6/img_01_425005700_00400.jpg,data/raw/GC10-DET/lable/img_01_425005700_00400.xml,6,img_01_425005700_00400.jpg,6_siban,5,silk_spot,782.0,25.0,1441.0,927.0,659.0,902.0,candidate,
img_01_425005700_00403,data/raw/GC10-DET/6/img_01_425005700_00403.jpg,data/raw/GC10-DET/lable/img_01_425005700_00403.xml,6,img_01_425005700_00403.jpg,6_siban,5,silk_spot,785.0,32.0,1377.0,909.0,592.0,877.0,candidate,
img_01_425005700_00404,data/raw/GC10-DET/6/img_01_425005700_00404.jpg,data/raw/GC10-DET/lable/img_01_425005700_00404.xml,6,img_01_425005700_00404.jpg,6_siban,5,silk_spot,818.0,47.0,1413.0,996.0,595.0,949.0,candidate,
img_01_425005700_00406,data/raw/GC10-DET/6/img_01_425005700_00406.jpg,data/raw/GC10-DET/lable/img_01_425005700_00406.xml,6,img_01_425005700_00406.jpg,6_siban,5,silk_spot,840.0,30.0,1394.0,783.0,554.0,753.0,candidate,
img_01_425005700_00409,data/raw/GC10-DET/6/img_01_425005700_00409.jpg,data/raw/GC10-DET/lable/img_01_425005700_00409.xml,6,img_01_425005700_00409.jpg,6_siban,5,silk_spot,762.0,1.0,1354.0,788.0,592.0,787.0,candidate,
img_01_425005700_00410,data/raw/GC10-DET/6/img_01_425005700_00410.jpg,data/raw/GC10-DET/lable/img_01_425005700_00410.xml,6,img_01_425005700_00410.jpg,6_siban,5,silk_spot,820.0,19.0,1451.0,747.0,631.0,728.0,candidate,
img_01_425005700_00419,data/raw/GC10-DET/6/img_01_425005700_00419.jpg,data/raw/GC10-DET/lable/img_01_425005700_00419.xml,6,img_01_425005700_00419.jpg,6_siban,5,silk_spot,849.0,83.0,1384.0,917.0,535.0,834.0,candidate,
img_01_425005700_00421,data/raw/GC10-DET/6/img_01_425005700_00421.jpg,data/raw/GC10-DET/lable/img_01_425005700_00421.xml,6,img_01_425005700_00421.jpg,6_siban,5,silk_spot,869.0,68.0,1641.0,865.0,772.0,797.0,candidate,
img_01_425005700_00440,data/raw/GC10-DET/6/img_01_425005700_00440.jpg,data/raw/GC10-DET/lable/img_01_425005700_00440.xml,6,img_01_425005700_00440.jpg,6_siban,5,silk_spot,822.0,55.0,1326.0,789.0,504.0,734.0,candidate,
img_01_425005700_00441,data/raw/GC10-DET/6/img_01_425005700_00441.jpg,data/raw/GC10-DET/lable/img_01_425005700_00441.xml,6,img_01_425005700_00441.jpg,6_siban,5,silk_spot,866.0,93.0,1364.0,858.0,498.0,765.0,candidate,
img_01_425005700_00442,data/raw/GC10-DET/6/img_01_425005700_00442.jpg,data/raw/GC10-DET/lable/img_01_425005700_00442.xml,6,img_01_425005700_00442.jpg,6_siban,5,silk_spot,810.0,116.0,1405.0,819.0,595.0,703.0,candidate,
img_01_425005700_00444,data/raw/GC10-DET/6/img_01_425005700_00444.jpg,data/raw/GC10-DET/lable/img_01_425005700_00444.xml,6,img_01_425005700_00444.jpg,6_siban,5,silk_spot,846.0,65.0,1438.0,834.0,592.0,769.0,candidate,
img_01_425005700_00446,data/raw/GC10-DET/6/img_01_425005700_00446.jpg,data/raw/GC10-DET/lable/img_01_425005700_00446.xml,6,img_01_425005700_00446.jpg,6_siban,5,silk_spot,881.0,66.0,1415.0,891.0,534.0,825.0,candidate,
img_01_425005700_00447,data/raw/GC10-DET/6/img_01_425005700_00447.jpg,data/raw/GC10-DET/lable/img_01_425005700_00447.xml,6,img_01_425005700_00447.jpg,6_siban,5,silk_spot,830.0,84.0,1362.0,907.0,532.0,823.0,candidate,
img_01_425005700_00451,data/raw/GC10-DET/6/img_01_425005700_00451.jpg,data/raw/GC10-DET/lable/img_01_425005700_00451.xml,6,img_01_425005700_00451.jpg,6_siban,5,silk_spot,854.0,76.0,1403.0,763.0,549.0,687.0,candidate,
img_01_425005700_00453,data/raw/GC10-DET/6/img_01_425005700_00453.jpg,data/raw/GC10-DET/lable/img_01_425005700_00453.xml,6,img_01_425005700_00453.jpg,6_siban,5,silk_spot,730.0,94.0,1517.0,898.0,787.0,804.0,candidate,
img_01_425005700_00463,data/raw/GC10-DET/6/img_01_425005700_00463.jpg,data/raw/GC10-DET/lable/img_01_425005700_00463.xml,6,img_01_425005700_00463.jpg,6_siban,5,silk_spot,820.0,27.0,1256.0,848.0,436.0,821.0,candidate,
img_01_425005700_00464,data/raw/GC10-DET/6/img_01_425005700_00464.jpg,data/raw/GC10-DET/lable/img_01_425005700_00464.xml,6,img_01_425005700_00464.jpg,6_siban,5,silk_spot,805.0,66.0,1243.0,919.0,438.0,853.0,candidate,
img_01_425005700_00465,data/raw/GC10-DET/6/img_01_425005700_00465.jpg,data/raw/GC10-DET/lable/img_01_425005700_00465.xml,6,img_01_425005700_00465.jpg,6_siban,5,silk_spot,814.0,41.0,1216.0,855.0,402.0,814.0,candidate,
img_01_425005700_00466,data/raw/GC10-DET/6/img_01_425005700_00466.jpg,data/raw/GC10-DET/lable/img_01_425005700_00466.xml,6,img_01_425005700_00466.jpg,6_siban,5,silk_spot,787.0,34.0,1317.0,780.0,530.0,746.0,candidate,
img_01_425005700_00467,data/raw/GC10-DET/6/img_01_425005700_00467.jpg,data/raw/GC10-DET/lable/img_01_425005700_00467.xml,6,img_01_425005700_00467.jpg,6_siban,5,silk_spot,802.0,75.0,1310.0,965.0,508.0,890.0,candidate,
img_01_425005700_00468,data/raw/GC10-DET/6/img_01_425005700_00468.jpg,data/raw/GC10-DET/lable/img_01_425005700_00468.xml,6,img_01_425005700_00468.jpg,6_siban,5,silk_spot,792.0,9.0,1258.0,950.0,466.0,941.0,candidate,
img_01_425005700_00469,data/raw/GC10-DET/6/img_01_425005700_00469.jpg,data/raw/GC10-DET/lable/img_01_425005700_00469.xml,6,img_01_425005700_00469.jpg,6_siban,5,silk_spot,805.0,216.0,1172.0,978.0,367.0,762.0,candidate,
img_01_425005700_00470,data/raw/GC10-DET/6/img_01_425005700_00470.jpg,data/raw/GC10-DET/lable/img_01_425005700_00470.xml,6,img_01_425005700_00470.jpg,6_siban,5,silk_spot,800.0,42.0,1174.0,727.0,374.0,685.0,candidate,
img_01_425005700_00471,data/raw/GC10-DET/6/img_01_425005700_00471.jpg,data/raw/GC10-DET/lable/img_01_425005700_00471.xml,6,img_01_425005700_00471.jpg,6_siban,5,silk_spot,792.0,14.0,1230.0,698.0,438.0,684.0,candidate,
img_01_425005700_00476,data/raw/GC10-DET/6/img_01_425005700_00476.jpg,data/raw/GC10-DET/lable/img_01_425005700_00476.xml,6,img_01_425005700_00476.jpg,6_siban,5,silk_spot,762.0,306.0,1159.0,924.0,397.0,618.0,candidate,
img_01_425005700_00485,data/raw/GC10-DET/6/img_01_425005700_00485.jpg,data/raw/GC10-DET/lable/img_01_425005700_00485.xml,6,img_01_425005700_00485.jpg,6_siban,5,silk_spot,830.0,16.0,1272.0,783.0,442.0,767.0,candidate,
img_01_425005700_00487,data/raw/GC10-DET/6/img_01_425005700_00487.jpg,data/raw/GC10-DET/lable/img_01_425005700_00487.xml,6,img_01_425005700_00487.jpg,6_siban,5,silk_spot,815.0,53.0,1308.0,921.0,493.0,868.0,candidate,
img_01_425005700_00490,data/raw/GC10-DET/6/img_01_425005700_00490.jpg,data/raw/GC10-DET/lable/img_01_425005700_00490.xml,6,img_01_425005700_00490.jpg,6_siban,5,silk_spot,777.0,1.0,1195.0,822.0,418.0,821.0,candidate,
img_01_425005700_00497,data/raw/GC10-DET/6/img_01_425005700_00497.jpg,data/raw/GC10-DET/lable/img_01_425005700_00497.xml,6,img_01_425005700_00497.jpg,6_siban,5,silk_spot,818.0,19.0,1248.0,891.0,430.0,872.0,candidate,
img_01_425005700_00500,data/raw/GC10-DET/6/img_01_425005700_00500.jpg,data/raw/GC10-DET/lable/img_01_425005700_00500.xml,6,img_01_425005700_00500.jpg,6_siban,5,silk_spot,807.0,229.0,1108.0,773.0,301.0,544.0,candidate,
img_01_425005700_00501,data/raw/GC10-DET/6/img_01_425005700_00501.jpg,data/raw/GC10-DET/lable/img_01_425005700_00501.xml,6,img_01_425005700_00501.jpg,6_siban,5,silk_spot,851.0,42.0,1252.0,1000.0,401.0,958.0,candidate,
img_01_425005700_00503,data/raw/GC10-DET/6/img_01_425005700_00503.jpg,data/raw/GC10-DET/lable/img_01_425005700_00503.xml,6,img_01_425005700_00503.jpg,6_siban,5,silk_spot,826.0,29.0,1256.0,845.0,430.0,816.0,candidate,
img_01_425005700_00506,data/raw/GC10-DET/6/img_01_425005700_00506.jpg,data/raw/GC10-DET/lable/img_01_425005700_00506.xml,6,img_01_425005700_00506.jpg,6_siban,5,silk_spot,871.0,50.0,1277.0,852.0,406.0,802.0,candidate,
img_01_425005700_00555,data/raw/GC10-DET/6/img_01_425005700_00555.jpg,data/raw/GC10-DET/lable/img_01_425005700_00555.xml,6,img_01_425005700_00555.jpg,6_siban,5,silk_spot,846.0,98.0,1217.0,939.0,371.0,841.0,candidate,
img_01_425005700_00565,data/raw/GC10-DET/6/img_01_425005700_00565.jpg,data/raw/GC10-DET/lable/img_01_425005700_00565.xml,6,img_01_425005700_00565.jpg,6_siban,5,silk_spot,890.0,50.0,1341.0,781.0,451.0,731.0,candidate,
img_01_425006100_00947,data/raw/GC10-DET/3/img_01_425006100_00947.jpg,data/raw/GC10-DET/lable/img_01_425006100_00947.xml,3,img_01_425006100_00947.jpg,3_yueyawan,2,crescent_gap,497.0,606.0,704.0,1000.0,207.0,394.0,candidate,
img_01_425006200_00175,data/raw/GC10-DET/4/img_01_425006200_00175.jpg,data/raw/GC10-DET/lable/img_01_425006200_00175.xml,4,img_01_425006200_00175.jpg,4_shuiban,3,water_spot,1299.0,305.0,1699.0,662.0,400.0,357.0,candidate,
img_01_425006200_00373,data/raw/GC10-DET/4/img_01_425006200_00373.jpg,data/raw/GC10-DET/lable/img_01_425006200_00373.xml,4,img_01_425006200_00373.jpg,4_shuiban,3,water_spot,1270.0,771.0,1579.0,1000.0,309.0,229.0,candidate,
img_01_425006200_00448,data/raw/GC10-DET/4/img_01_425006200_00448.jpg,data/raw/GC10-DET/lable/img_01_425006200_00448.xml,4,img_01_425006200_00448.jpg,4_shuiban,3,water_spot,1346.0,434.0,1562.0,683.0,216.0,249.0,candidate,
img_01_425006200_00448,data/raw/GC10-DET/4/img_01_425006200_00448.jpg,data/raw/GC10-DET/lable/img_01_425006200_00448.xml,4,img_01_425006200_00448.jpg,4_shuiban,3,water_spot,1340.0,427.0,1540.0,693.0,200.0,266.0,candidate,
img_01_425006200_00530,data/raw/GC10-DET/4/img_01_425006200_00530.jpg,data/raw/GC10-DET/lable/img_01_425006200_00530.xml,4,img_01_425006200_00530.jpg,4_shuiban,3,water_spot,1213.0,598.0,1518.0,950.0,305.0,352.0,candidate,
img_01_425006200_00929,data/raw/GC10-DET/4/img_01_425006200_00929.jpg,data/raw/GC10-DET/lable/img_01_425006200_00929.xml,4,img_01_425006200_00929.jpg,4_shuiban,3,water_spot,1189.0,434.0,1548.0,893.0,359.0,459.0,candidate,
img_01_425006200_01173,data/raw/GC10-DET/3/img_01_425006200_01173.jpg,data/raw/GC10-DET/lable/img_01_425006200_01173.xml,3,img_01_425006200_01173.jpg,3_yueyawan,2,crescent_gap,475.0,219.0,783.0,822.0,308.0,603.0,candidate,
img_01_425006400_00001,data/raw/GC10-DET/3/img_01_425006400_00001.jpg,data/raw/GC10-DET/lable/img_01_425006400_00001.xml,3,img_01_425006400_00001.jpg,3_yueyawan,2,crescent_gap,562.0,704.0,824.0,1000.0,262.0,296.0,candidate,
img_01_425006600_00001,data/raw/GC10-DET/3/img_01_425006600_00001.jpg,data/raw/GC10-DET/lable/img_01_425006600_00001.xml,3,img_01_425006600_00001.jpg,3_yueyawan,2,crescent_gap,612.0,732.0,820.0,1000.0,208.0,268.0,candidate,
img_01_425006600_00376,data/raw/GC10-DET/4/img_01_425006600_00376.jpg,data/raw/GC10-DET/lable/img_01_425006600_00376.xml,4,img_01_425006600_00376.jpg,4_shuiban,3,water_spot,1053.0,498.0,1452.0,1000.0,399.0,502.0,candidate,
img_01_425006600_00498,data/raw/GC10-DET/4/img_01_425006600_00498.jpg,data/raw/GC10-DET/lable/img_01_425006600_00498.xml,4,img_01_425006600_00498.jpg,4_shuiban,3,water_spot,1163.0,1.0,1553.0,337.0,390.0,336.0,candidate,
img_01_425006600_00499,data/raw/GC10-DET/4/img_01_425006600_00499.jpg,data/raw/GC10-DET/lable/img_01_425006600_00499.xml,4,img_01_425006600_00499.jpg,4_shuiban,3,water_spot,1097.0,857.0,1249.0,1000.0,152.0,143.0,candidate,
img_01_425006600_00599,data/raw/GC10-DET/4/img_01_425006600_00599.jpg,data/raw/GC10-DET/lable/img_01_425006600_00599.xml,4,img_01_425006600_00599.jpg,4_shuiban,3,water_spot,1181.0,1.0,1613.0,376.0,432.0,375.0,candidate,
img_01_425006600_00905,data/raw/GC10-DET/4/img_01_425006600_00905.jpg,data/raw/GC10-DET/lable/img_01_425006600_00905.xml,4,img_01_425006600_00905.jpg,4_shuiban,3,water_spot,1328.0,253.0,1666.0,630.0,338.0,377.0,candidate,
img_01_425006800_00261,data/raw/GC10-DET/4/img_01_425006800_00261.jpg,data/raw/GC10-DET/lable/img_01_425006800_00261.xml,4,img_01_425006800_00261.jpg,4_shuiban,3,water_spot,1177.0,11.0,1564.0,371.0,387.0,360.0,candidate,
img_01_425006800_00262,data/raw/GC10-DET/4/img_01_425006800_00262.jpg,data/raw/GC10-DET/lable/img_01_425006800_00262.xml,4,img_01_425006800_00262.jpg,4_shuiban,3,water_spot,1110.0,834.0,1282.0,1000.0,172.0,166.0,candidate,
img_01_425007500_00001,data/raw/GC10-DET/3/img_01_425007500_00001.jpg,data/raw/GC10-DET/lable/img_01_425007500_00001.xml,3,img_01_425007500_00001.jpg,3_yueyawan,2,crescent_gap,703.0,644.0,939.0,1000.0,236.0,356.0,candidate,
img_01_425007500_00003,data/raw/GC10-DET/4/img_01_425007500_00003.jpg,data/raw/GC10-DET/lable/img_01_425007500_00003.xml,4,img_01_425007500_00003.jpg,4_shuiban,3,water_spot,1817.0,273.0,1941.0,433.0,124.0,160.0,candidate,
img_01_425007500_01234,data/raw/GC10-DET/4/img_01_425007500_01234.jpg,data/raw/GC10-DET/lable/img_01_425007500_01234.xml,4,img_01_425007500_01234.jpg,4_shuiban,3,water_spot,999.0,752.0,1284.0,1000.0,285.0,248.0,candidate,
img_01_425007500_01452,data/raw/GC10-DET/3/img_01_425007500_01452.jpg,data/raw/GC10-DET/lable/img_01_425007500_01452.xml,3,img_01_425007500_01452.jpg,3_yueyawan,2,crescent_gap,678.0,1.0,892.0,209.0,214.0,208.0,candidate,
img_01_425007500_01453,data/raw/GC10-DET/3/img_01_425007500_01453.jpg,data/raw/GC10-DET/lable/img_01_425007500_01453.xml,3,img_01_425007500_01453.jpg,3_yueyawan,2,crescent_gap,735.0,665.0,970.0,1000.0,235.0,335.0,candidate,
img_01_425007500_01453,data/raw/GC10-DET/3/img_01_425007500_01453.jpg,data/raw/GC10-DET/lable/img_01_425007500_01453.xml,3,img_01_425007500_01453.jpg,2_hanfeng,1,welding_line,1058.0,927.0,2048.0,990.0,990.0,63.0,candidate,
img_01_425007600_00126,data/raw/GC10-DET/4/img_01_425007600_00126.jpg,data/raw/GC10-DET/lable/img_01_425007600_00126.xml,4,img_01_425007600_00126.jpg,4_shuiban,3,water_spot,1226.0,826.0,1485.0,996.0,259.0,170.0,candidate,
img_01_425007600_00286,data/raw/GC10-DET/4/img_01_425007600_00286.jpg,data/raw/GC10-DET/lable/img_01_425007600_00286.xml,4,img_01_425007600_00286.jpg,4_shuiban,3,water_spot,1231.0,66.0,1613.0,455.0,382.0,389.0,candidate,
img_01_425007600_00459,data/raw/GC10-DET/4/img_01_425007600_00459.jpg,data/raw/GC10-DET/lable/img_01_425007600_00459.xml,4,img_01_425007600_00459.jpg,4_shuiban,3,water_spot,1343.0,3.0,1558.0,168.0,215.0,165.0,candidate,
img_01_425007600_00459,data/raw/GC10-DET/4/img_01_425007600_00459.jpg,data/raw/GC10-DET/lable/img_01_425007600_00459.xml,4,img_01_425007600_00459.jpg,4_shuiban,3,water_spot,1651.0,73.0,1891.0,495.0,240.0,422.0,candidate,
img_01_425007600_00532,data/raw/GC10-DET/4/img_01_425007600_00532.jpg,data/raw/GC10-DET/lable/img_01_425007600_00532.xml,4,img_01_425007600_00532.jpg,4_shuiban,3,water_spot,1125.0,591.0,1591.0,1000.0,466.0,409.0,candidate,
img_01_425007600_00532,data/raw/GC10-DET/4/img_01_425007600_00532.jpg,data/raw/GC10-DET/lable/img_01_425007600_00532.xml,4,img_01_425007600_00532.jpg,6_siban,5,silk_spot,1238.0,67.0,1613.0,640.0,375.0,573.0,candidate,
img_01_425007600_00599,data/raw/GC10-DET/4/img_01_425007600_00599.jpg,data/raw/GC10-DET/lable/img_01_425007600_00599.xml,4,img_01_425007600_00599.jpg,4_shuiban,3,water_spot,1277.0,42.0,1653.0,376.0,376.0,334.0,candidate,
img_01_425007600_00599,data/raw/GC10-DET/4/img_01_425007600_00599.jpg,data/raw/GC10-DET/lable/img_01_425007600_00599.xml,4,img_01_425007600_00599.jpg,6_siban,5,silk_spot,1334.0,405.0,1827.0,957.0,493.0,552.0,candidate,
img_01_425007600_00673,data/raw/GC10-DET/4/img_01_425007600_00673.jpg,data/raw/GC10-DET/lable/img_01_425007600_00673.xml,4,img_01_425007600_00673.jpg,4_shuiban,3,water_spot,1290.0,1.0,1618.0,293.0,328.0,292.0,candidate,
img_01_425007600_00673,data/raw/GC10-DET/4/img_01_425007600_00673.jpg,data/raw/GC10-DET/lable/img_01_425007600_00673.xml,4,img_01_425007600_00673.jpg,6_siban,5,silk_spot,1307.0,362.0,1843.0,952.0,536.0,590.0,candidate,
img_01_425007600_00674,data/raw/GC10-DET/4/img_01_425007600_00674.jpg,data/raw/GC10-DET/lable/img_01_425007600_00674.xml,4,img_01_425007600_00674.jpg,4_shuiban,3,water_spot,1243.0,858.0,1455.0,1000.0,212.0,142.0,candidate,
img_01_425007600_00674,data/raw/GC10-DET/4/img_01_425007600_00674.jpg,data/raw/GC10-DET/lable/img_01_425007600_00674.xml,4,img_01_425007600_00674.jpg,6_siban,5,silk_spot,1189.0,55.0,1859.0,795.0,670.0,740.0,candidate,
img_01_425007600_00854,data/raw/GC10-DET/4/img_01_425007600_00854.jpg,data/raw/GC10-DET/lable/img_01_425007600_00854.xml,4,img_01_425007600_00854.jpg,4_shuiban,3,water_spot,1208.0,117.0,1600.0,552.0,392.0,435.0,candidate,
img_01_425007600_01072,data/raw/GC10-DET/3/img_01_425007600_01072.jpg,data/raw/GC10-DET/lable/img_01_425007600_01072.xml,3,img_01_425007600_01072.jpg,2_hanfeng,1,welding_line,897.0,176.0,2048.0,234.0,1151.0,58.0,candidate,
img_01_425007600_01072,data/raw/GC10-DET/3/img_01_425007600_01072.jpg,data/raw/GC10-DET/lable/img_01_425007600_01072.xml,3,img_01_425007600_01072.jpg,3_yueyawan,2,crescent_gap,695.0,1.0,977.0,447.0,282.0,446.0,candidate,
img_01_425008000_00002,data/raw/GC10-DET/4/img_01_425008000_00002.jpg,data/raw/GC10-DET/lable/img_01_425008000_00002.xml,4,img_01_425008000_00002.jpg,4_shuiban,3,water_spot,1177.0,583.0,1574.0,1000.0,397.0,417.0,candidate,
img_01_425008000_00037,data/raw/GC10-DET/4/img_01_425008000_00037.jpg,data/raw/GC10-DET/lable/img_01_425008000_00037.xml,4,img_01_425008000_00037.jpg,4_shuiban,3,water_spot,1231.0,3.0,1558.0,317.0,327.0,314.0,candidate,
img_01_425008000_00037,data/raw/GC10-DET/4/img_01_425008000_00037.jpg,data/raw/GC10-DET/lable/img_01_425008000_00037.xml,4,img_01_425008000_00037.jpg,6_siban,5,silk_spot,1308.0,387.0,1623.0,978.0,315.0,591.0,candidate,
img_01_425008000_00071,data/raw/GC10-DET/4/img_01_425008000_00071.jpg,data/raw/GC10-DET/lable/img_01_425008000_00071.xml,4,img_01_425008000_00071.jpg,4_shuiban,3,water_spot,1272.0,1.0,1610.0,214.0,338.0,213.0,candidate,
img_01_425008000_00071,data/raw/GC10-DET/4/img_01_425008000_00071.jpg,data/raw/GC10-DET/lable/img_01_425008000_00071.xml,4,img_01_425008000_00071.jpg,6_siban,5,silk_spot,1329.0,290.0,1648.0,959.0,319.0,669.0,candidate,
img_01_425008000_00104,data/raw/GC10-DET/4/img_01_425008000_00104.jpg,data/raw/GC10-DET/lable/img_01_425008000_00104.xml,4,img_01_425008000_00104.jpg,4_shuiban,3,water_spot,1158.0,389.0,1531.0,880.0,373.0,491.0,candidate,
img_01_425008000_00140,data/raw/GC10-DET/4/img_01_425008000_00140.jpg,data/raw/GC10-DET/lable/img_01_425008000_00140.xml,4,img_01_425008000_00140.jpg,4_shuiban,3,water_spot,1228.0,1.0,1605.0,262.0,377.0,261.0,candidate,
img_01_425008000_00175,data/raw/GC10-DET/4/img_01_425008000_00175.jpg,data/raw/GC10-DET/lable/img_01_425008000_00175.xml,4,img_01_425008000_00175.jpg,4_shuiban,3,water_spot,1051.0,248.0,1633.0,753.0,582.0,505.0,candidate,
img_01_425008000_00211,data/raw/GC10-DET/4/img_01_425008000_00211.jpg,data/raw/GC10-DET/lable/img_01_425008000_00211.xml,4,img_01_425008000_00211.jpg,4_shuiban,3,water_spot,1302.0,178.0,1607.0,539.0,305.0,361.0,candidate,
img_01_425008000_00252,data/raw/GC10-DET/4/img_01_425008000_00252.jpg,data/raw/GC10-DET/lable/img_01_425008000_00252.xml,4,img_01_425008000_00252.jpg,4_shuiban,3,water_spot,1143.0,181.0,1666.0,621.0,523.0,440.0,candidate,
img_01_425008000_00281,data/raw/GC10-DET/4/img_01_425008000_00281.jpg,data/raw/GC10-DET/lable/img_01_425008000_00281.xml,4,img_01_425008000_00281.jpg,4_shuiban,3,water_spot,1236.0,1.0,1630.0,273.0,394.0,272.0,candidate,
img_01_425008000_00572,data/raw/GC10-DET/4/img_01_425008000_00572.jpg,data/raw/GC10-DET/lable/img_01_425008000_00572.xml,4,img_01_425008000_00572.jpg,4_shuiban,3,water_spot,1194.0,4.0,1546.0,332.0,352.0,328.0,candidate,
img_01_425008500_00104,data/raw/GC10-DET/4/img_01_425008500_00104.jpg,data/raw/GC10-DET/lable/img_01_425008500_00104.xml,4,img_01_425008500_00104.jpg,4_shuiban,3,water_spot,1212.0,245.0,1622.0,699.0,410.0,454.0,candidate,
img_01_425008500_00183,data/raw/GC10-DET/4/img_01_425008500_00183.jpg,data/raw/GC10-DET/lable/img_01_425008500_00183.xml,4,img_01_425008500_00183.jpg,4_shuiban,3,water_spot,1162.0,47.0,1620.0,542.0,458.0,495.0,candidate,
img_01_425008500_00260,data/raw/GC10-DET/4/img_01_425008500_00260.jpg,data/raw/GC10-DET/lable/img_01_425008500_00260.xml,4,img_01_425008500_00260.jpg,4_shuiban,3,water_spot,1205.0,265.0,1602.0,742.0,397.0,477.0,candidate,
img_01_425008500_00338,data/raw/GC10-DET/4/img_01_425008500_00338.jpg,data/raw/GC10-DET/lable/img_01_425008500_00338.xml,4,img_01_425008500_00338.jpg,4_shuiban,3,water_spot,1372.0,6.0,1640.0,125.0,268.0,119.0,candidate,
img_01_425008500_00338,data/raw/GC10-DET/4/img_01_425008500_00338.jpg,data/raw/GC10-DET/lable/img_01_425008500_00338.xml,4,img_01_425008500_00338.jpg,6_siban,5,silk_spot,1170.0,192.0,1638.0,938.0,468.0,746.0,candidate,
img_01_425008500_00339,data/raw/GC10-DET/4/img_01_425008500_00339.jpg,data/raw/GC10-DET/lable/img_01_425008500_00339.xml,4,img_01_425008500_00339.jpg,4_shuiban,3,water_spot,1143.0,586.0,1526.0,1000.0,383.0,414.0,candidate,
img_01_425008500_00410,data/raw/GC10-DET/4/img_01_425008500_00410.jpg,data/raw/GC10-DET/lable/img_01_425008500_00410.xml,4,img_01_425008500_00410.jpg,4_shuiban,3,water_spot,1190.0,422.0,1638.0,865.0,448.0,443.0,candidate,
img_01_425008500_00476,data/raw/GC10-DET/4/img_01_425008500_00476.jpg,data/raw/GC10-DET/lable/img_01_425008500_00476.xml,4,img_01_425008500_00476.jpg,4_shuiban,3,water_spot,1249.0,498.0,1577.0,789.0,328.0,291.0,candidate,
img_01_425008500_00532,data/raw/GC10-DET/4/img_01_425008500_00532.jpg,data/raw/GC10-DET/lable/img_01_425008500_00532.xml,4,img_01_425008500_00532.jpg,4_shuiban,3,water_spot,1123.0,611.0,1551.0,996.0,428.0,385.0,candidate,
img_01_425008500_00584,data/raw/GC10-DET/4/img_01_425008500_00584.jpg,data/raw/GC10-DET/lable/img_01_425008500_00584.xml,4,img_01_425008500_00584.jpg,4_shuiban,3,water_spot,1279.0,1.0,1546.0,177.0,267.0,176.0,candidate,
img_01_425008500_00585,data/raw/GC10-DET/4/img_01_425008500_00585.jpg,data/raw/GC10-DET/lable/img_01_425008500_00585.xml,4,img_01_425008500_00585.jpg,4_shuiban,3,water_spot,1238.0,822.0,1481.0,1000.0,243.0,178.0,candidate,
img_01_425008500_00585,data/raw/GC10-DET/4/img_01_425008500_00585.jpg,data/raw/GC10-DET/lable/img_01_425008500_00585.xml,4,img_01_425008500_00585.jpg,6_siban,5,silk_spot,1184.0,124.0,1670.0,771.0,486.0,647.0,candidate,
img_01_425008500_00636,data/raw/GC10-DET/4/img_01_425008500_00636.jpg,data/raw/GC10-DET/lable/img_01_425008500_00636.xml,4,img_01_425008500_00636.jpg,4_shuiban,3,water_spot,1113.0,588.0,1574.0,998.0,461.0,410.0,candidate,
img_01_425008500_00677,data/raw/GC10-DET/4/img_01_425008500_00677.jpg,data/raw/GC10-DET/lable/img_01_425008500_00677.xml,4,img_01_425008500_00677.jpg,4_shuiban,3,water_spot,1192.0,22.0,1562.0,466.0,370.0,444.0,candidate,
img_01_425008500_00704,data/raw/GC10-DET/4/img_01_425008500_00704.jpg,data/raw/GC10-DET/lable/img_01_425008500_00704.xml,4,img_01_425008500_00704.jpg,4_shuiban,3,water_spot,954.0,188.0,1464.0,752.0,510.0,564.0,candidate,
img_01_425008500_00793,data/raw/GC10-DET/4/img_01_425008500_00793.jpg,data/raw/GC10-DET/lable/img_01_425008500_00793.xml,4,img_01_425008500_00793.jpg,4_shuiban,3,water_spot,1266.0,1.0,1522.0,152.0,256.0,151.0,candidate,
img_01_425008500_00794,data/raw/GC10-DET/4/img_01_425008500_00794.jpg,data/raw/GC10-DET/lable/img_01_425008500_00794.xml,4,img_01_425008500_00794.jpg,4_shuiban,3,water_spot,1089.0,624.0,1523.0,1000.0,434.0,376.0,candidate,
img_01_425008500_00819,data/raw/GC10-DET/4/img_01_425008500_00819.jpg,data/raw/GC10-DET/lable/img_01_425008500_00819.xml,4,img_01_425008500_00819.jpg,4_shuiban,3,water_spot,1143.0,411.0,1584.0,822.0,441.0,411.0,candidate,
img_01_425008500_00846,data/raw/GC10-DET/4/img_01_425008500_00846.jpg,data/raw/GC10-DET/lable/img_01_425008500_00846.xml,4,img_01_425008500_00846.jpg,4_shuiban,3,water_spot,1192.0,1.0,1564.0,385.0,372.0,384.0,candidate,
img_01_425008500_00874,data/raw/GC10-DET/3/img_01_425008500_00874.jpg,data/raw/GC10-DET/lable/img_01_425008500_00874.xml,3,img_01_425008500_00874.jpg,3_yueyawan,2,crescent_gap,720.0,342.0,1026.0,922.0,306.0,580.0,candidate,
img_01_425008500_00874,data/raw/GC10-DET/3/img_01_425008500_00874.jpg,data/raw/GC10-DET/lable/img_01_425008500_00874.xml,3,img_01_425008500_00874.jpg,2_hanfeng,1,welding_line,1061.0,621.0,2048.0,698.0,987.0,77.0,candidate,
img_01_425241400_00039,data/raw/GC10-DET/4/img_01_425241400_00039.jpg,data/raw/GC10-DET/lable/img_01_425241400_00039.xml,4,img_01_425241400_00039.jpg,4_shuiban,3,water_spot,1018.0,701.0,1414.0,1000.0,396.0,299.0,candidate,
img_01_425241400_00053,data/raw/GC10-DET/4/img_01_425241400_00053.jpg,data/raw/GC10-DET/lable/img_01_425241400_00053.xml,4,img_01_425241400_00053.jpg,4_shuiban,3,water_spot,1117.0,384.0,1400.0,670.0,283.0,286.0,candidate,
img_01_425241500_00995,data/raw/GC10-DET/4/img_01_425241500_00995.jpg,data/raw/GC10-DET/lable/img_01_425241500_00995.xml,4,img_01_425241500_00995.jpg,4_shuiban,3,water_spot,936.0,471.0,1428.0,1000.0,492.0,529.0,candidate,
img_01_425241500_00995,data/raw/GC10-DET/4/img_01_425241500_00995.jpg,data/raw/GC10-DET/lable/img_01_425241500_00995.xml,4,img_01_425241500_00995.jpg,6_siban,5,silk_spot,1119.0,33.0,1802.0,630.0,683.0,597.0,candidate,
img_01_425241500_01125,data/raw/GC10-DET/4/img_01_425241500_01125.jpg,data/raw/GC10-DET/lable/img_01_425241500_01125.xml,4,img_01_425241500_01125.jpg,4_shuiban,3,water_spot,1118.0,211.0,1535.0,644.0,417.0,433.0,candidate,
img_01_425241500_01136,data/raw/GC10-DET/4/img_01_425241500_01136.jpg,data/raw/GC10-DET/lable/img_01_425241500_01136.xml,4,img_01_425241500_01136.jpg,4_shuiban,3,water_spot,941.0,52.0,1402.0,627.0,461.0,575.0,candidate,
img_01_425241600_00041,data/raw/GC10-DET/4/img_01_425241600_00041.jpg,data/raw/GC10-DET/lable/img_01_425241600_00041.xml,4,img_01_425241600_00041.jpg,4_shuiban,3,water_spot,1020.0,222.0,1417.0,525.0,397.0,303.0,candidate,
img_01_425241600_00283,data/raw/GC10-DET/4/img_01_425241600_00283.jpg,data/raw/GC10-DET/lable/img_01_425241600_00283.xml,4,img_01_425241600_00283.jpg,4_shuiban,3,water_spot,984.0,422.0,1564.0,1000.0,580.0,578.0,candidate,
img_01_425241600_00649,data/raw/GC10-DET/4/img_01_425241600_00649.jpg,data/raw/GC10-DET/lable/img_01_425241600_00649.xml,4,img_01_425241600_00649.jpg,4_shuiban,3,water_spot,1120.0,676.0,1366.0,945.0,246.0,269.0,candidate,
img_01_425241600_00649,data/raw/GC10-DET/4/img_01_425241600_00649.jpg,data/raw/GC10-DET/lable/img_01_425241600_00649.xml,4,img_01_425241600_00649.jpg,6_siban,5,silk_spot,1208.0,51.0,1651.0,614.0,443.0,563.0,candidate,
img_01_425241700_00384,data/raw/GC10-DET/4/img_01_425241700_00384.jpg,data/raw/GC10-DET/lable/img_01_425241700_00384.xml,4,img_01_425241700_00384.jpg,4_shuiban,3,water_spot,928.0,657.0,1319.0,1000.0,391.0,343.0,candidate,
img_01_425241700_00432,data/raw/GC10-DET/4/img_01_425241700_00432.jpg,data/raw/GC10-DET/lable/img_01_425241700_00432.xml,4,img_01_425241700_00432.jpg,4_shuiban,3,water_spot,1058.0,275.0,1395.0,627.0,337.0,352.0,candidate,
img_01_425243200_00439,data/raw/GC10-DET/6/img_01_425243200_00439.jpg,data/raw/GC10-DET/lable/img_01_425243200_00439.xml,6,img_01_425243200_00439.jpg,6_siban,5,silk_spot,1247.0,16.0,1980.0,928.0,733.0,912.0,candidate,
img_01_425243300_00221,data/raw/GC10-DET/6/img_01_425243300_00221.jpg,data/raw/GC10-DET/lable/img_01_425243300_00221.xml,6,img_01_425243300_00221.jpg,6_siban,5,silk_spot,1231.0,91.0,1790.0,942.0,559.0,851.0,candidate,
img_01_425243300_00234,data/raw/GC10-DET/6/img_01_425243300_00234.jpg,data/raw/GC10-DET/lable/img_01_425243300_00234.xml,6,img_01_425243300_00234.jpg,6_siban,5,silk_spot,1285.0,60.0,1810.0,934.0,525.0,874.0,candidate,
img_01_425243300_00296,data/raw/GC10-DET/6/img_01_425243300_00296.jpg,data/raw/GC10-DET/lable/img_01_425243300_00296.xml,6,img_01_425243300_00296.jpg,6_siban,5,silk_spot,1318.0,1.0,1888.0,980.0,570.0,979.0,candidate,
img_01_425243300_00467,data/raw/GC10-DET/6/img_01_425243300_00467.jpg,data/raw/GC10-DET/lable/img_01_425243300_00467.xml,6,img_01_425243300_00467.jpg,6_siban,5,silk_spot,1248.0,162.0,1787.0,930.0,539.0,768.0,candidate,
img_01_425243300_00542,data/raw/GC10-DET/6/img_01_425243300_00542.jpg,data/raw/GC10-DET/lable/img_01_425243300_00542.xml,6,img_01_425243300_00542.jpg,6_siban,5,silk_spot,1248.0,181.0,1682.0,955.0,434.0,774.0,candidate,
img_01_425243600_00329,data/raw/GC10-DET/4/img_01_425243600_00329.jpg,data/raw/GC10-DET/lable/img_01_425243600_00329.xml,4,img_01_425243600_00329.jpg,4_shuiban,3,water_spot,933.0,186.0,1425.0,729.0,492.0,543.0,candidate,
img_01_425243600_00329,data/raw/GC10-DET/4/img_01_425243600_00329.jpg,data/raw/GC10-DET/lable/img_01_425243600_00329.xml,4,img_01_425243600_00329.jpg,6_siban,5,silk_spot,1419.0,119.0,1891.0,927.0,472.0,808.0,candidate,
img_01_425243600_00631,data/raw/GC10-DET/4/img_01_425243600_00631.jpg,data/raw/GC10-DET/lable/img_01_425243600_00631.xml,4,img_01_425243600_00631.jpg,4_shuiban,3,water_spot,1054.0,3.0,1456.0,465.0,402.0,462.0,candidate,
img_01_425243600_00631,data/raw/GC10-DET/4/img_01_425243600_00631.jpg,data/raw/GC10-DET/lable/img_01_425243600_00631.xml,4,img_01_425243600_00631.jpg,6_siban,5,silk_spot,1483.0,84.0,1957.0,941.0,474.0,857.0,candidate,
img_01_425243600_00848,data/raw/GC10-DET/4/img_01_425243600_00848.jpg,data/raw/GC10-DET/lable/img_01_425243600_00848.xml,4,img_01_425243600_00848.jpg,4_shuiban,3,water_spot,918.0,3.0,1371.0,463.0,453.0,460.0,candidate,
img_01_425243600_00848,data/raw/GC10-DET/4/img_01_425243600_00848.jpg,data/raw/GC10-DET/lable/img_01_425243600_00848.xml,4,img_01_425243600_00848.jpg,6_siban,5,silk_spot,1370.0,90.0,1954.0,962.0,584.0,872.0,candidate,
img_01_425243600_01071,data/raw/GC10-DET/4/img_01_425243600_01071.jpg,data/raw/GC10-DET/lable/img_01_425243600_01071.xml,4,img_01_425243600_01071.jpg,4_shuiban,3,water_spot,1202.0,294.0,1497.0,673.0,295.0,379.0,candidate,
img_01_425243600_01071,data/raw/GC10-DET/4/img_01_425243600_01071.jpg,data/raw/GC10-DET/lable/img_01_425243600_01071.xml,4,img_01_425243600_01071.jpg,6_siban,5,silk_spot,1537.0,114.0,2005.0,841.0,468.0,727.0,candidate,
img_01_425244100_00158,data/raw/GC10-DET/4/img_01_425244100_00158.jpg,data/raw/GC10-DET/lable/img_01_425244100_00158.xml,4,img_01_425244100_00158.jpg,4_shuiban,3,water_spot,1195.0,588.0,1436.0,901.0,241.0,313.0,candidate,
img_01_425244100_00682,data/raw/GC10-DET/4/img_01_425244100_00682.jpg,data/raw/GC10-DET/lable/img_01_425244100_00682.xml,4,img_01_425244100_00682.jpg,4_shuiban,3,water_spot,1246.0,378.0,1471.0,611.0,225.0,233.0,candidate,
img_01_425244300_00309,data/raw/GC10-DET/4/img_01_425244300_00309.jpg,data/raw/GC10-DET/lable/img_01_425244300_00309.xml,4,img_01_425244300_00309.jpg,4_shuiban,3,water_spot,1226.0,207.0,1554.0,578.0,328.0,371.0,candidate,
img_01_425244400_00856,data/raw/GC10-DET/4/img_01_425244400_00856.jpg,data/raw/GC10-DET/lable/img_01_425244400_00856.xml,4,img_01_425244400_00856.jpg,4_shuiban,3,water_spot,1166.0,63.0,1485.0,425.0,319.0,362.0,candidate,
img_01_425244400_00900,data/raw/GC10-DET/3/img_01_425244400_00900.jpg,data/raw/GC10-DET/lable/img_01_425244400_00900.xml,3,img_01_425244400_00900.jpg,3_yueyawan,2,crescent_gap,805.0,448.0,1024.0,1000.0,219.0,552.0,candidate,
img_01_425244400_00900,data/raw/GC10-DET/3/img_01_425244400_00900.jpg,data/raw/GC10-DET/lable/img_01_425244400_00900.xml,3,img_01_425244400_00900.jpg,2_hanfeng,1,welding_line,1002.0,732.0,2048.0,811.0,1046.0,79.0,candidate,
img_01_425382400_00001,data/raw/GC10-DET/2/img_01_425382400_00001.jpg,data/raw/GC10-DET/lable/img_01_425382400_00001.xml,2,img_01_425382400_00001.jpg,2_hanfeng,1,welding_line,860.0,881.0,2046.0,941.0,1186.0,60.0,candidate,
img_01_425382400_00001,data/raw/GC10-DET/2/img_01_425382400_00001.jpg,data/raw/GC10-DET/lable/img_01_425382400_00001.xml,2,img_01_425382400_00001.jpg,3_yueyawan,2,crescent_gap,683.0,627.0,896.0,1000.0,213.0,373.0,candidate,
img_01_425382900_00002,data/raw/GC10-DET/9/img_01_425382900_00002.jpg,data/raw/GC10-DET/lable/img_01_425382900_00002.xml,9,img_01_425382900_00002.jpg,9_zhehen,8,crease,984.0,14.0,1940.0,311.0,956.0,297.0,candidate,
img_01_425383400_01036,data/raw/GC10-DET/3/img_01_425383400_01036.jpg,data/raw/GC10-DET/lable/img_01_425383400_01036.xml,3,img_01_425383400_01036.jpg,2_hanfeng,1,welding_line,979.0,389.0,2048.0,471.0,1069.0,82.0,candidate,
img_01_425383400_01036,data/raw/GC10-DET/3/img_01_425383400_01036.jpg,data/raw/GC10-DET/lable/img_01_425383400_01036.xml,3,img_01_425383400_01036.jpg,3_yueyawan,2,crescent_gap,758.0,141.0,1004.0,721.0,246.0,580.0,candidate,
img_01_425391600_00018,data/raw/GC10-DET/2/img_01_425391600_00018.jpg,data/raw/GC10-DET/lable/img_01_425391600_00018.xml,2,img_01_425391600_00018.jpg,2_hanfeng,1,welding_line,831.0,438.0,2037.0,487.0,1206.0,49.0,candidate,
img_01_425391600_00018,data/raw/GC10-DET/2/img_01_425391600_00018.jpg,data/raw/GC10-DET/lable/img_01_425391600_00018.xml,2,img_01_425391600_00018.jpg,3_yueyawan,2,crescent_gap,659.0,224.0,848.0,732.0,189.0,508.0,candidate,
img_01_425391700_00025,data/raw/GC10-DET/7/img_01_425391700_00025.jpg,data/raw/GC10-DET/lable/img_01_425391700_00025.xml,7,img_01_425391700_00025.jpg,7_yiwu,6,inclusion,1478.0,3.0,1526.0,36.0,48.0,33.0,candidate,
img_01_425391800_00018,data/raw/GC10-DET/2/img_01_425391800_00018.jpg,data/raw/GC10-DET/lable/img_01_425391800_00018.xml,2,img_01_425391800_00018.jpg,2_hanfeng,1,welding_line,977.0,271.0,2032.0,352.0,1055.0,81.0,candidate,
img_01_425391800_00018,data/raw/GC10-DET/2/img_01_425391800_00018.jpg,data/raw/GC10-DET/lable/img_01_425391800_00018.xml,2,img_01_425391800_00018.jpg,3_yueyawan,2,crescent_gap,648.0,51.0,992.0,671.0,344.0,620.0,candidate,
img_01_425392100_00017,data/raw/GC10-DET/2/img_01_425392100_00017.jpg,data/raw/GC10-DET/lable/img_01_425392100_00017.xml,2,img_01_425392100_00017.jpg,2_hanfeng,1,welding_line,1027.0,25.0,2048.0,62.0,1021.0,37.0,candidate,
img_01_425392100_00017,data/raw/GC10-DET/2/img_01_425392100_00017.jpg,data/raw/GC10-DET/lable/img_01_425392100_00017.xml,2,img_01_425392100_00017.jpg,5_youban,4,oil_spot,1113.0,268.0,1398.0,544.0,285.0,276.0,candidate,
img_01_425392100_00017,data/raw/GC10-DET/2/img_01_425392100_00017.jpg,data/raw/GC10-DET/lable/img_01_425392100_00017.xml,2,img_01_425392100_00017.jpg,3_yueyawan,2,crescent_gap,861.0,3.0,1061.0,282.0,200.0,279.0,candidate,
img_01_425392100_00018,data/raw/GC10-DET/3/img_01_425392100_00018.jpg,data/raw/GC10-DET/lable/img_01_425392100_00018.xml,3,img_01_425392100_00018.jpg,3_yueyawan,2,crescent_gap,862.0,763.0,1083.0,1000.0,221.0,237.0,candidate,
img_01_425392100_00662,data/raw/GC10-DET/4/img_01_425392100_00662.jpg,data/raw/GC10-DET/lable/img_01_425392100_00662.xml,4,img_01_425392100_00662.jpg,4_shuiban,3,water_spot,1243.0,383.0,1489.0,644.0,246.0,261.0,candidate,
img_01_425392100_00886,data/raw/GC10-DET/7/img_01_425392100_00886.jpg,data/raw/GC10-DET/lable/img_01_425392100_00886.xml,7,img_01_425392100_00886.jpg,7_yiwu,6,inclusion,1399.0,59.0,1431.0,100.0,32.0,41.0,candidate,
img_01_425392200_00018,data/raw/GC10-DET/3/img_01_425392200_00018.jpg,data/raw/GC10-DET/lable/img_01_425392200_00018.xml,3,img_01_425392200_00018.jpg,3_yueyawan,2,crescent_gap,789.0,255.0,1010.0,783.0,221.0,528.0,candidate,
img_01_425392200_00018,data/raw/GC10-DET/3/img_01_425392200_00018.jpg,data/raw/GC10-DET/lable/img_01_425392200_00018.xml,3,img_01_425392200_00018.jpg,2_hanfeng,1,welding_line,930.0,488.0,2048.0,577.0,1118.0,89.0,candidate,
img_01_425392300_00404,data/raw/GC10-DET/4/img_01_425392300_00404.jpg,data/raw/GC10-DET/lable/img_01_425392300_00404.xml,4,img_01_425392300_00404.jpg,4_shuiban,3,water_spot,1074.0,498.0,1364.0,825.0,290.0,327.0,candidate,
img_01_425392500_00788,data/raw/GC10-DET/4/img_01_425392500_00788.jpg,data/raw/GC10-DET/lable/img_01_425392500_00788.xml,4,img_01_425392500_00788.jpg,4_shuiban,3,water_spot,1105.0,671.0,1400.0,988.0,295.0,317.0,candidate,
img_01_425501700_00018,data/raw/GC10-DET/3/img_01_425501700_00018.jpg,data/raw/GC10-DET/lable/img_01_425501700_00018.xml,3,img_01_425501700_00018.jpg,3_yueyawan,2,crescent_gap,426.0,340.0,641.0,896.0,215.0,556.0,candidate,
img_01_425501700_00018,data/raw/GC10-DET/3/img_01_425501700_00018.jpg,data/raw/GC10-DET/lable/img_01_425501700_00018.xml,3,img_01_425501700_00018.jpg,2_hanfeng,1,welding_line,590.0,614.0,2048.0,689.0,1458.0,75.0,candidate,
img_01_425501700_00022,data/raw/GC10-DET/9/img_01_425501700_00022.jpg,data/raw/GC10-DET/lable/img_01_425501700_00022.xml,9,img_01_425501700_00022.jpg,9_zhehen,8,crease,1497.0,235.0,2048.0,447.0,551.0,212.0,candidate,
img_01_425501900_00017,data/raw/GC10-DET/3/img_01_425501900_00017.jpg,data/raw/GC10-DET/lable/img_01_425501900_00017.xml,3,img_01_425501900_00017.jpg,3_yueyawan,2,crescent_gap,493.0,1.0,753.0,276.0,260.0,275.0,candidate,
img_01_425501900_00018,data/raw/GC10-DET/3/img_01_425501900_00018.jpg,data/raw/GC10-DET/lable/img_01_425501900_00018.xml,3,img_01_425501900_00018.jpg,3_yueyawan,2,crescent_gap,533.0,658.0,743.0,1000.0,210.0,342.0,candidate,
img_01_425501900_00018,data/raw/GC10-DET/3/img_01_425501900_00018.jpg,data/raw/GC10-DET/lable/img_01_425501900_00018.xml,3,img_01_425501900_00018.jpg,2_hanfeng,1,welding_line,682.0,889.0,2048.0,965.0,1366.0,76.0,candidate,
img_01_425502100_00017,data/raw/GC10-DET/2/img_01_425502100_00017.jpg,data/raw/GC10-DET/lable/img_01_425502100_00017.xml,2,img_01_425502100_00017.jpg,2_hanfeng,1,welding_line,959.0,512.0,2040.0,573.0,1081.0,61.0,candidate,
img_01_425502100_00017,data/raw/GC10-DET/2/img_01_425502100_00017.jpg,data/raw/GC10-DET/lable/img_01_425502100_00017.xml,2,img_01_425502100_00017.jpg,3_yueyawan,2,crescent_gap,626.0,274.0,976.0,911.0,350.0,637.0,candidate,
img_01_425502200_00017,data/raw/GC10-DET/3/img_01_425502200_00017.jpg,data/raw/GC10-DET/lable/img_01_425502200_00017.xml,3,img_01_425502200_00017.jpg,3_yueyawan,2,crescent_gap,796.0,2.0,1024.0,268.0,228.0,266.0,candidate,
img_01_425502200_00018,data/raw/GC10-DET/3/img_01_425502200_00018.jpg,data/raw/GC10-DET/lable/img_01_425502200_00018.xml,3,img_01_425502200_00018.jpg,3_yueyawan,2,crescent_gap,836.0,734.0,1048.0,1000.0,212.0,266.0,candidate,
img_01_425502200_00018,data/raw/GC10-DET/3/img_01_425502200_00018.jpg,data/raw/GC10-DET/lable/img_01_425502200_00018.xml,3,img_01_425502200_00018.jpg,2_hanfeng,1,welding_line,994.0,939.0,2048.0,998.0,1054.0,59.0,candidate,
img_01_425502600_00017,data/raw/GC10-DET/3/img_01_425502600_00017.jpg,data/raw/GC10-DET/lable/img_01_425502600_00017.xml,3,img_01_425502600_00017.jpg,3_yueyawan,2,crescent_gap,772.0,4.0,1097.0,406.0,325.0,402.0,candidate,
img_01_425502600_00017,data/raw/GC10-DET/3/img_01_425502600_00017.jpg,data/raw/GC10-DET/lable/img_01_425502600_00017.xml,3,img_01_425502600_00017.jpg,2_hanfeng,1,welding_line,1043.0,44.0,2048.0,120.0,1005.0,76.0,candidate,
img_01_425502900_00018,data/raw/GC10-DET/3/img_01_425502900_00018.jpg,data/raw/GC10-DET/lable/img_01_425502900_00018.xml,3,img_01_425502900_00018.jpg,3_yueyawan,2,crescent_gap,892.0,801.0,1101.0,1000.0,209.0,199.0,candidate,
img_01_425503000_00017,data/raw/GC10-DET/3/img_01_425503000_00017.jpg,data/raw/GC10-DET/lable/img_01_425503000_00017.xml,3,img_01_425503000_00017.jpg,3_yueyawan,2,crescent_gap,871.0,1.0,1058.0,153.0,187.0,152.0,candidate,
img_01_425503000_00018,data/raw/GC10-DET/3/img_01_425503000_00018.jpg,data/raw/GC10-DET/lable/img_01_425503000_00018.xml,3,img_01_425503000_00018.jpg,3_yueyawan,2,crescent_gap,882.0,565.0,1111.0,1000.0,229.0,435.0,candidate,
img_01_425503000_00018,data/raw/GC10-DET/3/img_01_425503000_00018.jpg,data/raw/GC10-DET/lable/img_01_425503000_00018.xml,3,img_01_425503000_00018.jpg,2_hanfeng,1,welding_line,1058.0,857.0,2048.0,936.0,990.0,79.0,candidate,
img_01_425503000_00872,data/raw/GC10-DET/5/img_01_425503000_00872.jpg,data/raw/GC10-DET/lable/img_01_425503000_00872.xml,5,img_01_425503000_00872.jpg,5_youban,4,oil_spot,1348.0,21.0,1547.0,171.0,199.0,150.0,candidate,
img_01_425503000_00872,data/raw/GC10-DET/5/img_01_425503000_00872.jpg,data/raw/GC10-DET/lable/img_01_425503000_00872.xml,5,img_01_425503000_00872.jpg,5_youban,4,oil_spot,1134.0,203.0,1248.0,282.0,114.0,79.0,candidate,
img_01_425503100_00017,data/raw/GC10-DET/3/img_01_425503100_00017.jpg,data/raw/GC10-DET/lable/img_01_425503100_00017.xml,3,img_01_425503100_00017.jpg,3_yueyawan,2,crescent_gap,838.0,7.0,1095.0,316.0,257.0,309.0,candidate,
img_01_425503100_00017,data/raw/GC10-DET/3/img_01_425503100_00017.jpg,data/raw/GC10-DET/lable/img_01_425503100_00017.xml,3,img_01_425503100_00017.jpg,2_hanfeng,1,welding_line,1035.0,44.0,2048.0,117.0,1013.0,73.0,candidate,
img_01_425503100_00018,data/raw/GC10-DET/7/img_01_425503100_00018.jpg,data/raw/GC10-DET/lable/img_01_425503100_00018.xml,7,img_01_425503100_00018.jpg,7_yiwu,6,inclusion,1694.0,208.0,1727.0,240.0,33.0,32.0,candidate,
img_01_425503100_00018,data/raw/GC10-DET/7/img_01_425503100_00018.jpg,data/raw/GC10-DET/lable/img_01_425503100_00018.xml,7,img_01_425503100_00018.jpg,3_yueyawan,2,crescent_gap,887.0,739.0,1122.0,1000.0,235.0,261.0,candidate,
img_01_425503100_00018,data/raw/GC10-DET/7/img_01_425503100_00018.jpg,data/raw/GC10-DET/lable/img_01_425503100_00018.xml,7,img_01_425503100_00018.jpg,8_yahen,7,rolled_pit,1031.0,187.0,1171.0,298.0,140.0,111.0,candidate,
img_01_425503300_00017,data/raw/GC10-DET/3/img_01_425503300_00017.jpg,data/raw/GC10-DET/lable/img_01_425503300_00017.xml,3,img_01_425503300_00017.jpg,3_yueyawan,2,crescent_gap,835.0,4.0,1118.0,262.0,283.0,258.0,candidate,
img_01_425503300_00018,data/raw/GC10-DET/3/img_01_425503300_00018.jpg,data/raw/GC10-DET/lable/img_01_425503300_00018.xml,3,img_01_425503300_00018.jpg,3_yueyawan,2,crescent_gap,895.0,698.0,1120.0,1000.0,225.0,302.0,candidate,
img_01_425503300_00018,data/raw/GC10-DET/3/img_01_425503300_00018.jpg,data/raw/GC10-DET/lable/img_01_425503300_00018.xml,3,img_01_425503300_00018.jpg,2_hanfeng,1,welding_line,1017.0,888.0,2048.0,960.0,1031.0,72.0,candidate,
img_01_425503400_00017,data/raw/GC10-DET/3/img_01_425503400_00017.jpg,data/raw/GC10-DET/lable/img_01_425503400_00017.xml,3,img_01_425503400_00017.jpg,3_yueyawan,2,crescent_gap,897.0,1.0,1167.0,276.0,270.0,275.0,candidate,
img_01_425503400_00018,data/raw/GC10-DET/3/img_01_425503400_00018.jpg,data/raw/GC10-DET/lable/img_01_425503400_00018.xml,3,img_01_425503400_00018.jpg,3_yueyawan,2,crescent_gap,910.0,717.0,1157.0,1000.0,247.0,283.0,candidate,
img_01_425503500_00017,data/raw/GC10-DET/3/img_01_425503500_00017.jpg,data/raw/GC10-DET/lable/img_01_425503500_00017.xml,3,img_01_425503500_00017.jpg,3_yueyawan,2,crescent_gap,867.0,11.0,1141.0,448.0,274.0,437.0,candidate,
img_01_425503500_00017,data/raw/GC10-DET/3/img_01_425503500_00017.jpg,data/raw/GC10-DET/lable/img_01_425503500_00017.xml,3,img_01_425503500_00017.jpg,2_hanfeng,1,welding_line,1085.0,137.0,2048.0,206.0,963.0,69.0,candidate,
img_01_425503500_00018,data/raw/GC10-DET/3/img_01_425503500_00018.jpg,data/raw/GC10-DET/lable/img_01_425503500_00018.xml,3,img_01_425503500_00018.jpg,3_yueyawan,2,crescent_gap,902.0,844.0,1119.0,1000.0,217.0,156.0,candidate,
img_01_425503600_00016,data/raw/GC10-DET/3/img_01_425503600_00016.jpg,data/raw/GC10-DET/lable/img_01_425503600_00016.xml,3,img_01_425503600_00016.jpg,3_yueyawan,2,crescent_gap,912.0,2.0,1125.0,134.0,213.0,132.0,candidate,
img_01_425503600_00017,data/raw/GC10-DET/3/img_01_425503600_00017.jpg,data/raw/GC10-DET/lable/img_01_425503600_00017.xml,3,img_01_425503600_00017.jpg,3_yueyawan,2,crescent_gap,876.0,530.0,1159.0,1000.0,283.0,470.0,candidate,
img_01_425503600_00017,data/raw/GC10-DET/3/img_01_425503600_00017.jpg,data/raw/GC10-DET/lable/img_01_425503600_00017.xml,3,img_01_425503600_00017.jpg,2_hanfeng,1,welding_line,1077.0,841.0,2048.0,914.0,971.0,73.0,candidate,
img_01_425503800_00017,data/raw/GC10-DET/3/img_01_425503800_00017.jpg,data/raw/GC10-DET/lable/img_01_425503800_00017.xml,3,img_01_425503800_00017.jpg,3_yueyawan,2,crescent_gap,805.0,5.0,1095.0,568.0,290.0,563.0,candidate,
img_01_425503800_00017,data/raw/GC10-DET/3/img_01_425503800_00017.jpg,data/raw/GC10-DET/lable/img_01_425503800_00017.xml,3,img_01_425503800_00017.jpg,2_hanfeng,1,welding_line,1035.0,263.0,2048.0,330.0,1013.0,67.0,candidate,
img_01_425505100_00017,data/raw/GC10-DET/3/img_01_425505100_00017.jpg,data/raw/GC10-DET/lable/img_01_425505100_00017.xml,3,img_01_425505100_00017.jpg,3_yueyawan,2,crescent_gap,1194.0,1.0,1569.0,278.0,375.0,277.0,candidate,
img_01_425505100_00018,data/raw/GC10-DET/2/img_01_425505100_00018.jpg,data/raw/GC10-DET/lable/img_01_425505100_00018.xml,2,img_01_425505100_00018.jpg,2_hanfeng,1,welding_line,1515.0,890.0,2048.0,918.0,533.0,28.0,candidate,
img_01_425505100_00018,data/raw/GC10-DET/2/img_01_425505100_00018.jpg,data/raw/GC10-DET/lable/img_01_425505100_00018.xml,2,img_01_425505100_00018.jpg,3_yueyawan,2,crescent_gap,1369.0,660.0,1529.0,1000.0,160.0,340.0,candidate,
img_01_425505100_01400,data/raw/GC10-DET/7/img_01_425505100_01400.jpg,data/raw/GC10-DET/lable/img_01_425505100_01400.xml,7,img_01_425505100_01400.jpg,7_yiwu,6,inclusion,1616.0,501.0,1710.0,555.0,94.0,54.0,candidate,
img_01_425505100_01400,data/raw/GC10-DET/7/img_01_425505100_01400.jpg,data/raw/GC10-DET/lable/img_01_425505100_01400.xml,7,img_01_425505100_01400.jpg,4_shuiban,3,water_spot,1384.0,641.0,1500.0,1000.0,116.0,359.0,candidate,
img_01_425506400_00018,data/raw/GC10-DET/2/img_01_425506400_00018.jpg,data/raw/GC10-DET/lable/img_01_425506400_00018.xml,2,img_01_425506400_00018.jpg,2_hanfeng,1,welding_line,1348.0,571.0,2048.0,617.0,700.0,46.0,candidate,
img_01_425506600_00018,data/raw/GC10-DET/2/img_01_425506600_00018.jpg,data/raw/GC10-DET/lable/img_01_425506600_00018.xml,2,img_01_425506600_00018.jpg,2_hanfeng,1,welding_line,1375.0,609.0,2045.0,648.0,670.0,39.0,candidate,
img_01_425506800_00019,data/raw/GC10-DET/2/img_01_425506800_00019.jpg,data/raw/GC10-DET/lable/img_01_425506800_00019.xml,2,img_01_425506800_00019.jpg,2_hanfeng,1,welding_line,1386.0,790.0,2037.0,838.0,651.0,48.0,candidate,
img_01_425507000_00018,data/raw/GC10-DET/2/img_01_425507000_00018.jpg,data/raw/GC10-DET/lable/img_01_425507000_00018.xml,2,img_01_425507000_00018.jpg,2_hanfeng,1,welding_line,1389.0,540.0,2035.0,586.0,646.0,46.0,candidate,
img_01_425507400_00088,data/raw/GC10-DET/5/img_01_425507400_00088.jpg,data/raw/GC10-DET/lable/img_01_425507400_00088.xml,all,img_01_425507400_00088.jpg,5_youban,4,oil_spot,1453.0,335.0,1565.0,409.0,112.0,74.0,candidate,
img_01_425507400_00088,data/raw/GC10-DET/5/img_01_425507400_00088.jpg,data/raw/GC10-DET/lable/img_01_425507400_00088.xml,all,img_01_425507400_00088.jpg,5_youban,4,oil_spot,1457.0,632.0,1572.0,713.0,115.0,81.0,candidate,
img_01_425508300_00017,data/raw/GC10-DET/2/img_01_425508300_00017.jpg,data/raw/GC10-DET/lable/img_01_425508300_00017.xml,2,img_01_425508300_00017.jpg,2_hanfeng,1,welding_line,1362.0,79.0,2038.0,122.0,676.0,43.0,candidate,
img_01_425609500_00001,data/raw/GC10-DET/3/img_01_425609500_00001.jpg,data/raw/GC10-DET/lable/img_01_425609500_00001.xml,3,img_01_425609500_00001.jpg,3_yueyawan,2,crescent_gap,854.0,735.0,1081.0,1000.0,227.0,265.0,candidate,
img_01_425609500_00746,data/raw/GC10-DET/3/img_01_425609500_00746.jpg,data/raw/GC10-DET/lable/img_01_425609500_00746.xml,all,img_01_425609500_00746.jpg,3_yueyawan,2,crescent_gap,744.0,1.0,1051.0,434.0,307.0,433.0,candidate,
img_01_425609500_00746,data/raw/GC10-DET/3/img_01_425609500_00746.jpg,data/raw/GC10-DET/lable/img_01_425609500_00746.xml,all,img_01_425609500_00746.jpg,2_hanfeng,1,welding_line,991.0,163.0,2048.0,233.0,1057.0,70.0,candidate,
img_01_425613800_00786,data/raw/GC10-DET/2/img_01_425613800_00786.jpg,data/raw/GC10-DET/lable/img_01_425613800_00786.xml,2,img_01_425613800_00786.jpg,2_hanfeng,1,welding_line,1370.0,82.0,2034.0,138.0,664.0,56.0,candidate,
img_01_425614400_00001,data/raw/GC10-DET/3/img_01_425614400_00001.jpg,data/raw/GC10-DET/lable/img_01_425614400_00001.xml,all,img_01_425614400_00001.jpg,3_yueyawan,2,crescent_gap,1379.0,509.0,1595.0,999.0,216.0,490.0,candidate,
img_01_425614400_00001,data/raw/GC10-DET/3/img_01_425614400_00001.jpg,data/raw/GC10-DET/lable/img_01_425614400_00001.xml,all,img_01_425614400_00001.jpg,2_hanfeng,1,welding_line,1545.0,811.0,2043.0,868.0,498.0,57.0,candidate,
img_01_425614600_00001,data/raw/GC10-DET/2/img_01_425614600_00001.jpg,data/raw/GC10-DET/lable/img_01_425614600_00001.xml,all,img_01_425614600_00001.jpg,2_hanfeng,1,welding_line,1330.0,501.0,2048.0,563.0,718.0,62.0,candidate,
img_01_425614600_00428,data/raw/GC10-DET/5/img_01_425614600_00428.jpg,data/raw/GC10-DET/lable/img_01_425614600_00428.xml,5,img_01_425614600_00428.jpg,5_youban,4,oil_spot,1324.0,742.0,1446.0,807.0,122.0,65.0,candidate,
img_01_425616200_00001,data/raw/GC10-DET/3/img_01_425616200_00001.jpg,data/raw/GC10-DET/lable/img_01_425616200_00001.xml,all,img_01_425616200_00001.jpg,3_yueyawan,2,crescent_gap,1576.0,566.0,1808.0,998.0,232.0,432.0,candidate,
img_01_425616200_00001,data/raw/GC10-DET/3/img_01_425616200_00001.jpg,data/raw/GC10-DET/lable/img_01_425616200_00001.xml,all,img_01_425616200_00001.jpg,2_hanfeng,1,welding_line,1751.0,839.0,2048.0,895.0,297.0,56.0,candidate,
img_01_425616300_00001,data/raw/GC10-DET/3/img_01_425616300_00001.jpg,data/raw/GC10-DET/lable/img_01_425616300_00001.xml,all,img_01_425616300_00001.jpg,3_yueyawan,2,crescent_gap,1561.0,488.0,1800.0,1000.0,239.0,512.0,candidate,
img_01_425616300_00001,data/raw/GC10-DET/3/img_01_425616300_00001.jpg,data/raw/GC10-DET/lable/img_01_425616300_00001.xml,all,img_01_425616300_00001.jpg,2_hanfeng,1,welding_line,1749.0,770.0,2048.0,841.0,299.0,71.0,candidate,
img_01_425622400_00001,data/raw/GC10-DET/3/img_01_425622400_00001.jpg,data/raw/GC10-DET/lable/img_01_425622400_00001.xml,3,img_01_425622400_00001.jpg,3_yueyawan,2,crescent_gap,1777.0,1.0,2007.0,552.0,230.0,551.0,candidate,
img_01_425637700_00001,data/raw/GC10-DET/2/img_01_425637700_00001.jpg,data/raw/GC10-DET/lable/img_01_425637700_00001.xml,2,img_01_425637700_00001.jpg,2_hanfeng,1,welding_line,900.0,590.0,2040.0,668.0,1140.0,78.0,candidate,
img_01_425637700_00001,data/raw/GC10-DET/2/img_01_425637700_00001.jpg,data/raw/GC10-DET/lable/img_01_425637700_00001.xml,2,img_01_425637700_00001.jpg,3_yueyawan,2,crescent_gap,692.0,338.0,911.0,898.0,219.0,560.0,candidate,
img_01_425637800_00001,data/raw/GC10-DET/3/img_01_425637800_00001.jpg,data/raw/GC10-DET/lable/img_01_425637800_00001.xml,all,img_01_425637800_00001.jpg,3_yueyawan,2,crescent_gap,759.0,539.0,995.0,999.0,236.0,460.0,candidate,
img_01_425637800_00001,data/raw/GC10-DET/3/img_01_425637800_00001.jpg,data/raw/GC10-DET/lable/img_01_425637800_00001.xml,all,img_01_425637800_00001.jpg,2_hanfeng,1,welding_line,936.0,807.0,2048.0,887.0,1112.0,80.0,candidate,
img_01_425637800_00001,data/raw/GC10-DET/3/img_01_425637800_00001.jpg,data/raw/GC10-DET/lable/img_01_425637800_00001.xml,all,img_01_425637800_00001.jpg,6_siban,5,silk_spot,940.0,30.0,1921.0,778.0,981.0,748.0,candidate,
img_01_425637800_00891,data/raw/GC10-DET/3/img_01_425637800_00891.jpg,data/raw/GC10-DET/lable/img_01_425637800_00891.xml,all,img_01_425637800_00891.jpg,3_yueyawan,2,crescent_gap,708.0,1.0,976.0,501.0,268.0,500.0,candidate,
img_01_425637800_00891,data/raw/GC10-DET/3/img_01_425637800_00891.jpg,data/raw/GC10-DET/lable/img_01_425637800_00891.xml,all,img_01_425637800_00891.jpg,2_hanfeng,1,welding_line,905.0,245.0,2048.0,315.0,1143.0,70.0,candidate,
img_01_425637800_00891,data/raw/GC10-DET/3/img_01_425637800_00891.jpg,data/raw/GC10-DET/lable/img_01_425637800_00891.xml,all,img_01_425637800_00891.jpg,6_siban,5,silk_spot,940.0,368.0,2003.0,959.0,1063.0,591.0,candidate,
img_01_425637800_00891,data/raw/GC10-DET/3/img_01_425637800_00891.jpg,data/raw/GC10-DET/lable/img_01_425637800_00891.xml,all,img_01_425637800_00891.jpg,6_siban,5,silk_spot,1184.0,47.0,1659.0,224.0,475.0,177.0,candidate,
img_01_425637900_00899,data/raw/GC10-DET/3/img_01_425637900_00899.jpg,data/raw/GC10-DET/lable/img_01_425637900_00899.xml,all,img_01_425637900_00899.jpg,3_yueyawan,2,crescent_gap,754.0,4.0,984.0,370.0,230.0,366.0,candidate,
img_01_425637900_00899,data/raw/GC10-DET/3/img_01_425637900_00899.jpg,data/raw/GC10-DET/lable/img_01_425637900_00899.xml,all,img_01_425637900_00899.jpg,2_hanfeng,1,welding_line,927.0,27.0,2048.0,73.0,1121.0,46.0,candidate,
img_01_425638500_00001,data/raw/GC10-DET/2/img_01_425638500_00001.jpg,data/raw/GC10-DET/lable/img_01_425638500_00001.xml,2,img_01_425638500_00001.jpg,2_hanfeng,1,welding_line,789.0,884.0,2046.0,942.0,1257.0,58.0,candidate,
img_01_425639800_00874,data/raw/GC10-DET/3/img_01_425639800_00874.jpg,data/raw/GC10-DET/lable/img_01_425639800_00874.xml,all,img_01_425639800_00874.jpg,3_yueyawan,2,crescent_gap,736.0,1.0,1050.0,506.0,314.0,505.0,candidate,
img_01_425639800_00874,data/raw/GC10-DET/3/img_01_425639800_00874.jpg,data/raw/GC10-DET/lable/img_01_425639800_00874.xml,all,img_01_425639800_00874.jpg,2_hanfeng,1,welding_line,996.0,222.0,2048.0,297.0,1052.0,75.0,candidate,
img_01_425640000_00309,data/raw/GC10-DET/4/img_01_425640000_00309.jpg,data/raw/GC10-DET/lable/img_01_425640000_00309.xml,all,img_01_425640000_00309.jpg,4_shuiban,3,water_spot,1172.0,232.0,1443.0,542.0,271.0,310.0,candidate,
img_01_429539000_00002,data/raw/GC10-DET/9/img_01_429539000_00002.jpg,data/raw/GC10-DET/lable/img_01_429539000_00002.xml,all,img_01_429539000_00002.jpg,9_zhehen,8,crease,418.0,476.0,769.0,554.0,351.0,78.0,candidate,
img_01_429539000_00002,data/raw/GC10-DET/9/img_01_429539000_00002.jpg,data/raw/GC10-DET/lable/img_01_429539000_00002.xml,all,img_01_429539000_00002.jpg,6_siban,5,silk_spot,881.0,30.0,2000.0,979.0,1119.0,949.0,candidate,
img_01_432220200_00001,data/raw/GC10-DET/2/img_01_432220200_00001.jpg,data/raw/GC10-DET/lable/img_01_432220200_00001.xml,2,img_01_432220200_00001.jpg,2_hanfeng,1,welding_line,1584.0,624.0,2048.0,683.0,464.0,59.0,candidate,
img_01_433354400_00040,data/raw/GC10-DET/5/img_01_433354400_00040.jpg,data/raw/GC10-DET/lable/img_01_433354400_00040.xml,5,img_01_433354400_00040.jpg,5_youban,4,oil_spot,1824.0,577.0,2037.0,822.0,213.0,245.0,candidate,
img_01_435974400_00005,data/raw/GC10-DET/5/img_01_435974400_00005.jpg,data/raw/GC10-DET/lable/img_01_435974400_00005.xml,5,img_01_435974400_00005.jpg,5_youban,4,oil_spot,1672.0,259.0,1875.0,333.0,203.0,74.0,candidate,
img_01_435974400_00005,data/raw/GC10-DET/5/img_01_435974400_00005.jpg,data/raw/GC10-DET/lable/img_01_435974400_00005.xml,5,img_01_435974400_00005.jpg,5_youban,4,oil_spot,1561.0,1.0,1711.0,77.0,150.0,76.0,candidate,
img_01_436067700_00689,data/raw/GC10-DET/3/img_01_436067700_00689.jpg,data/raw/GC10-DET/lable/img_01_436067700_00689.xml,all,img_01_436067700_00689.jpg,3_yueyawan,2,crescent_gap,1203.0,1.0,1507.0,368.0,304.0,367.0,candidate,
img_01_436067700_00689,data/raw/GC10-DET/3/img_01_436067700_00689.jpg,data/raw/GC10-DET/lable/img_01_436067700_00689.xml,all,img_01_436067700_00689.jpg,2_hanfeng,1,welding_line,1426.0,1.0,2048.0,63.0,622.0,62.0,candidate,
img_01_436068700_00001,data/raw/GC10-DET/3/img_01_436068700_00001.jpg,data/raw/GC10-DET/lable/img_01_436068700_00001.xml,3,img_01_436068700_00001.jpg,3_yueyawan,2,crescent_gap,1431.0,437.0,1705.0,1000.0,274.0,563.0,candidate,
img_01_436068700_00001,data/raw/GC10-DET/3/img_01_436068700_00001.jpg,data/raw/GC10-DET/lable/img_01_436068700_00001.xml,3,img_01_436068700_00001.jpg,2_hanfeng,1,welding_line,1626.0,689.0,2048.0,740.0,422.0,51.0,candidate,
img_01_4402116900_00003,data/raw/GC10-DET/9/img_01_4402116900_00003.jpg,data/raw/GC10-DET/lable/img_01_4402116900_00003.xml,all,img_01_4402116900_00003.jpg,9_zhehen,8,crease,1323.0,582.0,2048.0,652.0,725.0,70.0,candidate,
img_01_4402117100_00006,data/raw/GC10-DET/9/img_01_4402117100_00006.jpg,data/raw/GC10-DET/lable/img_01_4402117100_00006.xml,9,img_01_4402117100_00006.jpg,9_zhehen,8,crease,1305.0,298.0,1450.0,417.0,145.0,119.0,candidate,
img_01_4402117200_00003,data/raw/GC10-DET/9/img_01_4402117200_00003.jpg,data/raw/GC10-DET/lable/img_01_4402117200_00003.xml,9,img_01_4402117200_00003.jpg,9_zhehen,8,crease,1411.0,328.0,2048.0,427.0,637.0,99.0,candidate,
img_01_4402270500_00003,data/raw/GC10-DET/9/img_01_4402270500_00003.jpg,data/raw/GC10-DET/lable/img_01_4402270500_00003.xml,9,img_01_4402270500_00003.jpg,9_zhehen,8,crease,491.0,262.0,2029.0,347.0,1538.0,85.0,candidate,
img_01_4402270500_00003,data/raw/GC10-DET/9/img_01_4402270500_00003.jpg,data/raw/GC10-DET/lable/img_01_4402270500_00003.xml,9,img_01_4402270500_00003.jpg,9_zhehen,8,crease,788.0,608.0,1083.0,667.0,295.0,59.0,candidate,
img_01_4402270500_00003,data/raw/GC10-DET/9/img_01_4402270500_00003.jpg,data/raw/GC10-DET/lable/img_01_4402270500_00003.xml,9,img_01_4402270500_00003.jpg,9_zhehen,8,crease,489.0,603.0,637.0,643.0,148.0,40.0,candidate,
img_01_4402270500_00003,data/raw/GC10-DET/9/img_01_4402270500_00003.jpg,data/raw/GC10-DET/lable/img_01_4402270500_00003.xml,9,img_01_4402270500_00003.jpg,9_zhehen,8,crease,642.0,547.0,845.0,582.0,203.0,35.0,candidate,
img_01_4402270500_00003,data/raw/GC10-DET/9/img_01_4402270500_00003.jpg,data/raw/GC10-DET/lable/img_01_4402270500_00003.xml,9,img_01_4402270500_00003.jpg,9_zhehen,8,crease,942.0,693.0,1042.0,827.0,100.0,134.0,candidate,
img_01_4402270500_00003,data/raw/GC10-DET/9/img_01_4402270500_00003.jpg,data/raw/GC10-DET/lable/img_01_4402270500_00003.xml,9,img_01_4402270500_00003.jpg,9_zhehen,8,crease,961.0,159.0,1010.0,213.0,49.0,54.0,candidate,
img_01_4402270500_00004,data/raw/GC10-DET/9/img_01_4402270500_00004.jpg,data/raw/GC10-DET/lable/img_01_4402270500_00004.xml,9,img_01_4402270500_00004.jpg,9_zhehen,8,crease,461.0,665.0,2031.0,742.0,1570.0,77.0,candidate,
img_01_4402270500_00004,data/raw/GC10-DET/9/img_01_4402270500_00004.jpg,data/raw/GC10-DET/lable/img_01_4402270500_00004.xml,9,img_01_4402270500_00004.jpg,9_zhehen,8,crease,384.0,476.0,596.0,517.0,212.0,41.0,candidate,
img_01_4402540800_01483,data/raw/GC10-DET/2/img_01_4402540800_01483.jpg,data/raw/GC10-DET/lable/img_01_4402540800_01483.xml,2,img_01_4402540800_01483.jpg,2_hanfeng,1,welding_line,1340.0,560.0,2048.0,611.0,708.0,51.0,candidate,
img_01_4402540800_01483,data/raw/GC10-DET/2/img_01_4402540800_01483.jpg,data/raw/GC10-DET/lable/img_01_4402540800_01483.xml,2,img_01_4402540800_01483.jpg,6_siban,5,silk_spot,1613.0,27.0,2029.0,543.0,416.0,516.0,candidate,
img_01_4402540800_01483,data/raw/GC10-DET/2/img_01_4402540800_01483.jpg,data/raw/GC10-DET/lable/img_01_4402540800_01483.xml,2,img_01_4402540800_01483.jpg,6_siban,5,silk_spot,1762.0,642.0,2034.0,988.0,272.0,346.0,candidate,
img_01_4402541100_00001,data/raw/GC10-DET/2/img_01_4402541100_00001.jpg,data/raw/GC10-DET/lable/img_01_4402541100_00001.xml,2,img_01_4402541100_00001.jpg,2_hanfeng,1,welding_line,1335.0,649.0,2046.0,711.0,711.0,62.0,candidate,
img_01_4402541100_00001,data/raw/GC10-DET/2/img_01_4402541100_00001.jpg,data/raw/GC10-DET/lable/img_01_4402541100_00001.xml,2,img_01_4402541100_00001.jpg,5_youban,4,oil_spot,1421.0,240.0,1489.0,349.0,68.0,109.0,candidate,
img_01_4402724300_00001,data/raw/GC10-DET/2/img_01_4402724300_00001.jpg,data/raw/GC10-DET/lable/img_01_4402724300_00001.xml,2,img_01_4402724300_00001.jpg,2_hanfeng,1,welding_line,1120.0,694.0,2048.0,743.0,928.0,49.0,candidate,
img_01_4402818600_00001,data/raw/GC10-DET/2/img_01_4402818600_00001.jpg,data/raw/GC10-DET/lable/img_01_4402818600_00001.xml,2,img_01_4402818600_00001.jpg,2_hanfeng,1,welding_line,1641.0,744.0,2048.0,809.0,407.0,65.0,candidate,
img_01_4402818600_00001,data/raw/GC10-DET/2/img_01_4402818600_00001.jpg,data/raw/GC10-DET/lable/img_01_4402818600_00001.xml,2,img_01_4402818600_00001.jpg,8_yahen,7,rolled_pit,1880.0,65.0,2038.0,114.0,158.0,49.0,candidate,
img_01_4403565100_00003,data/raw/GC10-DET/4/img_01_4403565100_00003.jpg,data/raw/GC10-DET/lable/img_01_4403565100_00003.xml,4,img_01_4403565100_00003.jpg,4_shuiban,3,water_spot,851.0,71.0,1061.0,1000.0,210.0,929.0,candidate,
img_01_4403565100_00007,data/raw/GC10-DET/4/img_01_4403565100_00007.jpg,data/raw/GC10-DET/lable/img_01_4403565100_00007.xml,4,img_01_4403565100_00007.jpg,4_shuiban,3,water_spot,825.0,309.0,1046.0,668.0,221.0,359.0,candidate,
img_01_4403565100_00009,data/raw/GC10-DET/4/img_01_4403565100_00009.jpg,data/raw/GC10-DET/lable/img_01_4403565100_00009.xml,4,img_01_4403565100_00009.jpg,4_shuiban,3,water_spot,817.0,47.0,1037.0,1000.0,220.0,953.0,candidate,
img_01_4403565100_00012,data/raw/GC10-DET/4/img_01_4403565100_00012.jpg,data/raw/GC10-DET/lable/img_01_4403565100_00012.xml,4,img_01_4403565100_00012.jpg,4_shuiban,3,water_spot,803.0,419.0,995.0,975.0,192.0,556.0,candidate,
img_01_4403565100_00014,data/raw/GC10-DET/4/img_01_4403565100_00014.jpg,data/raw/GC10-DET/lable/img_01_4403565100_00014.xml,4,img_01_4403565100_00014.jpg,4_shuiban,3,water_spot,815.0,1.0,1040.0,1000.0,225.0,999.0,candidate,
img_01_4403565100_00020,data/raw/GC10-DET/4/img_01_4403565100_00020.jpg,data/raw/GC10-DET/lable/img_01_4403565100_00020.xml,4,img_01_4403565100_00020.jpg,4_shuiban,3,water_spot,815.0,12.0,1086.0,1000.0,271.0,988.0,candidate,
img_01_4403565100_00038,data/raw/GC10-DET/4/img_01_4403565100_00038.jpg,data/raw/GC10-DET/lable/img_01_4403565100_00038.xml,4,img_01_4403565100_00038.jpg,4_shuiban,3,water_spot,846.0,514.0,1030.0,999.0,184.0,485.0,candidate,
img_01_4403690400_00005,data/raw/GC10-DET/9/img_01_4403690400_00005.jpg,data/raw/GC10-DET/lable/img_01_4403690400_00005.xml,9,img_01_4403690400_00005.jpg,9_zhehen,8,crease,619.0,411.0,1684.0,836.0,1065.0,425.0,candidate,
img_01_4405230600_00994,data/raw/GC10-DET/2/img_01_4405230600_00994.jpg,data/raw/GC10-DET/lable/img_01_4405230600_00994.xml,2,img_01_4405230600_00994.jpg,2_hanfeng,1,welding_line,1602.0,75.0,2048.0,134.0,446.0,59.0,candidate,
img_01_4406743300_00001,data/raw/GC10-DET/3/img_01_4406743300_00001.jpg,data/raw/GC10-DET/lable/img_01_4406743300_00001.xml,3,img_01_4406743300_00001.jpg,3_yueyawan,2,crescent_gap,815.0,3.0,1117.0,411.0,302.0,408.0,candidate,
img_01_4406743300_00001,data/raw/GC10-DET/3/img_01_4406743300_00001.jpg,data/raw/GC10-DET/lable/img_01_4406743300_00001.xml,3,img_01_4406743300_00001.jpg,2_hanfeng,1,welding_line,1035.0,148.0,2048.0,223.0,1013.0,75.0,candidate,
img_01_4406743300_00017,data/raw/GC10-DET/6/img_01_4406743300_00017.jpg,data/raw/GC10-DET/lable/img_01_4406743300_00017.xml,6,img_01_4406743300_00017.jpg,6_siban,5,silk_spot,1148.0,40.0,2048.0,982.0,900.0,942.0,candidate,
img_01_4406743300_00019,data/raw/GC10-DET/6/img_01_4406743300_00019.jpg,data/raw/GC10-DET/lable/img_01_4406743300_00019.xml,6,img_01_4406743300_00019.jpg,6_siban,5,silk_spot,1208.0,50.0,2048.0,941.0,840.0,891.0,candidate,
img_01_4406743300_00020,data/raw/GC10-DET/6/img_01_4406743300_00020.jpg,data/raw/GC10-DET/lable/img_01_4406743300_00020.xml,6,img_01_4406743300_00020.jpg,6_siban,5,silk_spot,1222.0,11.0,2048.0,950.0,826.0,939.0,candidate,
img_01_4406743300_00021,data/raw/GC10-DET/6/img_01_4406743300_00021.jpg,data/raw/GC10-DET/lable/img_01_4406743300_00021.xml,6,img_01_4406743300_00021.jpg,6_siban,5,silk_spot,1187.0,19.0,2048.0,948.0,861.0,929.0,candidate,
img_01_4406743300_00152,data/raw/GC10-DET/6/img_01_4406743300_00152.jpg,data/raw/GC10-DET/lable/img_01_4406743300_00152.xml,6,img_01_4406743300_00152.jpg,6_siban,5,silk_spot,1064.0,48.0,1623.0,919.0,559.0,871.0,candidate,
img_01_4406743300_00159,data/raw/GC10-DET/6/img_01_4406743300_00159.jpg,data/raw/GC10-DET/lable/img_01_4406743300_00159.xml,6,img_01_4406743300_00159.jpg,6_siban,5,silk_spot,1067.0,48.0,1669.0,966.0,602.0,918.0,candidate,
img_01_4406743300_00160,data/raw/GC10-DET/6/img_01_4406743300_00160.jpg,data/raw/GC10-DET/lable/img_01_4406743300_00160.xml,6,img_01_4406743300_00160.jpg,6_siban,5,silk_spot,1048.0,47.0,1436.0,921.0,388.0,874.0,candidate,
img_01_4406743300_00166,data/raw/GC10-DET/6/img_01_4406743300_00166.jpg,data/raw/GC10-DET/lable/img_01_4406743300_00166.xml,6,img_01_4406743300_00166.jpg,6_siban,5,silk_spot,1066.0,68.0,1459.0,948.0,393.0,880.0,candidate,
img_01_4406743300_00186,data/raw/GC10-DET/6/img_01_4406743300_00186.jpg,data/raw/GC10-DET/lable/img_01_4406743300_00186.xml,6,img_01_4406743300_00186.jpg,6_siban,5,silk_spot,1082.0,47.0,1469.0,917.0,387.0,870.0,candidate,
img_01_4406743300_00192,data/raw/GC10-DET/6/img_01_4406743300_00192.jpg,data/raw/GC10-DET/lable/img_01_4406743300_00192.xml,6,img_01_4406743300_00192.jpg,6_siban,5,silk_spot,1049.0,78.0,1452.0,1000.0,403.0,922.0,candidate,
img_01_4406743300_00195,data/raw/GC10-DET/6/img_01_4406743300_00195.jpg,data/raw/GC10-DET/lable/img_01_4406743300_00195.xml,6,img_01_4406743300_00195.jpg,6_siban,5,silk_spot,1084.0,53.0,1476.0,932.0,392.0,879.0,candidate,
img_01_4406743300_00197,data/raw/GC10-DET/6/img_01_4406743300_00197.jpg,data/raw/GC10-DET/lable/img_01_4406743300_00197.xml,6,img_01_4406743300_00197.jpg,6_siban,5,silk_spot,1046.0,37.0,1515.0,973.0,469.0,936.0,candidate,
img_01_4406743300_00215,data/raw/GC10-DET/6/img_01_4406743300_00215.jpg,data/raw/GC10-DET/lable/img_01_4406743300_00215.xml,6,img_01_4406743300_00215.jpg,6_siban,5,silk_spot,1077.0,76.0,1453.0,963.0,376.0,887.0,candidate,
img_01_4406743300_00216,data/raw/GC10-DET/6/img_01_4406743300_00216.jpg,data/raw/GC10-DET/lable/img_01_4406743300_00216.xml,6,img_01_4406743300_00216.jpg,6_siban,5,silk_spot,1053.0,34.0,1485.0,939.0,432.0,905.0,candidate,
img_01_4406743300_00223,data/raw/GC10-DET/6/img_01_4406743300_00223.jpg,data/raw/GC10-DET/lable/img_01_4406743300_00223.xml,6,img_01_4406743300_00223.jpg,6_siban,5,silk_spot,1084.0,80.0,1418.0,935.0,334.0,855.0,candidate,
img_01_4406743300_00225,data/raw/GC10-DET/6/img_01_4406743300_00225.jpg,data/raw/GC10-DET/lable/img_01_4406743300_00225.xml,6,img_01_4406743300_00225.jpg,6_siban,5,silk_spot,1071.0,84.0,1379.0,976.0,308.0,892.0,candidate,
img_01_4406743300_00307,data/raw/GC10-DET/6/img_01_4406743300_00307.jpg,data/raw/GC10-DET/lable/img_01_4406743300_00307.xml,6,img_01_4406743300_00307.jpg,6_siban,5,silk_spot,1028.0,29.0,1410.0,950.0,382.0,921.0,candidate,
img_01_4406743300_00447,data/raw/GC10-DET/6/img_01_4406743300_00447.jpg,data/raw/GC10-DET/lable/img_01_4406743300_00447.xml,6,img_01_4406743300_00447.jpg,6_siban,5,silk_spot,1162.0,48.0,1535.0,1000.0,373.0,952.0,candidate,
img_01_4406743300_00461,data/raw/GC10-DET/6/img_01_4406743300_00461.jpg,data/raw/GC10-DET/lable/img_01_4406743300_00461.xml,6,img_01_4406743300_00461.jpg,6_siban,5,silk_spot,1177.0,60.0,1546.0,960.0,369.0,900.0,candidate,
img_01_4406743300_00475,data/raw/GC10-DET/6/img_01_4406743300_00475.jpg,data/raw/GC10-DET/lable/img_01_4406743300_00475.xml,6,img_01_4406743300_00475.jpg,6_siban,5,silk_spot,1154.0,68.0,1515.0,899.0,361.0,831.0,candidate,
img_01_4406743300_00637,data/raw/GC10-DET/6/img_01_4406743300_00637.jpg,data/raw/GC10-DET/lable/img_01_4406743300_00637.xml,6,img_01_4406743300_00637.jpg,6_siban,5,silk_spot,1051.0,99.0,1344.0,904.0,293.0,805.0,candidate,
img_01_4406743300_00649,data/raw/GC10-DET/6/img_01_4406743300_00649.jpg,data/raw/GC10-DET/lable/img_01_4406743300_00649.xml,6,img_01_4406743300_00649.jpg,6_siban,5,silk_spot,1036.0,73.0,1372.0,970.0,336.0,897.0,candidate,
img_01_4406743300_00650,data/raw/GC10-DET/6/img_01_4406743300_00650.jpg,data/raw/GC10-DET/lable/img_01_4406743300_00650.xml,6,img_01_4406743300_00650.jpg,6_siban,5,silk_spot,1033.0,37.0,1285.0,988.0,252.0,951.0,candidate,
img_01_4406743300_00797,data/raw/GC10-DET/6/img_01_4406743300_00797.jpg,data/raw/GC10-DET/lable/img_01_4406743300_00797.xml,6,img_01_4406743300_00797.jpg,6_siban,5,silk_spot,1082.0,150.0,1328.0,848.0,246.0,698.0,candidate,
img_01_4406743300_00801,data/raw/GC10-DET/6/img_01_4406743300_00801.jpg,data/raw/GC10-DET/lable/img_01_4406743300_00801.xml,6,img_01_4406743300_00801.jpg,6_siban,5,silk_spot,1102.0,134.0,1385.0,842.0,283.0,708.0,candidate,
img_01_4406743300_00804,data/raw/GC10-DET/6/img_01_4406743300_00804.jpg,data/raw/GC10-DET/lable/img_01_4406743300_00804.xml,6,img_01_4406743300_00804.jpg,6_siban,5,silk_spot,1102.0,70.0,1441.0,924.0,339.0,854.0,candidate,
img_01_4406743300_00823,data/raw/GC10-DET/6/img_01_4406743300_00823.jpg,data/raw/GC10-DET/lable/img_01_4406743300_00823.xml,6,img_01_4406743300_00823.jpg,6_siban,5,silk_spot,1100.0,96.0,1353.0,978.0,253.0,882.0,candidate,
img_01_4406743300_00836,data/raw/GC10-DET/6/img_01_4406743300_00836.jpg,data/raw/GC10-DET/lable/img_01_4406743300_00836.xml,6,img_01_4406743300_00836.jpg,6_siban,5,silk_spot,995.0,71.0,1310.0,894.0,315.0,823.0,candidate,
img_01_4406743300_00837,data/raw/GC10-DET/6/img_01_4406743300_00837.jpg,data/raw/GC10-DET/lable/img_01_4406743300_00837.xml,6,img_01_4406743300_00837.jpg,6_siban,5,silk_spot,1002.0,62.0,1354.0,934.0,352.0,872.0,candidate,
img_01_4406743300_00881,data/raw/GC10-DET/6/img_01_4406743300_00881.jpg,data/raw/GC10-DET/lable/img_01_4406743300_00881.xml,6,img_01_4406743300_00881.jpg,6_siban,5,silk_spot,1010.0,52.0,1305.0,927.0,295.0,875.0,candidate,
img_01_4406743300_00935,data/raw/GC10-DET/7/img_01_4406743300_00935.jpg,data/raw/GC10-DET/lable/img_01_4406743300_00935.xml,7,img_01_4406743300_00935.jpg,4_shuiban,3,water_spot,1025.0,561.0,1149.0,947.0,124.0,386.0,candidate,
img_01_4406743300_00935,data/raw/GC10-DET/7/img_01_4406743300_00935.jpg,data/raw/GC10-DET/lable/img_01_4406743300_00935.xml,7,img_01_4406743300_00935.jpg,4_shuiban,3,water_spot,1049.0,4.0,1143.0,253.0,94.0,249.0,candidate,
img_01_4406743300_00935,data/raw/GC10-DET/7/img_01_4406743300_00935.jpg,data/raw/GC10-DET/lable/img_01_4406743300_00935.xml,7,img_01_4406743300_00935.jpg,6_siban,5,silk_spot,1173.0,89.0,1323.0,834.0,150.0,745.0,candidate,
img_01_4406772100_00002,data/raw/GC10-DET/3/img_01_4406772100_00002.jpg,data/raw/GC10-DET/lable/img_01_4406772100_00002.xml,3,img_01_4406772100_00002.jpg,3_yueyawan,2,crescent_gap,1689.0,421.0,1958.0,1000.0,269.0,579.0,candidate,
img_01_4406772100_00002,data/raw/GC10-DET/3/img_01_4406772100_00002.jpg,data/raw/GC10-DET/lable/img_01_4406772100_00002.xml,3,img_01_4406772100_00002.jpg,2_hanfeng,1,welding_line,1919.0,763.0,2048.0,789.0,129.0,26.0,candidate,
img_01_4406772100_00602,data/raw/GC10-DET/4/img_01_4406772100_00602.jpg,data/raw/GC10-DET/lable/img_01_4406772100_00602.xml,4,img_01_4406772100_00602.jpg,4_shuiban,3,water_spot,1938.0,355.0,2048.0,552.0,110.0,197.0,candidate,
img_01_SIS001522_00033,data/raw/GC10-DET/6/img_01_SIS001522_00033.jpg,data/raw/GC10-DET/lable/img_01_SIS001522_00033.xml,6,img_01_SIS001522_00033.jpg,6_siban,5,silk_spot,1649.0,127.0,2023.0,665.0,374.0,538.0,candidate,
img_01_SIS001522_00045,data/raw/GC10-DET/6/img_01_SIS001522_00045.jpg,data/raw/GC10-DET/lable/img_01_SIS001522_00045.xml,6,img_01_SIS001522_00045.jpg,6_siban,5,silk_spot,1723.0,125.0,1997.0,734.0,274.0,609.0,candidate,
img_01_SIS001577_00012,data/raw/GC10-DET/6/img_01_SIS001577_00012.jpg,data/raw/GC10-DET/lable/img_01_SIS001577_00012.xml,6,img_01_SIS001577_00012.jpg,6_siban,5,silk_spot,1087.0,155.0,1417.0,596.0,330.0,441.0,candidate,
img_01_SIS001577_00020,data/raw/GC10-DET/6/img_01_SIS001577_00020.jpg,data/raw/GC10-DET/lable/img_01_SIS001577_00020.xml,6,img_01_SIS001577_00020.jpg,6_siban,5,silk_spot,1108.0,27.0,1684.0,862.0,576.0,835.0,candidate,
img_01_SIS001577_00032,data/raw/GC10-DET/6/img_01_SIS001577_00032.jpg,data/raw/GC10-DET/lable/img_01_SIS001577_00032.xml,6,img_01_SIS001577_00032.jpg,6_siban,5,silk_spot,1044.0,35.0,2017.0,986.0,973.0,951.0,candidate,
img_01_SIS001577_00041,data/raw/GC10-DET/6/img_01_SIS001577_00041.jpg,data/raw/GC10-DET/lable/img_01_SIS001577_00041.xml,6,img_01_SIS001577_00041.jpg,6_siban,5,silk_spot,1138.0,25.0,1881.0,932.0,743.0,907.0,candidate,
img_01_SIS001577_00049,data/raw/GC10-DET/6/img_01_SIS001577_00049.jpg,data/raw/GC10-DET/lable/img_01_SIS001577_00049.xml,6,img_01_SIS001577_00049.jpg,6_siban,5,silk_spot,1061.0,37.0,1851.0,1000.0,790.0,963.0,candidate,
img_02_3402576500_00001,data/raw/GC10-DET/2/img_02_3402576500_00001.jpg,data/raw/GC10-DET/lable/img_02_3402576500_00001.xml,2,img_02_3402576500_00001.jpg,2_hanfeng,1,welding_line,7.0,893.0,2048.0,958.0,2041.0,65.0,candidate,
img_02_3402576500_00001,data/raw/GC10-DET/2/img_02_3402576500_00001.jpg,data/raw/GC10-DET/lable/img_02_3402576500_00001.xml,2,img_02_3402576500_00001.jpg,4_shuiban,3,water_spot,1576.0,486.0,1824.0,824.0,248.0,338.0,candidate,
img_02_3402576500_00001,data/raw/GC10-DET/2/img_02_3402576500_00001.jpg,data/raw/GC10-DET/lable/img_02_3402576500_00001.xml,2,img_02_3402576500_00001.jpg,4_shuiban,3,water_spot,40.0,606.0,343.0,879.0,303.0,273.0,candidate,
img_02_3402616100_00002,data/raw/GC10-DET/2/img_02_3402616100_00002.jpg,data/raw/GC10-DET/lable/img_02_3402616100_00002.xml,2,img_02_3402616100_00002.jpg,2_hanfeng,1,welding_line,8.0,763.0,2046.0,817.0,2038.0,54.0,candidate,
img_02_3402616100_00002,data/raw/GC10-DET/2/img_02_3402616100_00002.jpg,data/raw/GC10-DET/lable/img_02_3402616100_00002.xml,2,img_02_3402616100_00002.jpg,1_chongkong,0,punching_hole,2003.0,933.0,2048.0,977.0,45.0,44.0,candidate,
img_02_3402616900_00001,data/raw/GC10-DET/2/img_02_3402616900_00001.jpg,data/raw/GC10-DET/lable/img_02_3402616900_00001.xml,2,img_02_3402616900_00001.jpg,2_hanfeng,1,welding_line,5.0,784.0,2047.0,847.0,2042.0,63.0,candidate,
img_02_3402616900_00001,data/raw/GC10-DET/2/img_02_3402616900_00001.jpg,data/raw/GC10-DET/lable/img_02_3402616900_00001.xml,2,img_02_3402616900_00001.jpg,8_yahen,7,rolled_pit,1407.0,47.0,1623.0,124.0,216.0,77.0,candidate,
img_02_3402616900_00001,data/raw/GC10-DET/2/img_02_3402616900_00001.jpg,data/raw/GC10-DET/lable/img_02_3402616900_00001.xml,2,img_02_3402616900_00001.jpg,1_chongkong,0,punching_hole,1983.0,968.0,2048.0,999.0,65.0,31.0,candidate,
img_02_3402617100_00366,data/raw/GC10-DET/7/img_02_3402617100_00366.jpg,data/raw/GC10-DET/lable/img_02_3402617100_00366.xml,7,img_02_3402617100_00366.jpg,7_yiwu,6,inclusion,178.0,709.0,210.0,737.0,32.0,28.0,candidate,
img_02_3402617200_00001,data/raw/GC10-DET/2/img_02_3402617200_00001.jpg,data/raw/GC10-DET/lable/img_02_3402617200_00001.xml,2,img_02_3402617200_00001.jpg,2_hanfeng,1,welding_line,2.0,919.0,2048.0,989.0,2046.0,70.0,candidate,
img_02_3402617200_00001,data/raw/GC10-DET/2/img_02_3402617200_00001.jpg,data/raw/GC10-DET/lable/img_02_3402617200_00001.xml,2,img_02_3402617200_00001.jpg,5_youban,4,oil_spot,529.0,521.0,959.0,625.0,430.0,104.0,candidate,
img_02_3402617200_00003,data/raw/GC10-DET/5/img_02_3402617200_00003.jpg,data/raw/GC10-DET/lable/img_02_3402617200_00003.xml,5,img_02_3402617200_00003.jpg,5_youban,4,oil_spot,293.0,85.0,396.0,143.0,103.0,58.0,candidate,
img_02_3402617400_01103,data/raw/GC10-DET/2/img_02_3402617400_01103.jpg,data/raw/GC10-DET/lable/img_02_3402617400_01103.xml,2,img_02_3402617400_01103.jpg,2_hanfeng,1,welding_line,22.0,534.0,2048.0,589.0,2026.0,55.0,candidate,
img_02_3402617400_01103,data/raw/GC10-DET/2/img_02_3402617400_01103.jpg,data/raw/GC10-DET/lable/img_02_3402617400_01103.xml,2,img_02_3402617400_01103.jpg,3_yueyawan,2,crescent_gap,1.0,327.0,45.0,644.0,44.0,317.0,candidate,
img_02_3402617400_01103,data/raw/GC10-DET/2/img_02_3402617400_01103.jpg,data/raw/GC10-DET/lable/img_02_3402617400_01103.xml,2,img_02_3402617400_01103.jpg,1_chongkong,0,punching_hole,1965.0,692.0,2048.0,751.0,83.0,59.0,candidate,
img_02_3402617500_00787,data/raw/GC10-DET/2/img_02_3402617500_00787.jpg,data/raw/GC10-DET/lable/img_02_3402617500_00787.xml,2,img_02_3402617500_00787.jpg,2_hanfeng,1,welding_line,44.0,247.0,2048.0,314.0,2004.0,67.0,candidate,
img_02_3402617500_00787,data/raw/GC10-DET/2/img_02_3402617500_00787.jpg,data/raw/GC10-DET/lable/img_02_3402617500_00787.xml,2,img_02_3402617500_00787.jpg,3_yueyawan,2,crescent_gap,1.0,36.0,86.0,412.0,85.0,376.0,candidate,
img_02_3402617500_00787,data/raw/GC10-DET/2/img_02_3402617500_00787.jpg,data/raw/GC10-DET/lable/img_02_3402617500_00787.xml,2,img_02_3402617500_00787.jpg,1_chongkong,0,punching_hole,2016.0,440.0,2048.0,472.0,32.0,32.0,candidate,
img_02_3402617700_01009,data/raw/GC10-DET/2/img_02_3402617700_01009.jpg,data/raw/GC10-DET/lable/img_02_3402617700_01009.xml,2,img_02_3402617700_01009.jpg,2_hanfeng,1,welding_line,71.0,589.0,2048.0,663.0,1977.0,74.0,candidate,
img_02_3402617700_01009,data/raw/GC10-DET/2/img_02_3402617700_01009.jpg,data/raw/GC10-DET/lable/img_02_3402617700_01009.xml,2,img_02_3402617700_01009.jpg,1_chongkong,0,punching_hole,2016.0,790.0,2048.0,822.0,32.0,32.0,candidate,
img_02_3402617700_01009,data/raw/GC10-DET/2/img_02_3402617700_01009.jpg,data/raw/GC10-DET/lable/img_02_3402617700_01009.xml,2,img_02_3402617700_01009.jpg,3_yueyawan,2,crescent_gap,1.0,328.0,121.0,801.0,120.0,473.0,candidate,
img_02_3402618000_00002,data/raw/GC10-DET/10/img_02_3402618000_00002.jpg,data/raw/GC10-DET/lable/img_02_3402618000_00002.xml,10,img_02_3402618000_00002.jpg,10_yaozhe,9,waist_folding,251.0,407.0,2023.0,942.0,1772.0,535.0,candidate,
img_02_3402618000_00007,data/raw/GC10-DET/10/img_02_3402618000_00007.jpg,data/raw/GC10-DET/lable/img_02_3402618000_00007.xml,10,img_02_3402618000_00007.jpg,10_yaozhed,9,waist_folding,300.0,225.0,1974.0,948.0,1674.0,723.0,candidate,
img_02_3402618000_00010,data/raw/GC10-DET/10/img_02_3402618000_00010.jpg,data/raw/GC10-DET/lable/img_02_3402618000_00010.xml,10,img_02_3402618000_00010.jpg,10_yaozhed,9,waist_folding,99.0,186.0,971.0,937.0,872.0,751.0,candidate,
img_02_3403404500_01254,data/raw/GC10-DET/2/img_02_3403404500_01254.jpg,data/raw/GC10-DET/lable/img_02_3403404500_01254.xml,2,img_02_3403404500_01254.jpg,2_hanfeng,1,welding_line,35.0,389.0,2048.0,451.0,2013.0,62.0,candidate,
img_02_3403404500_01254,data/raw/GC10-DET/2/img_02_3403404500_01254.jpg,data/raw/GC10-DET/lable/img_02_3403404500_01254.xml,2,img_02_3403404500_01254.jpg,3_yueyawan,2,crescent_gap,1.0,187.0,69.0,496.0,68.0,309.0,candidate,
img_02_3403404600_01001,data/raw/GC10-DET/2/img_02_3403404600_01001.jpg,data/raw/GC10-DET/lable/img_02_3403404600_01001.xml,2,img_02_3403404600_01001.jpg,2_hanfeng,1,welding_line,10.0,109.0,2048.0,172.0,2038.0,63.0,candidate,
img_02_3403404600_01001,data/raw/GC10-DET/2/img_02_3403404600_01001.jpg,data/raw/GC10-DET/lable/img_02_3403404600_01001.xml,2,img_02_3403404600_01001.jpg,3_yueyawan,2,crescent_gap,2.0,1.0,56.0,241.0,54.0,240.0,candidate,
img_02_3403404600_01001,data/raw/GC10-DET/2/img_02_3403404600_01001.jpg,data/raw/GC10-DET/lable/img_02_3403404600_01001.xml,2,img_02_3403404600_01001.jpg,1_chongkong,0,punching_hole,2013.0,279.0,2048.0,335.0,35.0,56.0,candidate,
img_02_3403405400_00930,data/raw/GC10-DET/2/img_02_3403405400_00930.jpg,data/raw/GC10-DET/lable/img_02_3403405400_00930.xml,2,img_02_3403405400_00930.jpg,2_hanfeng,1,welding_line,77.0,273.0,2047.0,334.0,1970.0,61.0,candidate,
img_02_3403405400_00930,data/raw/GC10-DET/2/img_02_3403405400_00930.jpg,data/raw/GC10-DET/lable/img_02_3403405400_00930.xml,2,img_02_3403405400_00930.jpg,3_yueyawan,2,crescent_gap,1.0,13.0,157.0,491.0,156.0,478.0,candidate,
img_02_3403405400_00930,data/raw/GC10-DET/2/img_02_3403405400_00930.jpg,data/raw/GC10-DET/lable/img_02_3403405400_00930.xml,2,img_02_3403405400_00930.jpg,1_chongkong,0,punching_hole,1991.0,455.0,2048.0,517.0,57.0,62.0,candidate,
img_02_3436786500_00071,data/raw/GC10-DET/6/img_02_3436786500_00071.jpg,data/raw/GC10-DET/lable/img_02_3436786500_00071.xml,6,img_02_3436786500_00071.jpg,6_siban,5,silk_spot,312.0,19.0,497.0,948.0,185.0,929.0,candidate,
img_02_3436786500_00072,data/raw/GC10-DET/6/img_02_3436786500_00072.jpg,data/raw/GC10-DET/lable/img_02_3436786500_00072.xml,6,img_02_3436786500_00072.jpg,6_siban,5,silk_spot,287.0,57.0,490.0,952.0,203.0,895.0,candidate,
img_02_3436786500_00137,data/raw/GC10-DET/6/img_02_3436786500_00137.jpg,data/raw/GC10-DET/lable/img_02_3436786500_00137.xml,6,img_02_3436786500_00137.jpg,6_siban,5,silk_spot,259.0,24.0,517.0,911.0,258.0,887.0,candidate,
img_02_3436786500_00138,data/raw/GC10-DET/6/img_02_3436786500_00138.jpg,data/raw/GC10-DET/lable/img_02_3436786500_00138.xml,6,img_02_3436786500_00138.jpg,6_siban,5,silk_spot,261.0,25.0,500.0,1000.0,239.0,975.0,candidate,
img_02_3436786500_00140,data/raw/GC10-DET/6/img_02_3436786500_00140.jpg,data/raw/GC10-DET/lable/img_02_3436786500_00140.xml,6,img_02_3436786500_00140.jpg,6_siban,5,silk_spot,172.0,34.0,582.0,945.0,410.0,911.0,candidate,
img_02_3436786500_00141,data/raw/GC10-DET/6/img_02_3436786500_00141.jpg,data/raw/GC10-DET/lable/img_02_3436786500_00141.xml,6,img_02_3436786500_00141.jpg,6_siban,5,silk_spot,222.0,7.0,523.0,948.0,301.0,941.0,candidate,
img_02_3436786500_00142,data/raw/GC10-DET/6/img_02_3436786500_00142.jpg,data/raw/GC10-DET/lable/img_02_3436786500_00142.xml,6,img_02_3436786500_00142.jpg,6_siban,5,silk_spot,236.0,42.0,505.0,919.0,269.0,877.0,candidate,
img_02_3436786500_00143,data/raw/GC10-DET/6/img_02_3436786500_00143.jpg,data/raw/GC10-DET/lable/img_02_3436786500_00143.xml,6,img_02_3436786500_00143.jpg,6_siban,5,silk_spot,238.0,57.0,525.0,909.0,287.0,852.0,candidate,
img_02_3436786500_00152,data/raw/GC10-DET/6/img_02_3436786500_00152.jpg,data/raw/GC10-DET/lable/img_02_3436786500_00152.xml,6,img_02_3436786500_00152.jpg,6_siban,5,silk_spot,307.0,71.0,585.0,950.0,278.0,879.0,candidate,
img_02_3436787300_00007,data/raw/GC10-DET/8/img_02_3436787300_00007.jpg,data/raw/GC10-DET/lable/img_02_3436787300_00007.xml,8,img_02_3436787300_00007.jpg,8_yahen,7,rolled_pit,1377.0,235.0,1529.0,344.0,152.0,109.0,candidate,
img_02_3436787300_00007,data/raw/GC10-DET/8/img_02_3436787300_00007.jpg,data/raw/GC10-DET/lable/img_02_3436787300_00007.xml,8,img_02_3436787300_00007.jpg,8_yahen,7,rolled_pit,1707.0,506.0,1808.0,596.0,101.0,90.0,candidate,
img_02_3436787300_00007,data/raw/GC10-DET/8/img_02_3436787300_00007.jpg,data/raw/GC10-DET/lable/img_02_3436787300_00007.xml,8,img_02_3436787300_00007.jpg,8_yahen,7,rolled_pit,1456.0,1.0,1553.0,108.0,97.0,107.0,candidate,
img_02_3436787300_00007,data/raw/GC10-DET/8/img_02_3436787300_00007.jpg,data/raw/GC10-DET/lable/img_02_3436787300_00007.xml,8,img_02_3436787300_00007.jpg,8_yahen,7,rolled_pit,1637.0,1.0,1738.0,125.0,101.0,124.0,candidate,
img_02_3436788500_00879,data/raw/GC10-DET/3/img_02_3436788500_00879.jpg,data/raw/GC10-DET/lable/img_02_3436788500_00879.xml,3,img_02_3436788500_00879.jpg,3_yueyawan,2,crescent_gap,138.0,344.0,390.0,852.0,252.0,508.0,candidate,
img_02_3436788500_00879,data/raw/GC10-DET/3/img_02_3436788500_00879.jpg,data/raw/GC10-DET/lable/img_02_3436788500_00879.xml,3,img_02_3436788500_00879.jpg,2_hanfeng,1,welding_line,351.0,560.0,2048.0,619.0,1697.0,59.0,candidate,
img_02_3436789300_00908,data/raw/GC10-DET/6/img_02_3436789300_00908.jpg,data/raw/GC10-DET/lable/img_02_3436789300_00908.xml,6,img_02_3436789300_00908.jpg,6_siban,5,silk_spot,1233.0,103.0,1918.0,863.0,685.0,760.0,candidate,
img_02_3436789500_00005,data/raw/GC10-DET/9/img_02_3436789500_00005.jpg,data/raw/GC10-DET/lable/img_02_3436789500_00005.xml,9,img_02_3436789500_00005.jpg,9_zhehen,8,crease,4.0,614.0,1046.0,711.0,1042.0,97.0,candidate,
img_02_3436789500_00005,data/raw/GC10-DET/9/img_02_3436789500_00005.jpg,data/raw/GC10-DET/lable/img_02_3436789500_00005.xml,9,img_02_3436789500_00005.jpg,9_zhehen,8,crease,399.0,13.0,1019.0,73.0,620.0,60.0,candidate,
img_02_3436813700_00265,data/raw/GC10-DET/4/img_02_3436813700_00265.jpg,data/raw/GC10-DET/lable/img_02_3436813700_00265.xml,4,img_02_3436813700_00265.jpg,4_shuiban,3,water_spot,240.0,4.0,745.0,1000.0,505.0,996.0,candidate,
img_02_3436813700_00267,data/raw/GC10-DET/4/img_02_3436813700_00267.jpg,data/raw/GC10-DET/lable/img_02_3436813700_00267.xml,4,img_02_3436813700_00267.jpg,4_shuiban,3,water_spot,361.0,606.0,702.0,1000.0,341.0,394.0,candidate,
img_02_3436813700_00269,data/raw/GC10-DET/4/img_02_3436813700_00269.jpg,data/raw/GC10-DET/lable/img_02_3436813700_00269.xml,4,img_02_3436813700_00269.jpg,4_shuiban,3,water_spot,325.0,486.0,745.0,1000.0,420.0,514.0,candidate,
img_02_3436813700_00269,data/raw/GC10-DET/4/img_02_3436813700_00269.jpg,data/raw/GC10-DET/lable/img_02_3436813700_00269.xml,4,img_02_3436813700_00269.jpg,4_shuiban,3,water_spot,443.0,30.0,826.0,247.0,383.0,217.0,candidate,
img_02_3436813700_00270,data/raw/GC10-DET/4/img_02_3436813700_00270.jpg,data/raw/GC10-DET/lable/img_02_3436813700_00270.xml,4,img_02_3436813700_00270.jpg,4_shuiban,3,water_spot,330.0,19.0,884.0,1000.0,554.0,981.0,candidate,
img_02_3436813700_00273,data/raw/GC10-DET/4/img_02_3436813700_00273.jpg,data/raw/GC10-DET/lable/img_02_3436813700_00273.xml,4,img_02_3436813700_00273.jpg,4_shuiban,3,water_spot,351.0,640.0,713.0,1000.0,362.0,360.0,candidate,
img_02_3436813700_00273,data/raw/GC10-DET/4/img_02_3436813700_00273.jpg,data/raw/GC10-DET/lable/img_02_3436813700_00273.xml,4,img_02_3436813700_00273.jpg,4_shuiban,3,water_spot,505.0,89.0,749.0,513.0,244.0,424.0,candidate,
img_02_3436813700_00274,data/raw/GC10-DET/4/img_02_3436813700_00274.jpg,data/raw/GC10-DET/lable/img_02_3436813700_00274.xml,4,img_02_3436813700_00274.jpg,4_shuiban,3,water_spot,351.0,7.0,774.0,994.0,423.0,987.0,candidate,
img_02_3436813700_00275,data/raw/GC10-DET/4/img_02_3436813700_00275.jpg,data/raw/GC10-DET/lable/img_02_3436813700_00275.xml,4,img_02_3436813700_00275.jpg,4_shuiban,3,water_spot,331.0,7.0,828.0,691.0,497.0,684.0,candidate,
img_02_3436813700_00276,data/raw/GC10-DET/4/img_02_3436813700_00276.jpg,data/raw/GC10-DET/lable/img_02_3436813700_00276.xml,4,img_02_3436813700_00276.jpg,4_shuiban,3,water_spot,358.0,24.0,805.0,981.0,447.0,957.0,candidate,
img_02_3436813700_00298,data/raw/GC10-DET/4/img_02_3436813700_00298.jpg,data/raw/GC10-DET/lable/img_02_3436813700_00298.xml,4,img_02_3436813700_00298.jpg,4_shuiban,3,water_spot,349.0,4.0,784.0,975.0,435.0,971.0,candidate,
img_02_3436813700_00300,data/raw/GC10-DET/4/img_02_3436813700_00300.jpg,data/raw/GC10-DET/lable/img_02_3436813700_00300.xml,4,img_02_3436813700_00300.jpg,4_shuiban,3,water_spot,477.0,16.0,853.0,971.0,376.0,955.0,candidate,
img_02_3436813700_00301,data/raw/GC10-DET/4/img_02_3436813700_00301.jpg,data/raw/GC10-DET/lable/img_02_3436813700_00301.xml,4,img_02_3436813700_00301.jpg,4_shuiban,3,water_spot,423.0,17.0,823.0,1000.0,400.0,983.0,candidate,
img_02_3436813700_00302,data/raw/GC10-DET/4/img_02_3436813700_00302.jpg,data/raw/GC10-DET/lable/img_02_3436813700_00302.xml,4,img_02_3436813700_00302.jpg,4_shuiban,3,water_spot,446.0,19.0,882.0,960.0,436.0,941.0,candidate,
img_02_3436813700_00303,data/raw/GC10-DET/4/img_02_3436813700_00303.jpg,data/raw/GC10-DET/lable/img_02_3436813700_00303.xml,4,img_02_3436813700_00303.jpg,4_shuiban,3,water_spot,510.0,11.0,848.0,996.0,338.0,985.0,candidate,
img_02_3436813700_00306,data/raw/GC10-DET/4/img_02_3436813700_00306.jpg,data/raw/GC10-DET/lable/img_02_3436813700_00306.xml,4,img_02_3436813700_00306.jpg,4_shuiban,3,water_spot,508.0,9.0,864.0,853.0,356.0,844.0,candidate,
img_02_3436813700_00306,data/raw/GC10-DET/4/img_02_3436813700_00306.jpg,data/raw/GC10-DET/lable/img_02_3436813700_00306.xml,4,img_02_3436813700_00306.jpg,4_shuiban,3,water_spot,289.0,574.0,623.0,989.0,334.0,415.0,candidate,
img_02_3436813700_00307,data/raw/GC10-DET/4/img_02_3436813700_00307.jpg,data/raw/GC10-DET/lable/img_02_3436813700_00307.xml,4,img_02_3436813700_00307.jpg,4_shuiban,3,water_spot,499.0,9.0,862.0,775.0,363.0,766.0,candidate,
img_02_3436813700_00309,data/raw/GC10-DET/4/img_02_3436813700_00309.jpg,data/raw/GC10-DET/lable/img_02_3436813700_00309.xml,4,img_02_3436813700_00309.jpg,4_shuiban,3,water_spot,438.0,1.0,884.0,989.0,446.0,988.0,candidate,
img_02_3436813700_00318,data/raw/GC10-DET/4/img_02_3436813700_00318.jpg,data/raw/GC10-DET/lable/img_02_3436813700_00318.xml,4,img_02_3436813700_00318.jpg,4_shuiban,3,water_spot,584.0,74.0,988.0,973.0,404.0,899.0,candidate,
img_02_3436813700_00320,data/raw/GC10-DET/4/img_02_3436813700_00320.jpg,data/raw/GC10-DET/lable/img_02_3436813700_00320.xml,4,img_02_3436813700_00320.jpg,4_shuiban,3,water_spot,577.0,3.0,969.0,983.0,392.0,980.0,candidate,
img_02_3436813700_00321,data/raw/GC10-DET/4/img_02_3436813700_00321.jpg,data/raw/GC10-DET/lable/img_02_3436813700_00321.xml,4,img_02_3436813700_00321.jpg,4_shuiban,3,water_spot,581.0,76.0,907.0,984.0,326.0,908.0,candidate,
img_02_3436813700_00322,data/raw/GC10-DET/4/img_02_3436813700_00322.jpg,data/raw/GC10-DET/lable/img_02_3436813700_00322.xml,4,img_02_3436813700_00322.jpg,4_shuiban,3,water_spot,558.0,265.0,895.0,994.0,337.0,729.0,candidate,
img_02_3436813700_00326,data/raw/GC10-DET/4/img_02_3436813700_00326.jpg,data/raw/GC10-DET/lable/img_02_3436813700_00326.xml,4,img_02_3436813700_00326.jpg,4_shuiban,3,water_spot,585.0,32.0,953.0,1000.0,368.0,968.0,candidate,
img_02_3436813700_00329,data/raw/GC10-DET/4/img_02_3436813700_00329.jpg,data/raw/GC10-DET/lable/img_02_3436813700_00329.xml,4,img_02_3436813700_00329.jpg,4_shuiban,3,water_spot,567.0,60.0,948.0,963.0,381.0,903.0,candidate,
img_02_3436813700_00335,data/raw/GC10-DET/4/img_02_3436813700_00335.jpg,data/raw/GC10-DET/lable/img_02_3436813700_00335.xml,4,img_02_3436813700_00335.jpg,4_shuiban,3,water_spot,553.0,16.0,959.0,937.0,406.0,921.0,candidate,
img_02_3436813700_00773,data/raw/GC10-DET/4/img_02_3436813700_00773.jpg,data/raw/GC10-DET/lable/img_02_3436813700_00773.xml,4,img_02_3436813700_00773.jpg,4_shuiban,3,water_spot,388.0,307.0,730.0,978.0,342.0,671.0,candidate,
img_02_3436813700_00788,data/raw/GC10-DET/4/img_02_3436813700_00788.jpg,data/raw/GC10-DET/lable/img_02_3436813700_00788.xml,4,img_02_3436813700_00788.jpg,4_shuiban,3,water_spot,371.0,30.0,833.0,1000.0,462.0,970.0,candidate,
img_02_3436813700_00790,data/raw/GC10-DET/4/img_02_3436813700_00790.jpg,data/raw/GC10-DET/lable/img_02_3436813700_00790.xml,4,img_02_3436813700_00790.jpg,4_shuiban,3,water_spot,297.0,11.0,764.0,984.0,467.0,973.0,candidate,
img_02_3436813700_00794,data/raw/GC10-DET/4/img_02_3436813700_00794.jpg,data/raw/GC10-DET/lable/img_02_3436813700_00794.xml,4,img_02_3436813700_00794.jpg,4_shuiban,3,water_spot,367.0,52.0,748.0,991.0,381.0,939.0,candidate,
img_02_3436813700_00798,data/raw/GC10-DET/4/img_02_3436813700_00798.jpg,data/raw/GC10-DET/lable/img_02_3436813700_00798.xml,4,img_02_3436813700_00798.jpg,4_shuiban,3,water_spot,353.0,21.0,771.0,970.0,418.0,949.0,candidate,
img_02_3436816100_00147,data/raw/GC10-DET/7/img_02_3436816100_00147.jpg,data/raw/GC10-DET/lable/img_02_3436816100_00147.xml,7,img_02_3436816100_00147.jpg,7_yiwu,6,inclusion,1423.0,611.0,1461.0,657.0,38.0,46.0,candidate,
img_02_3436816100_00148,data/raw/GC10-DET/7/img_02_3436816100_00148.jpg,data/raw/GC10-DET/lable/img_02_3436816100_00148.xml,7,img_02_3436816100_00148.jpg,7_yiwu,6,inclusion,1424.0,338.0,1465.0,393.0,41.0,55.0,candidate,
img_02_3436816100_00148,data/raw/GC10-DET/7/img_02_3436816100_00148.jpg,data/raw/GC10-DET/lable/img_02_3436816100_00148.xml,7,img_02_3436816100_00148.jpg,7_yiwu,6,inclusion,1424.0,86.0,1456.0,119.0,32.0,33.0,candidate,
img_02_3436816100_00148,data/raw/GC10-DET/7/img_02_3436816100_00148.jpg,data/raw/GC10-DET/lable/img_02_3436816100_00148.xml,7,img_02_3436816100_00148.jpg,7_yiwu,6,inclusion,1424.0,843.0,1454.0,871.0,30.0,28.0,candidate,
img_02_3436816100_00150,data/raw/GC10-DET/7/img_02_3436816100_00150.jpg,data/raw/GC10-DET/lable/img_02_3436816100_00150.xml,7,img_02_3436816100_00150.jpg,7_yiwu,6,inclusion,1421.0,519.0,1465.0,579.0,44.0,60.0,candidate,
img_02_3436816100_00150,data/raw/GC10-DET/7/img_02_3436816100_00150.jpg,data/raw/GC10-DET/lable/img_02_3436816100_00150.xml,7,img_02_3436816100_00150.jpg,7_yiwu,6,inclusion,1421.0,1.0,1465.0,17.0,44.0,16.0,candidate,
img_02_3436816100_00152,data/raw/GC10-DET/7/img_02_3436816100_00152.jpg,data/raw/GC10-DET/lable/img_02_3436816100_00152.xml,7,img_02_3436816100_00152.jpg,7_yiwu,6,inclusion,1424.0,698.0,1464.0,755.0,40.0,57.0,candidate,
img_02_3436816100_00152,data/raw/GC10-DET/7/img_02_3436816100_00152.jpg,data/raw/GC10-DET/lable/img_02_3436816100_00152.xml,7,img_02_3436816100_00152.jpg,7_yiwu,6,inclusion,1424.0,165.0,1461.0,213.0,37.0,48.0,candidate,
img_02_3436816100_00153,data/raw/GC10-DET/7/img_02_3436816100_00153.jpg,data/raw/GC10-DET/lable/img_02_3436816100_00153.xml,7,img_02_3436816100_00153.jpg,7_yiwu,6,inclusion,1418.0,622.0,1459.0,665.0,41.0,43.0,candidate,
img_02_3437009400_00001,data/raw/GC10-DET/2/img_02_3437009400_00001.jpg,data/raw/GC10-DET/lable/img_02_3437009400_00001.xml,2,img_02_3437009400_00001.jpg,2_hanfeng,1,welding_line,3.0,189.0,2048.0,266.0,2045.0,77.0,candidate,
img_02_3437009400_00001,data/raw/GC10-DET/2/img_02_3437009400_00001.jpg,data/raw/GC10-DET/lable/img_02_3437009400_00001.xml,2,img_02_3437009400_00001.jpg,1_chongkong,0,punching_hole,2015.0,376.0,2048.0,429.0,33.0,53.0,candidate,
img_02_424714400_00010,data/raw/GC10-DET/4/img_02_424714400_00010.jpg,data/raw/GC10-DET/lable/img_02_424714400_00010.xml,4,img_02_424714400_00010.jpg,4_shuiban,3,water_spot,1766.0,440.0,1923.0,716.0,157.0,276.0,candidate,
img_02_424799200_00150,data/raw/GC10-DET/7/img_02_424799200_00150.jpg,data/raw/GC10-DET/lable/img_02_424799200_00150.xml,7,img_02_424799200_00150.jpg,6_siban,5,silk_spot,1072.0,381.0,1141.0,470.0,69.0,89.0,candidate,
img_02_424799200_00150,data/raw/GC10-DET/7/img_02_424799200_00150.jpg,data/raw/GC10-DET/lable/img_02_424799200_00150.xml,7,img_02_424799200_00150.jpg,4_shuiban,3,water_spot,36.0,823.0,128.0,995.0,92.0,172.0,candidate,
img_02_424799200_00178,data/raw/GC10-DET/5/img_02_424799200_00178.jpg,data/raw/GC10-DET/lable/img_02_424799200_00178.xml,5,img_02_424799200_00178.jpg,5_youban,4,oil_spot,970.0,526.0,1389.0,693.0,419.0,167.0,candidate,
img_02_424799200_00250,data/raw/GC10-DET/5/img_02_424799200_00250.jpg,data/raw/GC10-DET/lable/img_02_424799200_00250.xml,5,img_02_424799200_00250.jpg,5_youban,4,oil_spot,1456.0,827.0,1708.0,954.0,252.0,127.0,candidate,
img_02_424799200_00387,data/raw/GC10-DET/4/img_02_424799200_00387.jpg,data/raw/GC10-DET/lable/img_02_424799200_00387.xml,4,img_02_424799200_00387.jpg,4_shuiban,3,water_spot,1176.0,835.0,1365.0,1000.0,189.0,165.0,candidate,
img_02_424799200_00450,data/raw/GC10-DET/4/img_02_424799200_00450.jpg,data/raw/GC10-DET/lable/img_02_424799200_00450.xml,4,img_02_424799200_00450.jpg,4_shuiban,3,water_spot,1072.0,696.0,1330.0,904.0,258.0,208.0,candidate,
img_02_424799300_00040,data/raw/GC10-DET/4/img_02_424799300_00040.jpg,data/raw/GC10-DET/lable/img_02_424799300_00040.xml,4,img_02_424799300_00040.jpg,4_shuiban,3,water_spot,797.0,106.0,1000.0,353.0,203.0,247.0,candidate,
img_02_424799300_00072,data/raw/GC10-DET/4/img_02_424799300_00072.jpg,data/raw/GC10-DET/lable/img_02_424799300_00072.xml,4,img_02_424799300_00072.jpg,4_shuiban,3,water_spot,1508.0,824.0,1676.0,1000.0,168.0,176.0,candidate,
img_02_424799300_00146,data/raw/GC10-DET/4/img_02_424799300_00146.jpg,data/raw/GC10-DET/lable/img_02_424799300_00146.xml,4,img_02_424799300_00146.jpg,4_shuiban,3,water_spot,884.0,186.0,1094.0,424.0,210.0,238.0,candidate,
img_02_424799300_00850,data/raw/GC10-DET/7/img_02_424799300_00850.jpg,data/raw/GC10-DET/lable/img_02_424799300_00850.xml,7,img_02_424799300_00850.jpg,7_yiwu,6,inclusion,1423.0,49.0,1450.0,78.0,27.0,29.0,candidate,
img_02_424799600_00382,data/raw/GC10-DET/7/img_02_424799600_00382.jpg,data/raw/GC10-DET/lable/img_02_424799600_00382.xml,7,img_02_424799600_00382.jpg,7_yiwu,6,inclusion,599.0,467.0,623.0,497.0,24.0,30.0,candidate,
img_02_425237000_00520,data/raw/GC10-DET/4/img_02_425237000_00520.jpg,data/raw/GC10-DET/lable/img_02_425237000_00520.xml,4,img_02_425237000_00520.jpg,4_shuiban,3,water_spot,576.0,642.0,777.0,868.0,201.0,226.0,candidate,
img_02_425237600_00302,data/raw/GC10-DET/4/img_02_425237600_00302.jpg,data/raw/GC10-DET/lable/img_02_425237600_00302.xml,4,img_02_425237600_00302.jpg,4_shuiban,3,water_spot,1254.0,37.0,1503.0,255.0,249.0,218.0,candidate,
img_02_425243200_00115,data/raw/GC10-DET/6/img_02_425243200_00115.jpg,data/raw/GC10-DET/lable/img_02_425243200_00115.xml,6,img_02_425243200_00115.jpg,6_siban,5,silk_spot,135.0,80.0,579.0,796.0,444.0,716.0,candidate,
img_02_425243200_00533,data/raw/GC10-DET/6/img_02_425243200_00533.jpg,data/raw/GC10-DET/lable/img_02_425243200_00533.xml,6,img_02_425243200_00533.jpg,6_siban,5,silk_spot,64.0,106.0,754.0,824.0,690.0,718.0,candidate,
img_02_425243200_00536,data/raw/GC10-DET/6/img_02_425243200_00536.jpg,data/raw/GC10-DET/lable/img_02_425243200_00536.xml,6,img_02_425243200_00536.jpg,6_siban,5,silk_spot,92.0,116.0,748.0,788.0,656.0,672.0,candidate,
img_02_425243200_00561,data/raw/GC10-DET/6/img_02_425243200_00561.jpg,data/raw/GC10-DET/lable/img_02_425243200_00561.xml,6,img_02_425243200_00561.jpg,6_siban,5,silk_spot,69.0,125.0,730.0,681.0,661.0,556.0,candidate,
img_02_425243200_00563,data/raw/GC10-DET/6/img_02_425243200_00563.jpg,data/raw/GC10-DET/lable/img_02_425243200_00563.xml,6,img_02_425243200_00563.jpg,6_siban,5,silk_spot,135.0,139.0,602.0,716.0,467.0,577.0,candidate,
img_02_425243400_00044,data/raw/GC10-DET/6/img_02_425243400_00044.jpg,data/raw/GC10-DET/lable/img_02_425243400_00044.xml,6,img_02_425243400_00044.jpg,6_siban,5,silk_spot,751.0,147.0,1346.0,627.0,595.0,480.0,candidate,
img_02_425243400_00052,data/raw/GC10-DET/6/img_02_425243400_00052.jpg,data/raw/GC10-DET/lable/img_02_425243400_00052.xml,6,img_02_425243400_00052.jpg,6_siban,5,silk_spot,172.0,165.0,726.0,732.0,554.0,567.0,candidate,
img_02_425243400_00057,data/raw/GC10-DET/6/img_02_425243400_00057.jpg,data/raw/GC10-DET/lable/img_02_425243400_00057.xml,6,img_02_425243400_00057.jpg,6_siban,5,silk_spot,56.0,109.0,540.0,627.0,484.0,518.0,candidate,
img_02_425383400_00356,data/raw/GC10-DET/7/img_02_425383400_00356.jpg,data/raw/GC10-DET/lable/img_02_425383400_00356.xml,7,img_02_425383400_00356.jpg,7_yiwu,6,inclusion,726.0,325.0,762.0,367.0,36.0,42.0,candidate,
img_02_425383400_00358,data/raw/GC10-DET/7/img_02_425383400_00358.jpg,data/raw/GC10-DET/lable/img_02_425383400_00358.xml,7,img_02_425383400_00358.jpg,7_yiwu,6,inclusion,715.0,434.0,776.0,501.0,61.0,67.0,candidate,
img_02_425389800_00017,data/raw/GC10-DET/2/img_02_425389800_00017.jpg,data/raw/GC10-DET/lable/img_02_425389800_00017.xml,2,img_02_425389800_00017.jpg,2_hanfeng,1,welding_line,322.0,124.0,2048.0,197.0,1726.0,73.0,candidate,
img_02_425389800_00017,data/raw/GC10-DET/2/img_02_425389800_00017.jpg,data/raw/GC10-DET/lable/img_02_425389800_00017.xml,2,img_02_425389800_00017.jpg,3_yueyawan,2,crescent_gap,147.0,1.0,365.0,451.0,218.0,450.0,candidate,
img_02_425389800_00017,data/raw/GC10-DET/2/img_02_425389800_00017.jpg,data/raw/GC10-DET/lable/img_02_425389800_00017.xml,2,img_02_425389800_00017.jpg,1_chongkong,0,punching_hole,2030.0,317.0,2048.0,349.0,18.0,32.0,candidate,
img_02_425390000_00017,data/raw/GC10-DET/2/img_02_425390000_00017.jpg,data/raw/GC10-DET/lable/img_02_425390000_00017.xml,2,img_02_425390000_00017.jpg,2_hanfeng,1,welding_line,310.0,637.0,2048.0,694.0,1738.0,57.0,candidate,
img_02_425390000_00017,data/raw/GC10-DET/2/img_02_425390000_00017.jpg,data/raw/GC10-DET/lable/img_02_425390000_00017.xml,2,img_02_425390000_00017.jpg,3_yueyawan,2,crescent_gap,132.0,376.0,348.0,936.0,216.0,560.0,candidate,
img_02_425390000_00017,data/raw/GC10-DET/2/img_02_425390000_00017.jpg,data/raw/GC10-DET/lable/img_02_425390000_00017.xml,2,img_02_425390000_00017.jpg,1_chongkong,0,punching_hole,2002.0,806.0,2048.0,855.0,46.0,49.0,candidate,
img_02_425391000_00490,data/raw/GC10-DET/7/img_02_425391000_00490.jpg,data/raw/GC10-DET/lable/img_02_425391000_00490.xml,7,img_02_425391000_00490.jpg,7_yiwu,6,inclusion,1067.0,91.0,1225.0,182.0,158.0,91.0,candidate,
img_02_425391000_00490,data/raw/GC10-DET/7/img_02_425391000_00490.jpg,data/raw/GC10-DET/lable/img_02_425391000_00490.xml,7,img_02_425391000_00490.jpg,4_shuiban,3,water_spot,997.0,1.0,1097.0,79.0,100.0,78.0,candidate,
img_02_425391100_00017,data/raw/GC10-DET/2/img_02_425391100_00017.jpg,data/raw/GC10-DET/lable/img_02_425391100_00017.xml,2,img_02_425391100_00017.jpg,2_hanfeng,1,welding_line,7.0,7.0,2048.0,62.0,2041.0,55.0,candidate,
img_02_425391100_00017,data/raw/GC10-DET/2/img_02_425391100_00017.jpg,data/raw/GC10-DET/lable/img_02_425391100_00017.xml,2,img_02_425391100_00017.jpg,1_chongkong,0,punching_hole,1989.0,155.0,2048.0,217.0,59.0,62.0,candidate,
img_02_425391700_00019,data/raw/GC10-DET/2/img_02_425391700_00019.jpg,data/raw/GC10-DET/lable/img_02_425391700_00019.xml,2,img_02_425391700_00019.jpg,2_hanfeng,1,welding_line,2.0,125.0,2048.0,209.0,2046.0,84.0,candidate,
img_02_425391700_00019,data/raw/GC10-DET/2/img_02_425391700_00019.jpg,data/raw/GC10-DET/lable/img_02_425391700_00019.xml,2,img_02_425391700_00019.jpg,1_chongkong,0,punching_hole,1980.0,303.0,2048.0,356.0,68.0,53.0,candidate,
img_02_425391800_00025,data/raw/GC10-DET/4/img_02_425391800_00025.jpg,data/raw/GC10-DET/lable/img_02_425391800_00025.xml,4,img_02_425391800_00025.jpg,4_shuiban,3,water_spot,346.0,811.0,510.0,973.0,164.0,162.0,candidate,
img_02_425392000_00984,data/raw/GC10-DET/7/img_02_425392000_00984.jpg,data/raw/GC10-DET/lable/img_02_425392000_00984.xml,7,img_02_425392000_00984.jpg,7_yiwu,6,inclusion,1792.0,738.0,1880.0,808.0,88.0,70.0,candidate,
img_02_425392000_00984,data/raw/GC10-DET/7/img_02_425392000_00984.jpg,data/raw/GC10-DET/lable/img_02_425392000_00984.xml,7,img_02_425392000_00984.jpg,4_shuiban,3,water_spot,1908.0,557.0,1962.0,611.0,54.0,54.0,candidate,
img_02_425392000_00990,data/raw/GC10-DET/7/img_02_425392000_00990.jpg,data/raw/GC10-DET/lable/img_02_425392000_00990.xml,7,img_02_425392000_00990.jpg,7_yiwu,6,inclusion,1819.0,769.0,1886.0,824.0,67.0,55.0,candidate,
img_02_425392000_00996,data/raw/GC10-DET/7/img_02_425392000_00996.jpg,data/raw/GC10-DET/lable/img_02_425392000_00996.xml,7,img_02_425392000_00996.jpg,7_yiwu,6,inclusion,1823.0,790.0,1915.0,848.0,92.0,58.0,candidate,
img_02_425392300_00834,data/raw/GC10-DET/7/img_02_425392300_00834.jpg,data/raw/GC10-DET/lable/img_02_425392300_00834.xml,7,img_02_425392300_00834.jpg,7_yiwu,6,inclusion,1177.0,495.0,1256.0,543.0,79.0,48.0,candidate,
img_02_425392300_00834,data/raw/GC10-DET/7/img_02_425392300_00834.jpg,data/raw/GC10-DET/lable/img_02_425392300_00834.xml,7,img_02_425392300_00834.jpg,7_yiwu,6,inclusion,847.0,503.0,900.0,566.0,53.0,63.0,candidate,
img_02_425392400_00018,data/raw/GC10-DET/2/img_02_425392400_00018.jpg,data/raw/GC10-DET/lable/img_02_425392400_00018.xml,2,img_02_425392400_00018.jpg,2_hanfeng,1,welding_line,2.0,819.0,2048.0,880.0,2046.0,61.0,candidate,
img_02_425392400_00018,data/raw/GC10-DET/2/img_02_425392400_00018.jpg,data/raw/GC10-DET/lable/img_02_425392400_00018.xml,2,img_02_425392400_00018.jpg,5_youban,4,oil_spot,981.0,546.0,1219.0,627.0,238.0,81.0,candidate,
img_02_425392400_00018,data/raw/GC10-DET/2/img_02_425392400_00018.jpg,data/raw/GC10-DET/lable/img_02_425392400_00018.xml,2,img_02_425392400_00018.jpg,5_youban,4,oil_spot,2000.0,559.0,2048.0,628.0,48.0,69.0,candidate,
img_02_425392400_00020,data/raw/GC10-DET/8/img_02_425392400_00020.jpg,data/raw/GC10-DET/lable/img_02_425392400_00020.xml,8,img_02_425392400_00020.jpg,8_yahen,7,rolled_pit,481.0,157.0,1059.0,330.0,578.0,173.0,candidate,
img_02_425392400_00022,data/raw/GC10-DET/7/img_02_425392400_00022.jpg,data/raw/GC10-DET/lable/img_02_425392400_00022.xml,7,img_02_425392400_00022.jpg,7_yiwu,6,inclusion,1135.0,561.0,1213.0,618.0,78.0,57.0,candidate,
img_02_425392500_00017,data/raw/GC10-DET/2/img_02_425392500_00017.jpg,data/raw/GC10-DET/lable/img_02_425392500_00017.xml,2,img_02_425392500_00017.jpg,2_hanfeng,1,welding_line,5.0,16.0,2048.0,66.0,2043.0,50.0,candidate,
img_02_425392500_00017,data/raw/GC10-DET/2/img_02_425392500_00017.jpg,data/raw/GC10-DET/lable/img_02_425392500_00017.xml,2,img_02_425392500_00017.jpg,1_chongkong,0,punching_hole,2023.0,187.0,2048.0,224.0,25.0,37.0,candidate,
img_02_425501100_00688,data/raw/GC10-DET/7/img_02_425501100_00688.jpg,data/raw/GC10-DET/lable/img_02_425501100_00688.xml,7,img_02_425501100_00688.jpg,7_yiwu,6,inclusion,863.0,645.0,914.0,702.0,51.0,57.0,candidate,
img_02_425501100_00688,data/raw/GC10-DET/7/img_02_425501100_00688.jpg,data/raw/GC10-DET/lable/img_02_425501100_00688.xml,7,img_02_425501100_00688.jpg,7_yiwu,6,inclusion,738.0,648.0,817.0,684.0,79.0,36.0,candidate,
img_02_425501900_00017,data/raw/GC10-DET/1/img_02_425501900_00017.jpg,data/raw/GC10-DET/lable/img_02_425501900_00017.xml,all,img_02_425501900_00017.jpg,1_chongkong,0,punching_hole,1995.0,1.0,2048.0,42.0,53.0,41.0,candidate,
img_02_425501900_00017,data/raw/GC10-DET/1/img_02_425501900_00017.jpg,data/raw/GC10-DET/lable/img_02_425501900_00017.xml,all,img_02_425501900_00017.jpg,4_shuiban,3,water_spot,407.0,733.0,1088.0,786.0,681.0,53.0,candidate,
img_02_425501900_00018,data/raw/GC10-DET/2/img_02_425501900_00018.jpg,data/raw/GC10-DET/lable/img_02_425501900_00018.xml,2,img_02_425501900_00018.jpg,2_hanfeng,1,welding_line,1.0,812.0,2048.0,870.0,2047.0,58.0,candidate,
img_02_425501900_00018,data/raw/GC10-DET/2/img_02_425501900_00018.jpg,data/raw/GC10-DET/lable/img_02_425501900_00018.xml,2,img_02_425501900_00018.jpg,5_youban,4,oil_spot,1103.0,257.0,1219.0,828.0,116.0,571.0,candidate,
img_02_425501900_00018,data/raw/GC10-DET/2/img_02_425501900_00018.jpg,data/raw/GC10-DET/lable/img_02_425501900_00018.xml,2,img_02_425501900_00018.jpg,5_youban,4,oil_spot,1529.0,690.0,1640.0,798.0,111.0,108.0,candidate,
img_02_425502300_00018,data/raw/GC10-DET/1/img_02_425502300_00018.jpg,data/raw/GC10-DET/lable/img_02_425502300_00018.xml,1,img_02_425502300_00018.jpg,1_chongkong,0,punching_hole,1973.0,623.0,2046.0,674.0,73.0,51.0,candidate,
img_02_425502300_00338,data/raw/GC10-DET/7/img_02_425502300_00338.jpg,data/raw/GC10-DET/lable/img_02_425502300_00338.xml,7,img_02_425502300_00338.jpg,7_yiwu,6,inclusion,1587.0,837.0,1674.0,953.0,87.0,116.0,candidate,
img_02_425503000_00020,data/raw/GC10-DET/7/img_02_425503000_00020.jpg,data/raw/GC10-DET/lable/img_02_425503000_00020.xml,7,img_02_425503000_00020.jpg,7_yiwu,6,inclusion,547.0,126.0,607.0,172.0,60.0,46.0,candidate,
img_02_425503100_00017,data/raw/GC10-DET/1/img_02_425503100_00017.jpg,data/raw/GC10-DET/lable/img_02_425503100_00017.xml,1,img_02_425503100_00017.jpg,1_chongkong,0,punching_hole,1992.0,125.0,2048.0,177.0,56.0,52.0,candidate,
img_02_425503500_00017,data/raw/GC10-DET/2/img_02_425503500_00017.jpg,data/raw/GC10-DET/lable/img_02_425503500_00017.xml,2,img_02_425503500_00017.jpg,2_hanfeng,1,welding_line,3.0,57.0,2047.0,115.0,2044.0,58.0,candidate,
img_02_425503500_00017,data/raw/GC10-DET/2/img_02_425503500_00017.jpg,data/raw/GC10-DET/lable/img_02_425503500_00017.xml,2,img_02_425503500_00017.jpg,1_chongkong,0,punching_hole,1980.0,228.0,2048.0,287.0,68.0,59.0,candidate,
img_02_425503800_00019,data/raw/GC10-DET/7/img_02_425503800_00019.jpg,data/raw/GC10-DET/lable/img_02_425503800_00019.xml,7,img_02_425503800_00019.jpg,7_yiwu,6,inclusion,247.0,233.0,319.0,284.0,72.0,51.0,candidate,
img_02_425504800_00019,data/raw/GC10-DET/2/img_02_425504800_00019.jpg,data/raw/GC10-DET/lable/img_02_425504800_00019.xml,2,img_02_425504800_00019.jpg,2_hanfeng,1,welding_line,2.0,947.0,2048.0,994.0,2046.0,47.0,candidate,
img_02_425505100_00022,data/raw/GC10-DET/7/img_02_425505100_00022.jpg,data/raw/GC10-DET/lable/img_02_425505100_00022.xml,7,img_02_425505100_00022.jpg,7_yiwu,6,inclusion,792.0,812.0,839.0,859.0,47.0,47.0,candidate,
img_02_425505400_01038,data/raw/GC10-DET/6/img_02_425505400_01038.jpg,data/raw/GC10-DET/lable/img_02_425505400_01038.xml,6,img_02_425505400_01038.jpg,6_siban,5,silk_spot,1079.0,335.0,1282.0,721.0,203.0,386.0,candidate,
img_02_425505500_00018,data/raw/GC10-DET/1/img_02_425505500_00018.jpg,data/raw/GC10-DET/lable/img_02_425505500_00018.xml,1,img_02_425505500_00018.jpg,1_chongkong,0,punching_hole,2011.0,108.0,2048.0,151.0,37.0,43.0,candidate,
img_02_425505700_00018,data/raw/GC10-DET/2/img_02_425505700_00018.jpg,data/raw/GC10-DET/lable/img_02_425505700_00018.xml,2,img_02_425505700_00018.jpg,2_hanfeng,1,welding_line,2.0,188.0,2047.0,261.0,2045.0,73.0,candidate,
img_02_425505700_00018,data/raw/GC10-DET/2/img_02_425505700_00018.jpg,data/raw/GC10-DET/lable/img_02_425505700_00018.xml,2,img_02_425505700_00018.jpg,1_chongkong,0,punching_hole,2015.0,374.0,2048.0,426.0,33.0,52.0,candidate,
img_02_425506300_00018,data/raw/GC10-DET/1/img_02_425506300_00018.jpg,data/raw/GC10-DET/lable/img_02_425506300_00018.xml,1,img_02_425506300_00018.jpg,1_chongkong,0,punching_hole,2013.0,614.0,2048.0,658.0,35.0,44.0,candidate,
img_02_425506400_00018,data/raw/GC10-DET/1/img_02_425506400_00018.jpg,data/raw/GC10-DET/lable/img_02_425506400_00018.xml,1,img_02_425506400_00018.jpg,1_chongkong,0,punching_hole,2005.0,660.0,2048.0,712.0,43.0,52.0,candidate,
img_02_425506800_00019,data/raw/GC10-DET/2/img_02_425506800_00019.jpg,data/raw/GC10-DET/lable/img_02_425506800_00019.xml,2,img_02_425506800_00019.jpg,2_hanfeng,1,welding_line,7.0,711.0,2048.0,764.0,2041.0,53.0,candidate,
img_02_425506800_00019,data/raw/GC10-DET/2/img_02_425506800_00019.jpg,data/raw/GC10-DET/lable/img_02_425506800_00019.xml,2,img_02_425506800_00019.jpg,1_chongkong,0,punching_hole,2019.0,879.0,2048.0,922.0,29.0,43.0,candidate,
img_02_425507000_00018,data/raw/GC10-DET/2/img_02_425507000_00018.jpg,data/raw/GC10-DET/lable/img_02_425507000_00018.xml,2,img_02_425507000_00018.jpg,2_hanfeng,1,welding_line,1.0,447.0,2048.0,520.0,2047.0,73.0,candidate,
img_02_425507000_00018,data/raw/GC10-DET/2/img_02_425507000_00018.jpg,data/raw/GC10-DET/lable/img_02_425507000_00018.xml,2,img_02_425507000_00018.jpg,1_chongkong,0,punching_hole,2024.0,632.0,2048.0,668.0,24.0,36.0,candidate,
img_02_425507000_00871,data/raw/GC10-DET/5/img_02_425507000_00871.jpg,data/raw/GC10-DET/lable/img_02_425507000_00871.xml,5,img_02_425507000_00871.jpg,5_youban,4,oil_spot,1928.0,294.0,2048.0,473.0,120.0,179.0,candidate,
img_02_425507000_00871,data/raw/GC10-DET/5/img_02_425507000_00871.jpg,data/raw/GC10-DET/lable/img_02_425507000_00871.xml,5,img_02_425507000_00871.jpg,5_youban,4,oil_spot,1935.0,689.0,2044.0,748.0,109.0,59.0,candidate,
img_02_425507000_00872,data/raw/GC10-DET/5/img_02_425507000_00872.jpg,data/raw/GC10-DET/lable/img_02_425507000_00872.xml,5,img_02_425507000_00872.jpg,5_youban,4,oil_spot,1950.0,50.0,2022.0,112.0,72.0,62.0,candidate,
img_02_425507000_00872,data/raw/GC10-DET/5/img_02_425507000_00872.jpg,data/raw/GC10-DET/lable/img_02_425507000_00872.xml,5,img_02_425507000_00872.jpg,5_youban,4,oil_spot,1932.0,476.0,2035.0,534.0,103.0,58.0,candidate,
img_02_425507000_00872,data/raw/GC10-DET/5/img_02_425507000_00872.jpg,data/raw/GC10-DET/lable/img_02_425507000_00872.xml,5,img_02_425507000_00872.jpg,5_youban,4,oil_spot,1945.0,894.0,2047.0,962.0,102.0,68.0,candidate,
img_02_425507000_00876,data/raw/GC10-DET/5/img_02_425507000_00876.jpg,data/raw/GC10-DET/lable/img_02_425507000_00876.xml,5,img_02_425507000_00876.jpg,5_youban,4,oil_spot,1943.0,730.0,2031.0,804.0,88.0,74.0,candidate,
img_02_425507000_00876,data/raw/GC10-DET/5/img_02_425507000_00876.jpg,data/raw/GC10-DET/lable/img_02_425507000_00876.xml,5,img_02_425507000_00876.jpg,5_youban,4,oil_spot,1938.0,882.0,2027.0,979.0,89.0,97.0,candidate,
img_02_425507000_00882,data/raw/GC10-DET/5/img_02_425507000_00882.jpg,data/raw/GC10-DET/lable/img_02_425507000_00882.xml,5,img_02_425507000_00882.jpg,5_youban,4,oil_spot,1931.0,572.0,2025.0,650.0,94.0,78.0,candidate,
img_02_425507000_00882,data/raw/GC10-DET/5/img_02_425507000_00882.jpg,data/raw/GC10-DET/lable/img_02_425507000_00882.xml,5,img_02_425507000_00882.jpg,5_youban,4,oil_spot,1938.0,725.0,2020.0,830.0,82.0,105.0,candidate,
img_02_425507000_00888,data/raw/GC10-DET/5/img_02_425507000_00888.jpg,data/raw/GC10-DET/lable/img_02_425507000_00888.xml,5,img_02_425507000_00888.jpg,5_youban,4,oil_spot,1938.0,429.0,2028.0,501.0,90.0,72.0,candidate,
img_02_425507000_00900,data/raw/GC10-DET/5/img_02_425507000_00900.jpg,data/raw/GC10-DET/lable/img_02_425507000_00900.xml,5,img_02_425507000_00900.jpg,5_youban,4,oil_spot,1934.0,140.0,2038.0,214.0,104.0,74.0,candidate,
img_02_425507000_00913,data/raw/GC10-DET/5/img_02_425507000_00913.jpg,data/raw/GC10-DET/lable/img_02_425507000_00913.xml,5,img_02_425507000_00913.jpg,5_youban,4,oil_spot,1931.0,865.0,2027.0,947.0,96.0,82.0,candidate,
img_02_425507000_00919,data/raw/GC10-DET/5/img_02_425507000_00919.jpg,data/raw/GC10-DET/lable/img_02_425507000_00919.xml,5,img_02_425507000_00919.jpg,5_youban,4,oil_spot,1927.0,700.0,2032.0,791.0,105.0,91.0,candidate,
img_02_425507000_00931,data/raw/GC10-DET/5/img_02_425507000_00931.jpg,data/raw/GC10-DET/lable/img_02_425507000_00931.xml,5,img_02_425507000_00931.jpg,5_youban,4,oil_spot,1931.0,415.0,2040.0,500.0,109.0,85.0,candidate,
img_02_425507200_00018,data/raw/GC10-DET/1/img_02_425507200_00018.jpg,data/raw/GC10-DET/lable/img_02_425507200_00018.xml,1,img_02_425507200_00018.jpg,1_chongkong,0,punching_hole,2018.0,481.0,2048.0,526.0,30.0,45.0,candidate,
img_02_425507200_01502,data/raw/GC10-DET/5/img_02_425507200_01502.jpg,data/raw/GC10-DET/lable/img_02_425507200_01502.xml,5,img_02_425507200_01502.jpg,6_siban,5,silk_spot,671.0,32.0,1257.0,907.0,586.0,875.0,candidate,
img_02_425507200_01502,data/raw/GC10-DET/5/img_02_425507200_01502.jpg,data/raw/GC10-DET/lable/img_02_425507200_01502.xml,5,img_02_425507200_01502.jpg,5_youban,4,oil_spot,425.0,20.0,478.0,82.0,53.0,62.0,candidate,
img_02_425507200_01502,data/raw/GC10-DET/5/img_02_425507200_01502.jpg,data/raw/GC10-DET/lable/img_02_425507200_01502.xml,5,img_02_425507200_01502.jpg,5_youban,4,oil_spot,432.0,150.0,474.0,190.0,42.0,40.0,candidate,
img_02_425507200_01502,data/raw/GC10-DET/5/img_02_425507200_01502.jpg,data/raw/GC10-DET/lable/img_02_425507200_01502.xml,5,img_02_425507200_01502.jpg,5_youban,4,oil_spot,424.0,308.0,478.0,379.0,54.0,71.0,candidate,
img_02_425507200_01502,data/raw/GC10-DET/5/img_02_425507200_01502.jpg,data/raw/GC10-DET/lable/img_02_425507200_01502.xml,5,img_02_425507200_01502.jpg,5_youban,4,oil_spot,429.0,618.0,475.0,680.0,46.0,62.0,candidate,
img_02_425507200_01502,data/raw/GC10-DET/5/img_02_425507200_01502.jpg,data/raw/GC10-DET/lable/img_02_425507200_01502.xml,5,img_02_425507200_01502.jpg,5_youban,4,oil_spot,431.0,933.0,478.0,979.0,47.0,46.0,candidate,
img_02_425507200_01503,data/raw/GC10-DET/5/img_02_425507200_01503.jpg,data/raw/GC10-DET/lable/img_02_425507200_01503.xml,5,img_02_425507200_01503.jpg,5_youban,4,oil_spot,442.0,80.0,470.0,133.0,28.0,53.0,candidate,
img_02_425507200_01503,data/raw/GC10-DET/5/img_02_425507200_01503.jpg,data/raw/GC10-DET/lable/img_02_425507200_01503.xml,5,img_02_425507200_01503.jpg,5_youban,4,oil_spot,427.0,254.0,475.0,323.0,48.0,69.0,candidate,
img_02_425507200_01503,data/raw/GC10-DET/5/img_02_425507200_01503.jpg,data/raw/GC10-DET/lable/img_02_425507200_01503.xml,5,img_02_425507200_01503.jpg,5_youban,4,oil_spot,442.0,394.0,479.0,440.0,37.0,46.0,candidate,
img_02_425507200_01503,data/raw/GC10-DET/5/img_02_425507200_01503.jpg,data/raw/GC10-DET/lable/img_02_425507200_01503.xml,5,img_02_425507200_01503.jpg,5_youban,4,oil_spot,432.0,568.0,478.0,634.0,46.0,66.0,candidate,
img_02_425507200_01503,data/raw/GC10-DET/5/img_02_425507200_01503.jpg,data/raw/GC10-DET/lable/img_02_425507200_01503.xml,5,img_02_425507200_01503.jpg,5_youban,4,oil_spot,433.0,861.0,471.0,901.0,38.0,40.0,candidate,
img_02_425507200_01504,data/raw/GC10-DET/5/img_02_425507200_01504.jpg,data/raw/GC10-DET/lable/img_02_425507200_01504.xml,5,img_02_425507200_01504.jpg,5_youban,4,oil_spot,433.0,16.0,474.0,65.0,41.0,49.0,candidate,
img_02_425507200_01504,data/raw/GC10-DET/5/img_02_425507200_01504.jpg,data/raw/GC10-DET/lable/img_02_425507200_01504.xml,5,img_02_425507200_01504.jpg,5_youban,4,oil_spot,424.0,158.0,472.0,254.0,48.0,96.0,candidate,
img_02_425507200_01504,data/raw/GC10-DET/5/img_02_425507200_01504.jpg,data/raw/GC10-DET/lable/img_02_425507200_01504.xml,5,img_02_425507200_01504.jpg,5_youban,4,oil_spot,435.0,301.0,474.0,345.0,39.0,44.0,candidate,
img_02_425507200_01504,data/raw/GC10-DET/5/img_02_425507200_01504.jpg,data/raw/GC10-DET/lable/img_02_425507200_01504.xml,5,img_02_425507200_01504.jpg,5_youban,4,oil_spot,429.0,802.0,477.0,852.0,48.0,50.0,candidate,
img_02_425507200_01504,data/raw/GC10-DET/5/img_02_425507200_01504.jpg,data/raw/GC10-DET/lable/img_02_425507200_01504.xml,5,img_02_425507200_01504.jpg,5_youban,4,oil_spot,433.0,602.0,477.0,652.0,44.0,50.0,candidate,
img_02_425507200_01505,data/raw/GC10-DET/5/img_02_425507200_01505.jpg,data/raw/GC10-DET/lable/img_02_425507200_01505.xml,5,img_02_425507200_01505.jpg,5_youban,4,oil_spot,431.0,216.0,490.0,297.0,59.0,81.0,candidate,
img_02_425507200_01505,data/raw/GC10-DET/5/img_02_425507200_01505.jpg,data/raw/GC10-DET/lable/img_02_425507200_01505.xml,5,img_02_425507200_01505.jpg,5_youban,4,oil_spot,418.0,708.0,481.0,782.0,63.0,74.0,candidate,
img_02_425507200_01505,data/raw/GC10-DET/5/img_02_425507200_01505.jpg,data/raw/GC10-DET/lable/img_02_425507200_01505.xml,5,img_02_425507200_01505.jpg,5_youban,4,oil_spot,438.0,826.0,481.0,859.0,43.0,33.0,candidate,
img_02_425507200_01509,data/raw/GC10-DET/5/img_02_425507200_01509.jpg,data/raw/GC10-DET/lable/img_02_425507200_01509.xml,5,img_02_425507200_01509.jpg,5_youban,4,oil_spot,417.0,555.0,502.0,637.0,85.0,82.0,candidate,
img_02_425507200_01509,data/raw/GC10-DET/5/img_02_425507200_01509.jpg,data/raw/GC10-DET/lable/img_02_425507200_01509.xml,5,img_02_425507200_01509.jpg,5_youban,4,oil_spot,425.0,348.0,481.0,400.0,56.0,52.0,candidate,
img_02_425507200_01509,data/raw/GC10-DET/5/img_02_425507200_01509.jpg,data/raw/GC10-DET/lable/img_02_425507200_01509.xml,5,img_02_425507200_01509.jpg,5_youban,4,oil_spot,431.0,50.0,474.0,104.0,43.0,54.0,candidate,
img_02_425507200_01509,data/raw/GC10-DET/5/img_02_425507200_01509.jpg,data/raw/GC10-DET/lable/img_02_425507200_01509.xml,5,img_02_425507200_01509.jpg,5_youban,4,oil_spot,428.0,805.0,482.0,877.0,54.0,72.0,candidate,
img_02_425507200_01510,data/raw/GC10-DET/5/img_02_425507200_01510.jpg,data/raw/GC10-DET/lable/img_02_425507200_01510.xml,5,img_02_425507200_01510.jpg,5_youban,4,oil_spot,428.0,18.0,470.0,58.0,42.0,40.0,candidate,
img_02_425507200_01510,data/raw/GC10-DET/5/img_02_425507200_01510.jpg,data/raw/GC10-DET/lable/img_02_425507200_01510.xml,5,img_02_425507200_01510.jpg,5_youban,4,oil_spot,424.0,572.0,477.0,708.0,53.0,136.0,candidate,
img_02_425507200_01510,data/raw/GC10-DET/5/img_02_425507200_01510.jpg,data/raw/GC10-DET/lable/img_02_425507200_01510.xml,5,img_02_425507200_01510.jpg,5_youban,4,oil_spot,438.0,784.0,474.0,843.0,36.0,59.0,candidate,
img_02_425507200_01511,data/raw/GC10-DET/5/img_02_425507200_01511.jpg,data/raw/GC10-DET/lable/img_02_425507200_01511.xml,5,img_02_425507200_01511.jpg,5_youban,4,oil_spot,424.0,704.0,492.0,857.0,68.0,153.0,candidate,
img_02_425507200_01511,data/raw/GC10-DET/5/img_02_425507200_01511.jpg,data/raw/GC10-DET/lable/img_02_425507200_01511.xml,5,img_02_425507200_01511.jpg,5_youban,4,oil_spot,432.0,215.0,468.0,276.0,36.0,61.0,candidate,
img_02_425507200_01511,data/raw/GC10-DET/5/img_02_425507200_01511.jpg,data/raw/GC10-DET/lable/img_02_425507200_01511.xml,5,img_02_425507200_01511.jpg,5_youban,4,oil_spot,429.0,20.0,463.0,70.0,34.0,50.0,candidate,
img_02_425507200_01512,data/raw/GC10-DET/5/img_02_425507200_01512.jpg,data/raw/GC10-DET/lable/img_02_425507200_01512.xml,5,img_02_425507200_01512.jpg,5_youban,4,oil_spot,428.0,711.0,489.0,862.0,61.0,151.0,candidate,
img_02_425507200_01512,data/raw/GC10-DET/5/img_02_425507200_01512.jpg,data/raw/GC10-DET/lable/img_02_425507200_01512.xml,5,img_02_425507200_01512.jpg,5_youban,4,oil_spot,421.0,920.0,483.0,991.0,62.0,71.0,candidate,
img_02_425507200_01512,data/raw/GC10-DET/5/img_02_425507200_01512.jpg,data/raw/GC10-DET/lable/img_02_425507200_01512.xml,5,img_02_425507200_01512.jpg,5_youban,4,oil_spot,429.0,464.0,464.0,509.0,35.0,45.0,candidate,
img_02_425507200_01512,data/raw/GC10-DET/5/img_02_425507200_01512.jpg,data/raw/GC10-DET/lable/img_02_425507200_01512.xml,5,img_02_425507200_01512.jpg,5_youban,4,oil_spot,432.0,264.0,483.0,394.0,51.0,130.0,candidate,
img_02_425507200_01512,data/raw/GC10-DET/5/img_02_425507200_01512.jpg,data/raw/GC10-DET/lable/img_02_425507200_01512.xml,5,img_02_425507200_01512.jpg,5_youban,4,oil_spot,432.0,173.0,481.0,230.0,49.0,57.0,candidate,
img_02_425507200_01513,data/raw/GC10-DET/5/img_02_425507200_01513.jpg,data/raw/GC10-DET/lable/img_02_425507200_01513.xml,5,img_02_425507200_01513.jpg,5_youban,4,oil_spot,433.0,857.0,488.0,941.0,55.0,84.0,candidate,
img_02_425507200_01513,data/raw/GC10-DET/5/img_02_425507200_01513.jpg,data/raw/GC10-DET/lable/img_02_425507200_01513.xml,5,img_02_425507200_01513.jpg,5_youban,4,oil_spot,427.0,684.0,477.0,729.0,50.0,45.0,candidate,
img_02_425507200_01513,data/raw/GC10-DET/5/img_02_425507200_01513.jpg,data/raw/GC10-DET/lable/img_02_425507200_01513.xml,5,img_02_425507200_01513.jpg,5_youban,4,oil_spot,425.0,462.0,474.0,515.0,49.0,53.0,candidate,
img_02_425507200_01513,data/raw/GC10-DET/5/img_02_425507200_01513.jpg,data/raw/GC10-DET/lable/img_02_425507200_01513.xml,5,img_02_425507200_01513.jpg,5_youban,4,oil_spot,435.0,373.0,468.0,432.0,33.0,59.0,candidate,
img_02_425507200_01514,data/raw/GC10-DET/5/img_02_425507200_01514.jpg,data/raw/GC10-DET/lable/img_02_425507200_01514.xml,5,img_02_425507200_01514.jpg,5_youban,4,oil_spot,434.0,99.0,474.0,155.0,40.0,56.0,candidate,
img_02_425507200_01514,data/raw/GC10-DET/5/img_02_425507200_01514.jpg,data/raw/GC10-DET/lable/img_02_425507200_01514.xml,5,img_02_425507200_01514.jpg,5_youban,4,oil_spot,422.0,837.0,475.0,983.0,53.0,146.0,candidate,
img_02_425507200_01514,data/raw/GC10-DET/5/img_02_425507200_01514.jpg,data/raw/GC10-DET/lable/img_02_425507200_01514.xml,5,img_02_425507200_01514.jpg,5_youban,4,oil_spot,438.0,580.0,481.0,732.0,43.0,152.0,candidate,
img_02_425507200_01515,data/raw/GC10-DET/5/img_02_425507200_01515.jpg,data/raw/GC10-DET/lable/img_02_425507200_01515.xml,5,img_02_425507200_01515.jpg,5_youban,4,oil_spot,425.0,548.0,472.0,616.0,47.0,68.0,candidate,
img_02_425507200_01515,data/raw/GC10-DET/5/img_02_425507200_01515.jpg,data/raw/GC10-DET/lable/img_02_425507200_01515.xml,5,img_02_425507200_01515.jpg,5_youban,4,oil_spot,432.0,330.0,471.0,387.0,39.0,57.0,candidate,
img_02_425507200_01515,data/raw/GC10-DET/5/img_02_425507200_01515.jpg,data/raw/GC10-DET/lable/img_02_425507200_01515.xml,5,img_02_425507200_01515.jpg,5_youban,4,oil_spot,432.0,2.0,478.0,162.0,46.0,160.0,candidate,
img_02_425507200_01516,data/raw/GC10-DET/5/img_02_425507200_01516.jpg,data/raw/GC10-DET/lable/img_02_425507200_01516.xml,5,img_02_425507200_01516.jpg,5_youban,4,oil_spot,428.0,770.0,471.0,843.0,43.0,73.0,candidate,
img_02_425507200_01516,data/raw/GC10-DET/5/img_02_425507200_01516.jpg,data/raw/GC10-DET/lable/img_02_425507200_01516.xml,5,img_02_425507200_01516.jpg,5_youban,4,oil_spot,424.0,568.0,482.0,605.0,58.0,37.0,candidate,
img_02_425507200_01516,data/raw/GC10-DET/5/img_02_425507200_01516.jpg,data/raw/GC10-DET/lable/img_02_425507200_01516.xml,5,img_02_425507200_01516.jpg,5_youban,4,oil_spot,425.0,4.0,477.0,36.0,52.0,32.0,candidate,
img_02_425507200_01517,data/raw/GC10-DET/5/img_02_425507200_01517.jpg,data/raw/GC10-DET/lable/img_02_425507200_01517.xml,5,img_02_425507200_01517.jpg,5_youban,4,oil_spot,427.0,119.0,495.0,283.0,68.0,164.0,candidate,
img_02_425507200_01517,data/raw/GC10-DET/5/img_02_425507200_01517.jpg,data/raw/GC10-DET/lable/img_02_425507200_01517.xml,5,img_02_425507200_01517.jpg,5_youban,4,oil_spot,425.0,655.0,483.0,826.0,58.0,171.0,candidate,
img_02_425507200_01517,data/raw/GC10-DET/5/img_02_425507200_01517.jpg,data/raw/GC10-DET/lable/img_02_425507200_01517.xml,5,img_02_425507200_01517.jpg,5_youban,4,oil_spot,435.0,8.0,477.0,45.0,42.0,37.0,candidate,
img_02_425507400_00018,data/raw/GC10-DET/2/img_02_425507400_00018.jpg,data/raw/GC10-DET/lable/img_02_425507400_00018.xml,2,img_02_425507400_00018.jpg,2_hanfeng,1,welding_line,10.0,227.0,2048.0,296.0,2038.0,69.0,candidate,
img_02_425507400_00018,data/raw/GC10-DET/2/img_02_425507400_00018.jpg,data/raw/GC10-DET/lable/img_02_425507400_00018.xml,2,img_02_425507400_00018.jpg,1_chongkong,0,punching_hole,2016.0,417.0,2048.0,472.0,32.0,55.0,candidate,
img_02_425508300_00017,data/raw/GC10-DET/1/img_02_425508300_00017.jpg,data/raw/GC10-DET/lable/img_02_425508300_00017.xml,1,img_02_425508300_00017.jpg,1_chongkong,0,punching_hole,2015.0,167.0,2048.0,215.0,33.0,48.0,candidate,
img_02_425508400_00140,data/raw/GC10-DET/7/img_02_425508400_00140.jpg,data/raw/GC10-DET/lable/img_02_425508400_00140.xml,7,img_02_425508400_00140.jpg,7_yiwu,6,inclusion,859.0,1.0,946.0,41.0,87.0,40.0,candidate,
img_02_425508400_00141,data/raw/GC10-DET/7/img_02_425508400_00141.jpg,data/raw/GC10-DET/lable/img_02_425508400_00141.xml,7,img_02_425508400_00141.jpg,7_yiwu,6,inclusion,897.0,918.0,960.0,983.0,63.0,65.0,candidate,
img_02_425508400_00382,data/raw/GC10-DET/6/img_02_425508400_00382.jpg,data/raw/GC10-DET/lable/img_02_425508400_00382.xml,6,img_02_425508400_00382.jpg,6_siban,5,silk_spot,1141.0,281.0,1402.0,666.0,261.0,385.0,candidate,
img_02_425508600_00684,data/raw/GC10-DET/4/img_02_425508600_00684.jpg,data/raw/GC10-DET/lable/img_02_425508600_00684.xml,4,img_02_425508600_00684.jpg,4_shuiban,3,water_spot,582.0,266.0,844.0,748.0,262.0,482.0,candidate,
img_02_425508700_01045,data/raw/GC10-DET/6/img_02_425508700_01045.jpg,data/raw/GC10-DET/lable/img_02_425508700_01045.xml,6,img_02_425508700_01045.jpg,6_siban,5,silk_spot,715.0,212.0,910.0,637.0,195.0,425.0,candidate,
img_02_425613500_00597,data/raw/GC10-DET/2/img_02_425613500_00597.jpg,data/raw/GC10-DET/lable/img_02_425613500_00597.xml,2,img_02_425613500_00597.jpg,2_hanfeng,1,welding_line,3.0,309.0,2048.0,363.0,2045.0,54.0,candidate,
img_02_425613500_00597,data/raw/GC10-DET/2/img_02_425613500_00597.jpg,data/raw/GC10-DET/lable/img_02_425613500_00597.xml,2,img_02_425613500_00597.jpg,1_chongkong,0,punching_hole,2032.0,486.0,2048.0,523.0,16.0,37.0,candidate,
img_02_425613600_00582,data/raw/GC10-DET/1/img_02_425613600_00582.jpg,data/raw/GC10-DET/lable/img_02_425613600_00582.xml,1,img_02_425613600_00582.jpg,1_chongkong,0,punching_hole,2008.0,438.0,2048.0,486.0,40.0,48.0,candidate,
img_02_425613600_00582,data/raw/GC10-DET/1/img_02_425613600_00582.jpg,data/raw/GC10-DET/lable/img_02_425613600_00582.xml,1,img_02_425613600_00582.jpg,2_hanfeng,1,welding_line,2.0,263.0,2048.0,324.0,2046.0,61.0,candidate,
img_02_425613700_00758,data/raw/GC10-DET/9/img_02_425613700_00758.jpg,data/raw/GC10-DET/lable/img_02_425613700_00758.xml,9,img_02_425613700_00758.jpg,9_zhehen,8,crease,707.0,55.0,2037.0,189.0,1330.0,134.0,candidate,
img_02_425613800_00034,data/raw/GC10-DET/7/img_02_425613800_00034.jpg,data/raw/GC10-DET/lable/img_02_425613800_00034.xml,7,img_02_425613800_00034.jpg,7_yiwu,6,inclusion,374.0,34.0,418.0,139.0,44.0,105.0,candidate,
img_02_425613800_00218,data/raw/GC10-DET/5/img_02_425613800_00218.jpg,data/raw/GC10-DET/lable/img_02_425613800_00218.xml,5,img_02_425613800_00218.jpg,4_shuiban,3,water_spot,758.0,506.0,874.0,627.0,116.0,121.0,candidate,
img_02_425613800_00218,data/raw/GC10-DET/5/img_02_425613800_00218.jpg,data/raw/GC10-DET/lable/img_02_425613800_00218.xml,5,img_02_425613800_00218.jpg,5_youban,4,oil_spot,500.0,302.0,563.0,402.0,63.0,100.0,candidate,
img_02_425613800_00218,data/raw/GC10-DET/5/img_02_425613800_00218.jpg,data/raw/GC10-DET/lable/img_02_425613800_00218.xml,5,img_02_425613800_00218.jpg,6_siban,5,silk_spot,1.0,15.0,436.0,962.0,435.0,947.0,candidate,
img_02_425613800_00786,data/raw/GC10-DET/2/img_02_425613800_00786.jpg,data/raw/GC10-DET/lable/img_02_425613800_00786.xml,2,img_02_425613800_00786.jpg,2_hanfeng,1,welding_line,7.0,91.0,2048.0,162.0,2041.0,71.0,candidate,
img_02_425613800_00786,data/raw/GC10-DET/2/img_02_425613800_00786.jpg,data/raw/GC10-DET/lable/img_02_425613800_00786.xml,2,img_02_425613800_00786.jpg,1_chongkong,0,punching_hole,2016.0,271.0,2048.0,319.0,32.0,48.0,candidate,
img_02_425614400_00001,data/raw/GC10-DET/2/img_02_425614400_00001.jpg,data/raw/GC10-DET/lable/img_02_425614400_00001.xml,2,img_02_425614400_00001.jpg,2_hanfeng,1,welding_line,1.0,816.0,2048.0,893.0,2047.0,77.0,candidate,
img_02_425614600_00001,data/raw/GC10-DET/2/img_02_425614600_00001.jpg,data/raw/GC10-DET/lable/img_02_425614600_00001.xml,2,img_02_425614600_00001.jpg,2_hanfeng,1,welding_line,3.0,522.0,2048.0,582.0,2045.0,60.0,candidate,
img_02_425614600_00432,data/raw/GC10-DET/4/img_02_425614600_00432.jpg,data/raw/GC10-DET/lable/img_02_425614600_00432.xml,4,img_02_425614600_00432.jpg,4_shuiban,3,water_spot,1622.0,452.0,1899.0,737.0,277.0,285.0,candidate,
img_02_425614700_00001,data/raw/GC10-DET/1/img_02_425614700_00001.jpg,data/raw/GC10-DET/lable/img_02_425614700_00001.xml,1,img_02_425614700_00001.jpg,1_chongkong,0,punching_hole,2013.0,935.0,2048.0,981.0,35.0,46.0,candidate,
img_02_425614700_00001,data/raw/GC10-DET/1/img_02_425614700_00001.jpg,data/raw/GC10-DET/lable/img_02_425614700_00001.xml,1,img_02_425614700_00001.jpg,2_hanfeng,1,welding_line,4.0,754.0,2048.0,812.0,2044.0,58.0,candidate,
img_02_425616200_00030,data/raw/GC10-DET/5/img_02_425616200_00030.jpg,data/raw/GC10-DET/lable/img_02_425616200_00030.xml,5,img_02_425616200_00030.jpg,4_shuiban,3,water_spot,1441.0,394.0,1541.0,455.0,100.0,61.0,candidate,
img_02_425616200_00030,data/raw/GC10-DET/5/img_02_425616200_00030.jpg,data/raw/GC10-DET/lable/img_02_425616200_00030.xml,5,img_02_425616200_00030.jpg,4_shuiban,3,water_spot,1105.0,447.0,1181.0,506.0,76.0,59.0,candidate,
img_02_425616200_00030,data/raw/GC10-DET/5/img_02_425616200_00030.jpg,data/raw/GC10-DET/lable/img_02_425616200_00030.xml,5,img_02_425616200_00030.jpg,4_shuiban,3,water_spot,1261.0,724.0,1366.0,821.0,105.0,97.0,candidate,
img_02_425616500_00001,data/raw/GC10-DET/1/img_02_425616500_00001.jpg,data/raw/GC10-DET/lable/img_02_425616500_00001.xml,1,img_02_425616500_00001.jpg,1_chongkong,0,punching_hole,2000.0,681.0,2046.0,738.0,46.0,57.0,candidate,
img_02_425616500_00001,data/raw/GC10-DET/1/img_02_425616500_00001.jpg,data/raw/GC10-DET/lable/img_02_425616500_00001.xml,1,img_02_425616500_00001.jpg,2_hanfeng,1,welding_line,7.0,497.0,2038.0,559.0,2031.0,62.0,candidate,
img_02_425616500_00770,data/raw/GC10-DET/2/img_02_425616500_00770.jpg,data/raw/GC10-DET/lable/img_02_425616500_00770.xml,2,img_02_425616500_00770.jpg,2_hanfeng,1,welding_line,3.0,83.0,2048.0,154.0,2045.0,71.0,candidate,
img_02_425616500_00770,data/raw/GC10-DET/2/img_02_425616500_00770.jpg,data/raw/GC10-DET/lable/img_02_425616500_00770.xml,2,img_02_425616500_00770.jpg,d,,,1997.0,257.0,2048.0,310.0,51.0,53.0,removed,unknown_class
img_02_425621800_00910,data/raw/GC10-DET/4/img_02_425621800_00910.jpg,data/raw/GC10-DET/lable/img_02_425621800_00910.xml,4,img_02_425621800_00910.jpg,4_shuiban,3,water_spot,1000.0,157.0,1230.0,432.0,230.0,275.0,candidate,
img_02_425621800_00916,data/raw/GC10-DET/4/img_02_425621800_00916.jpg,data/raw/GC10-DET/lable/img_02_425621800_00916.xml,4,img_02_425621800_00916.jpg,4_shuiban,3,water_spot,633.0,7.0,831.0,271.0,198.0,264.0,candidate,
img_02_425622000_00002,data/raw/GC10-DET/4/img_02_425622000_00002.jpg,data/raw/GC10-DET/lable/img_02_425622000_00002.xml,4,img_02_425622000_00002.jpg,4_shuiban,3,water_spot,1540.0,553.0,1895.0,884.0,355.0,331.0,candidate,
img_02_425622400_00001,data/raw/GC10-DET/3/img_02_425622400_00001.jpg,data/raw/GC10-DET/lable/img_02_425622400_00001.xml,3,img_02_425622400_00001.jpg,2_hanfeng,1,welding_line,100.0,284.0,2041.0,350.0,1941.0,66.0,candidate,
img_02_425622400_00001,data/raw/GC10-DET/3/img_02_425622400_00001.jpg,data/raw/GC10-DET/lable/img_02_425622400_00001.xml,3,img_02_425622400_00001.jpg,3_yueyawan,2,crescent_gap,1.0,1.0,231.0,538.0,230.0,537.0,candidate,
img_02_425622600_00001,data/raw/GC10-DET/3/img_02_425622600_00001.jpg,data/raw/GC10-DET/lable/img_02_425622600_00001.xml,3,img_02_425622600_00001.jpg,3_yueyawan,2,crescent_gap,38.0,634.0,237.0,1000.0,199.0,366.0,candidate,
img_02_425622600_00001,data/raw/GC10-DET/3/img_02_425622600_00001.jpg,data/raw/GC10-DET/lable/img_02_425622600_00001.xml,3,img_02_425622600_00001.jpg,2_hanfeng,1,welding_line,187.0,907.0,2048.0,985.0,1861.0,78.0,candidate,
img_02_425637500_00001,data/raw/GC10-DET/2/img_02_425637500_00001.jpg,data/raw/GC10-DET/lable/img_02_425637500_00001.xml,2,img_02_425637500_00001.jpg,2_hanfeng,1,welding_line,7.0,898.0,2048.0,969.0,2041.0,71.0,candidate,
img_02_425637500_00003,data/raw/GC10-DET/5/img_02_425637500_00003.jpg,data/raw/GC10-DET/lable/img_02_425637500_00003.xml,5,img_02_425637500_00003.jpg,5_youban,4,oil_spot,1277.0,807.0,1522.0,942.0,245.0,135.0,candidate,
img_02_425637500_00003,data/raw/GC10-DET/5/img_02_425637500_00003.jpg,data/raw/GC10-DET/lable/img_02_425637500_00003.xml,5,img_02_425637500_00003.jpg,4_shuiban,3,water_spot,792.0,6.0,933.0,352.0,141.0,346.0,candidate,
img_02_425637700_00001,data/raw/GC10-DET/1/img_02_425637700_00001.jpg,data/raw/GC10-DET/lable/img_02_425637700_00001.xml,1,img_02_425637700_00001.jpg,1_chongkong,0,punching_hole,2008.0,795.0,2048.0,851.0,40.0,56.0,candidate,
img_02_425637700_00001,data/raw/GC10-DET/1/img_02_425637700_00001.jpg,data/raw/GC10-DET/lable/img_02_425637700_00001.xml,1,img_02_425637700_00001.jpg,2_hanfeng,1,welding_line,4.0,605.0,2042.0,676.0,2038.0,71.0,candidate,
img_02_425637800_00891,data/raw/GC10-DET/1/img_02_425637800_00891.jpg,data/raw/GC10-DET/lable/img_02_425637800_00891.xml,1,img_02_425637800_00891.jpg,1_chongkong,0,punching_hole,2010.0,432.0,2048.0,489.0,38.0,57.0,candidate,
img_02_425637800_00891,data/raw/GC10-DET/1/img_02_425637800_00891.jpg,data/raw/GC10-DET/lable/img_02_425637800_00891.xml,1,img_02_425637800_00891.jpg,2_hanfeng,1,welding_line,2.0,267.0,2048.0,326.0,2046.0,59.0,candidate,
img_02_425637900_00899,data/raw/GC10-DET/1/img_02_425637900_00899.jpg,data/raw/GC10-DET/lable/img_02_425637900_00899.xml,1,img_02_425637900_00899.jpg,1_chongkong,0,punching_hole,2011.0,208.0,2048.0,261.0,37.0,53.0,candidate,
img_02_425637900_00899,data/raw/GC10-DET/1/img_02_425637900_00899.jpg,data/raw/GC10-DET/lable/img_02_425637900_00899.xml,1,img_02_425637900_00899.jpg,2_hanfeng,1,welding_line,4.0,35.0,2048.0,80.0,2044.0,45.0,candidate,
img_02_425638500_00001,data/raw/GC10-DET/2/img_02_425638500_00001.jpg,data/raw/GC10-DET/lable/img_02_425638500_00001.xml,2,img_02_425638500_00001.jpg,2_hanfeng,1,welding_line,13.0,884.0,2048.0,964.0,2035.0,80.0,candidate,
img_02_425640000_00634,data/raw/GC10-DET/1/img_02_425640000_00634.jpg,data/raw/GC10-DET/lable/img_02_425640000_00634.xml,1,img_02_425640000_00634.jpg,1_chongkong,0,punching_hole,2007.0,543.0,2048.0,595.0,41.0,52.0,candidate,
img_02_425640000_00634,data/raw/GC10-DET/1/img_02_425640000_00634.jpg,data/raw/GC10-DET/lable/img_02_425640000_00634.xml,1,img_02_425640000_00634.jpg,2_hanfeng,1,welding_line,5.0,378.0,2043.0,433.0,2038.0,55.0,candidate,
img_02_425640000_00634,data/raw/GC10-DET/1/img_02_425640000_00634.jpg,data/raw/GC10-DET/lable/img_02_425640000_00634.xml,1,img_02_425640000_00634.jpg,6_siban,5,silk_spot,21.0,459.0,1959.0,981.0,1938.0,522.0,candidate,
img_02_425640100_00874,data/raw/GC10-DET/1/img_02_425640100_00874.jpg,data/raw/GC10-DET/lable/img_02_425640100_00874.xml,1,img_02_425640100_00874.jpg,1_chongkong,0,punching_hole,2004.0,25.0,2048.0,70.0,44.0,45.0,candidate,
img_02_425644200_00602,data/raw/GC10-DET/4/img_02_425644200_00602.jpg,data/raw/GC10-DET/lable/img_02_425644200_00602.xml,4,img_02_425644200_00602.jpg,4_shuiban,3,water_spot,776.0,360.0,994.0,586.0,218.0,226.0,candidate,
img_02_425644200_00681,data/raw/GC10-DET/1/img_02_425644200_00681.jpg,data/raw/GC10-DET/lable/img_02_425644200_00681.xml,1,img_02_425644200_00681.jpg,1_chongkong,0,punching_hole,2004.0,371.0,2048.0,425.0,44.0,54.0,candidate,
img_02_425644200_00681,data/raw/GC10-DET/1/img_02_425644200_00681.jpg,data/raw/GC10-DET/lable/img_02_425644200_00681.xml,1,img_02_425644200_00681.jpg,2_hanfeng,1,welding_line,8.0,185.0,2046.0,248.0,2038.0,63.0,candidate,
img_02_425644600_00001,data/raw/GC10-DET/1/img_02_425644600_00001.jpg,data/raw/GC10-DET/lable/img_02_425644600_00001.xml,1,img_02_425644600_00001.jpg,1_chongkong,0,punching_hole,2005.0,725.0,2046.0,782.0,41.0,57.0,candidate,
img_02_425644600_00001,data/raw/GC10-DET/1/img_02_425644600_00001.jpg,data/raw/GC10-DET/lable/img_02_425644600_00001.xml,1,img_02_425644600_00001.jpg,2_hanfeng,1,welding_line,11.0,551.0,2046.0,609.0,2035.0,58.0,candidate,
img_02_425644600_00001,data/raw/GC10-DET/1/img_02_425644600_00001.jpg,data/raw/GC10-DET/lable/img_02_425644600_00001.xml,1,img_02_425644600_00001.jpg,6_siban,5,silk_spot,273.0,646.0,834.0,959.0,561.0,313.0,candidate,
img_02_425646200_00062,data/raw/GC10-DET/5/img_02_425646200_00062.jpg,data/raw/GC10-DET/lable/img_02_425646200_00062.xml,5,img_02_425646200_00062.jpg,7_yiwu,6,inclusion,71.0,237.0,138.0,340.0,67.0,103.0,candidate,
img_02_425646200_00460,data/raw/GC10-DET/7/img_02_425646200_00460.jpg,data/raw/GC10-DET/lable/img_02_425646200_00460.xml,7,img_02_425646200_00460.jpg,7_yiwu,6,inclusion,920.0,681.0,1051.0,943.0,131.0,262.0,candidate,
img_02_425646200_00460,data/raw/GC10-DET/7/img_02_425646200_00460.jpg,data/raw/GC10-DET/lable/img_02_425646200_00460.xml,7,img_02_425646200_00460.jpg,6_siban,5,silk_spot,1220.0,20.0,1607.0,972.0,387.0,952.0,candidate,
img_02_425646200_00628,data/raw/GC10-DET/4/img_02_425646200_00628.jpg,data/raw/GC10-DET/lable/img_02_425646200_00628.xml,4,img_02_425646200_00628.jpg,4_shuiban,3,water_spot,1181.0,175.0,1431.0,507.0,250.0,332.0,candidate,
img_02_425646200_00629,data/raw/GC10-DET/4/img_02_425646200_00629.jpg,data/raw/GC10-DET/lable/img_02_425646200_00629.xml,4,img_02_425646200_00629.jpg,4_shuiban,3,water_spot,1156.0,422.0,1438.0,950.0,282.0,528.0,candidate,
img_02_425646200_00634,data/raw/GC10-DET/7/img_02_425646200_00634.jpg,data/raw/GC10-DET/lable/img_02_425646200_00634.xml,7,img_02_425646200_00634.jpg,7_yiwu,6,inclusion,135.0,437.0,181.0,516.0,46.0,79.0,candidate,
img_02_425646200_00634,data/raw/GC10-DET/7/img_02_425646200_00634.jpg,data/raw/GC10-DET/lable/img_02_425646200_00634.xml,7,img_02_425646200_00634.jpg,7_yiwu,6,inclusion,990.0,364.0,1188.0,591.0,198.0,227.0,candidate,
img_02_427146700_00002,data/raw/GC10-DET/8/img_02_427146700_00002.jpg,data/raw/GC10-DET/lable/img_02_427146700_00002.xml,8,img_02_427146700_00002.jpg,8_yahen,7,rolled_pit,1145.0,350.0,1393.0,457.0,248.0,107.0,candidate,
img_02_427146700_00002,data/raw/GC10-DET/8/img_02_427146700_00002.jpg,data/raw/GC10-DET/lable/img_02_427146700_00002.xml,8,img_02_427146700_00002.jpg,8_yahen,7,rolled_pit,161.0,336.0,532.0,471.0,371.0,135.0,candidate,
img_02_427146700_00002,data/raw/GC10-DET/8/img_02_427146700_00002.jpg,data/raw/GC10-DET/lable/img_02_427146700_00002.xml,8,img_02_427146700_00002.jpg,8_yahen,7,rolled_pit,1273.0,132.0,1356.0,214.0,83.0,82.0,candidate,
img_02_431854300_00002,data/raw/GC10-DET/8/img_02_431854300_00002.jpg,data/raw/GC10-DET/lable/img_02_431854300_00002.xml,8,img_02_431854300_00002.jpg,8_yahen,7,rolled_pit,862.0,670.0,1048.0,851.0,186.0,181.0,candidate,
img_02_431854300_00002,data/raw/GC10-DET/8/img_02_431854300_00002.jpg,data/raw/GC10-DET/lable/img_02_431854300_00002.xml,8,img_02_431854300_00002.jpg,8_yahen,7,rolled_pit,1318.0,340.0,1657.0,486.0,339.0,146.0,candidate,
img_02_431854300_00002,data/raw/GC10-DET/8/img_02_431854300_00002.jpg,data/raw/GC10-DET/lable/img_02_431854300_00002.xml,8,img_02_431854300_00002.jpg,8_yahen,7,rolled_pit,454.0,351.0,1070.0,517.0,616.0,166.0,candidate,
img_02_431854300_00002,data/raw/GC10-DET/8/img_02_431854300_00002.jpg,data/raw/GC10-DET/lable/img_02_431854300_00002.xml,8,img_02_431854300_00002.jpg,8_yahen,7,rolled_pit,1538.0,222.0,1786.0,313.0,248.0,91.0,candidate,
img_02_431854300_00002,data/raw/GC10-DET/8/img_02_431854300_00002.jpg,data/raw/GC10-DET/lable/img_02_431854300_00002.xml,8,img_02_431854300_00002.jpg,8_yahen,7,rolled_pit,1810.0,543.0,2023.0,801.0,213.0,258.0,candidate,
img_02_431854300_00002,data/raw/GC10-DET/8/img_02_431854300_00002.jpg,data/raw/GC10-DET/lable/img_02_431854300_00002.xml,8,img_02_431854300_00002.jpg,8_yahen,7,rolled_pit,834.0,1.0,1097.0,273.0,263.0,272.0,candidate,
img_02_432220200_00001,data/raw/GC10-DET/2/img_02_432220200_00001.jpg,data/raw/GC10-DET/lable/img_02_432220200_00001.xml,2,img_02_432220200_00001.jpg,2_hanfeng,1,welding_line,7.0,719.0,2048.0,794.0,2041.0,75.0,candidate,
img_02_435974400_00004,data/raw/GC10-DET/5/img_02_435974400_00004.jpg,data/raw/GC10-DET/lable/img_02_435974400_00004.xml,5,img_02_435974400_00004.jpg,5_youban,4,oil_spot,240.0,320.0,372.0,390.0,132.0,70.0,candidate,
img_02_435974400_00004,data/raw/GC10-DET/5/img_02_435974400_00004.jpg,data/raw/GC10-DET/lable/img_02_435974400_00004.xml,5,img_02_435974400_00004.jpg,5_youban,4,oil_spot,1806.0,593.0,1931.0,659.0,125.0,66.0,candidate,
img_02_435974400_00004,data/raw/GC10-DET/5/img_02_435974400_00004.jpg,data/raw/GC10-DET/lable/img_02_435974400_00004.xml,5,img_02_435974400_00004.jpg,4_shuiban,3,water_spot,1.0,676.0,183.0,981.0,182.0,305.0,candidate,
img_02_435974400_00004,data/raw/GC10-DET/5/img_02_435974400_00004.jpg,data/raw/GC10-DET/lable/img_02_435974400_00004.xml,5,img_02_435974400_00004.jpg,4_shuiban,3,water_spot,1568.0,702.0,1832.0,879.0,264.0,177.0,candidate,
img_02_435974400_00004,data/raw/GC10-DET/5/img_02_435974400_00004.jpg,data/raw/GC10-DET/lable/img_02_435974400_00004.xml,5,img_02_435974400_00004.jpg,4_shuiban,3,water_spot,1.0,229.0,247.0,339.0,246.0,110.0,candidate,
img_02_436068400_00001,data/raw/GC10-DET/2/img_02_436068400_00001.jpg,data/raw/GC10-DET/lable/img_02_436068400_00001.xml,2,img_02_436068400_00001.jpg,2_hanfeng,1,welding_line,3.0,757.0,2048.0,836.0,2045.0,79.0,candidate,
img_02_436068400_00001,data/raw/GC10-DET/2/img_02_436068400_00001.jpg,data/raw/GC10-DET/lable/img_02_436068400_00001.xml,2,img_02_436068400_00001.jpg,1_chongkong,0,punching_hole,1992.0,944.0,2048.0,998.0,56.0,54.0,candidate,
img_02_436068400_00001,data/raw/GC10-DET/2/img_02_436068400_00001.jpg,data/raw/GC10-DET/lable/img_02_436068400_00001.xml,2,img_02_436068400_00001.jpg,7_yiwu,6,inclusion,1367.0,116.0,1691.0,200.0,324.0,84.0,candidate,
img_02_436068400_00001,data/raw/GC10-DET/2/img_02_436068400_00001.jpg,data/raw/GC10-DET/lable/img_02_436068400_00001.xml,2,img_02_436068400_00001.jpg,8_yahen,7,rolled_pit,1.0,381.0,840.0,462.0,839.0,81.0,candidate,
img_02_436068500_00002,data/raw/GC10-DET/7/img_02_436068500_00002.jpg,data/raw/GC10-DET/lable/img_02_436068500_00002.xml,7,img_02_436068500_00002.jpg,7_yiwu,6,inclusion,335.0,40.0,454.0,98.0,119.0,58.0,candidate,
img_02_436068500_00002,data/raw/GC10-DET/7/img_02_436068500_00002.jpg,data/raw/GC10-DET/lable/img_02_436068500_00002.xml,7,img_02_436068500_00002.jpg,7_yiwu,6,inclusion,1245.0,33.0,1975.0,120.0,730.0,87.0,candidate,
img_02_436068500_00002,data/raw/GC10-DET/7/img_02_436068500_00002.jpg,data/raw/GC10-DET/lable/img_02_436068500_00002.xml,7,img_02_436068500_00002.jpg,4_shuiban,3,water_spot,740.0,14.0,810.0,175.0,70.0,161.0,candidate,
img_02_436149500_00369,data/raw/GC10-DET/4/img_02_436149500_00369.jpg,data/raw/GC10-DET/lable/img_02_436149500_00369.xml,4,img_02_436149500_00369.jpg,4_shuiban,3,water_spot,1836.0,311.0,2048.0,591.0,212.0,280.0,candidate,
img_02_436149500_00939,data/raw/GC10-DET/2/img_02_436149500_00939.jpg,data/raw/GC10-DET/lable/img_02_436149500_00939.xml,2,img_02_436149500_00939.jpg,2_hanfeng,1,welding_line,5.0,855.0,2048.0,938.0,2043.0,83.0,candidate,
img_02_436150100_00001,data/raw/GC10-DET/2/img_02_436150100_00001.jpg,data/raw/GC10-DET/lable/img_02_436150100_00001.xml,2,img_02_436150100_00001.jpg,2_hanfeng,1,welding_line,1.0,886.0,2048.0,953.0,2047.0,67.0,candidate,
img_02_436151900_00101,data/raw/GC10-DET/4/img_02_436151900_00101.jpg,data/raw/GC10-DET/lable/img_02_436151900_00101.xml,4,img_02_436151900_00101.jpg,4_shuiban,3,water_spot,853.0,478.0,1087.0,880.0,234.0,402.0,candidate,
img_02_436152900_00001,data/raw/GC10-DET/2/img_02_436152900_00001.jpg,data/raw/GC10-DET/lable/img_02_436152900_00001.xml,2,img_02_436152900_00001.jpg,2_hanfeng,1,welding_line,3.0,535.0,2048.0,606.0,2045.0,71.0,candidate,
img_02_436152900_00001,data/raw/GC10-DET/2/img_02_436152900_00001.jpg,data/raw/GC10-DET/lable/img_02_436152900_00001.xml,2,img_02_436152900_00001.jpg,1_chongkong,0,punching_hole,1999.0,697.0,2048.0,752.0,49.0,55.0,candidate,
img_02_436152900_00001,data/raw/GC10-DET/2/img_02_436152900_00001.jpg,data/raw/GC10-DET/lable/img_02_436152900_00001.xml,2,img_02_436152900_00001.jpg,3_yueyawan,2,crescent_gap,1.0,492.0,24.0,673.0,23.0,181.0,candidate,
img_02_436152900_00532,data/raw/GC10-DET/6/img_02_436152900_00532.jpg,data/raw/GC10-DET/lable/img_02_436152900_00532.xml,6,img_02_436152900_00532.jpg,6_siban,5,silk_spot,1251.0,280.0,1979.0,776.0,728.0,496.0,candidate,
img_02_436152900_00533,data/raw/GC10-DET/6/img_02_436152900_00533.jpg,data/raw/GC10-DET/lable/img_02_436152900_00533.xml,6,img_02_436152900_00533.jpg,6_siban,5,silk_spot,833.0,358.0,1252.0,1000.0,419.0,642.0,candidate,
img_02_436152900_00538,data/raw/GC10-DET/6/img_02_436152900_00538.jpg,data/raw/GC10-DET/lable/img_02_436152900_00538.xml,6,img_02_436152900_00538.jpg,6_siban,5,silk_spot,1038.0,150.0,1795.0,825.0,757.0,675.0,candidate,
img_02_436152900_00542,data/raw/GC10-DET/6/img_02_436152900_00542.jpg,data/raw/GC10-DET/lable/img_02_436152900_00542.xml,6,img_02_436152900_00542.jpg,6_siban,5,silk_spot,812.0,207.0,1364.0,894.0,552.0,687.0,candidate,
img_02_436152900_00547,data/raw/GC10-DET/6/img_02_436152900_00547.jpg,data/raw/GC10-DET/lable/img_02_436152900_00547.xml,6,img_02_436152900_00547.jpg,6_siban,5,silk_spot,646.0,75.0,1064.0,530.0,418.0,455.0,candidate,
img_02_436152900_00559,data/raw/GC10-DET/6/img_02_436152900_00559.jpg,data/raw/GC10-DET/lable/img_02_436152900_00559.xml,6,img_02_436152900_00559.jpg,6_siban,5,silk_spot,1143.0,1.0,1543.0,366.0,400.0,365.0,candidate,
img_02_436152900_00563,data/raw/GC10-DET/6/img_02_436152900_00563.jpg,data/raw/GC10-DET/lable/img_02_436152900_00563.xml,6,img_02_436152900_00563.jpg,6_siban,5,silk_spot,1461.0,119.0,1818.0,504.0,357.0,385.0,candidate,
img_02_436153300_00001,data/raw/GC10-DET/2/img_02_436153300_00001.jpg,data/raw/GC10-DET/lable/img_02_436153300_00001.xml,2,img_02_436153300_00001.jpg,2_hanfeng,1,welding_line,23.0,847.0,2048.0,916.0,2025.0,69.0,candidate,
img_02_436153300_00001,data/raw/GC10-DET/2/img_02_436153300_00001.jpg,data/raw/GC10-DET/lable/img_02_436153300_00001.xml,2,img_02_436153300_00001.jpg,3_yueyawan,2,crescent_gap,2.0,755.0,49.0,1000.0,47.0,245.0,candidate,
img_02_436153300_00001,data/raw/GC10-DET/2/img_02_436153300_00001.jpg,data/raw/GC10-DET/lable/img_02_436153300_00001.xml,2,img_02_436153300_00001.jpg,5_youban,4,oil_spot,165.0,805.0,229.0,863.0,64.0,58.0,candidate,
img_02_436153300_01008,data/raw/GC10-DET/2/img_02_436153300_01008.jpg,data/raw/GC10-DET/lable/img_02_436153300_01008.xml,2,img_02_436153300_01008.jpg,2_hanfeng,1,welding_line,48.0,476.0,2048.0,539.0,2000.0,63.0,candidate,
img_02_436153300_01008,data/raw/GC10-DET/2/img_02_436153300_01008.jpg,data/raw/GC10-DET/lable/img_02_436153300_01008.xml,2,img_02_436153300_01008.jpg,1_chongkong,0,punching_hole,2018.0,652.0,2048.0,695.0,30.0,43.0,candidate,
img_02_436153300_01008,data/raw/GC10-DET/2/img_02_436153300_01008.jpg,data/raw/GC10-DET/lable/img_02_436153300_01008.xml,2,img_02_436153300_01008.jpg,3_yueyawan,2,crescent_gap,1.0,365.0,102.0,740.0,101.0,375.0,candidate,
img_02_436153600_00658,data/raw/GC10-DET/6/img_02_436153600_00658.jpg,data/raw/GC10-DET/lable/img_02_436153600_00658.xml,6,img_02_436153600_00658.jpg,6_siban,5,silk_spot,489.0,124.0,1759.0,934.0,1270.0,810.0,candidate,
img_02_436153600_00659,data/raw/GC10-DET/6/img_02_436153600_00659.jpg,data/raw/GC10-DET/lable/img_02_436153600_00659.xml,6,img_02_436153600_00659.jpg,6_siban,5,silk_spot,585.0,42.0,1612.0,978.0,1027.0,936.0,candidate,
img_02_436153600_00660,data/raw/GC10-DET/6/img_02_436153600_00660.jpg,data/raw/GC10-DET/lable/img_02_436153600_00660.xml,6,img_02_436153600_00660.jpg,6_siban,5,silk_spot,440.0,45.0,1747.0,1000.0,1307.0,955.0,candidate,
img_02_436153600_00661,data/raw/GC10-DET/6/img_02_436153600_00661.jpg,data/raw/GC10-DET/lable/img_02_436153600_00661.xml,6,img_02_436153600_00661.jpg,6_siban,5,silk_spot,436.0,134.0,1930.0,1000.0,1494.0,866.0,candidate,
img_02_436153600_00662,data/raw/GC10-DET/6/img_02_436153600_00662.jpg,data/raw/GC10-DET/lable/img_02_436153600_00662.xml,6,img_02_436153600_00662.jpg,6_siban,5,silk_spot,679.0,175.0,1736.0,1000.0,1057.0,825.0,candidate,
img_02_436153600_00663,data/raw/GC10-DET/6/img_02_436153600_00663.jpg,data/raw/GC10-DET/lable/img_02_436153600_00663.xml,6,img_02_436153600_00663.jpg,6_siban,5,silk_spot,708.0,117.0,1564.0,925.0,856.0,808.0,candidate,
img_02_436153600_00664,data/raw/GC10-DET/6/img_02_436153600_00664.jpg,data/raw/GC10-DET/lable/img_02_436153600_00664.xml,6,img_02_436153600_00664.jpg,6_siban,5,silk_spot,494.0,73.0,1569.0,865.0,1075.0,792.0,candidate,
img_02_436153600_00665,data/raw/GC10-DET/6/img_02_436153600_00665.jpg,data/raw/GC10-DET/lable/img_02_436153600_00665.xml,6,img_02_436153600_00665.jpg,6_siban,5,silk_spot,548.0,42.0,1556.0,903.0,1008.0,861.0,candidate,
img_02_436153600_00666,data/raw/GC10-DET/6/img_02_436153600_00666.jpg,data/raw/GC10-DET/lable/img_02_436153600_00666.xml,6,img_02_436153600_00666.jpg,6_siban,5,silk_spot,554.0,81.0,1518.0,881.0,964.0,800.0,candidate,
img_02_436153600_00669,data/raw/GC10-DET/6/img_02_436153600_00669.jpg,data/raw/GC10-DET/lable/img_02_436153600_00669.xml,6,img_02_436153600_00669.jpg,6_siban,5,silk_spot,490.0,27.0,1303.0,706.0,813.0,679.0,candidate,
img_02_436153600_00671,data/raw/GC10-DET/6/img_02_436153600_00671.jpg,data/raw/GC10-DET/lable/img_02_436153600_00671.xml,6,img_02_436153600_00671.jpg,6_siban,5,silk_spot,508.0,111.0,1677.0,914.0,1169.0,803.0,candidate,
img_02_436153600_00681,data/raw/GC10-DET/6/img_02_436153600_00681.jpg,data/raw/GC10-DET/lable/img_02_436153600_00681.xml,6,img_02_436153600_00681.jpg,6_siban,5,silk_spot,379.0,68.0,1085.0,925.0,706.0,857.0,candidate,
img_02_436153600_00682,data/raw/GC10-DET/6/img_02_436153600_00682.jpg,data/raw/GC10-DET/lable/img_02_436153600_00682.xml,6,img_02_436153600_00682.jpg,6_siban,5,silk_spot,551.0,112.0,1244.0,837.0,693.0,725.0,candidate,
img_02_436153600_00683,data/raw/GC10-DET/6/img_02_436153600_00683.jpg,data/raw/GC10-DET/lable/img_02_436153600_00683.xml,6,img_02_436153600_00683.jpg,6_siban,5,silk_spot,502.0,155.0,1059.0,594.0,557.0,439.0,candidate,
img_02_436153600_00684,data/raw/GC10-DET/6/img_02_436153600_00684.jpg,data/raw/GC10-DET/lable/img_02_436153600_00684.xml,6,img_02_436153600_00684.jpg,6_siban,5,silk_spot,564.0,219.0,1008.0,732.0,444.0,513.0,candidate,
img_02_436153600_00685,data/raw/GC10-DET/6/img_02_436153600_00685.jpg,data/raw/GC10-DET/lable/img_02_436153600_00685.xml,6,img_02_436153600_00685.jpg,6_siban,5,silk_spot,525.0,144.0,1126.0,703.0,601.0,559.0,candidate,
img_02_436153600_00686,data/raw/GC10-DET/6/img_02_436153600_00686.jpg,data/raw/GC10-DET/lable/img_02_436153600_00686.xml,6,img_02_436153600_00686.jpg,6_siban,5,silk_spot,500.0,89.0,1025.0,903.0,525.0,814.0,candidate,
img_02_436153600_00687,data/raw/GC10-DET/6/img_02_436153600_00687.jpg,data/raw/GC10-DET/lable/img_02_436153600_00687.xml,6,img_02_436153600_00687.jpg,6_siban,5,silk_spot,638.0,283.0,1167.0,778.0,529.0,495.0,candidate,
img_02_436153600_00688,data/raw/GC10-DET/6/img_02_436153600_00688.jpg,data/raw/GC10-DET/lable/img_02_436153600_00688.xml,6,img_02_436153600_00688.jpg,6_siban,5,silk_spot,489.0,1.0,1409.0,955.0,920.0,954.0,candidate,
img_02_436153600_00689,data/raw/GC10-DET/6/img_02_436153600_00689.jpg,data/raw/GC10-DET/lable/img_02_436153600_00689.xml,6,img_02_436153600_00689.jpg,6_siban,5,silk_spot,582.0,9.0,1276.0,655.0,694.0,646.0,candidate,
img_02_436153600_00691,data/raw/GC10-DET/6/img_02_436153600_00691.jpg,data/raw/GC10-DET/lable/img_02_436153600_00691.xml,6,img_02_436153600_00691.jpg,6_siban,5,silk_spot,610.0,93.0,1200.0,975.0,590.0,882.0,candidate,
img_02_436153600_00692,data/raw/GC10-DET/6/img_02_436153600_00692.jpg,data/raw/GC10-DET/lable/img_02_436153600_00692.xml,6,img_02_436153600_00692.jpg,6_siban,5,silk_spot,505.0,96.0,1236.0,955.0,731.0,859.0,candidate,
img_02_436153600_00693,data/raw/GC10-DET/6/img_02_436153600_00693.jpg,data/raw/GC10-DET/lable/img_02_436153600_00693.xml,6,img_02_436153600_00693.jpg,6_siban,5,silk_spot,554.0,83.0,1148.0,821.0,594.0,738.0,candidate,
img_02_436153600_00695,data/raw/GC10-DET/6/img_02_436153600_00695.jpg,data/raw/GC10-DET/lable/img_02_436153600_00695.xml,6,img_02_436153600_00695.jpg,6_siban,5,silk_spot,451.0,1.0,1165.0,923.0,714.0,922.0,candidate,
img_02_436153600_00696,data/raw/GC10-DET/6/img_02_436153600_00696.jpg,data/raw/GC10-DET/lable/img_02_436153600_00696.xml,6,img_02_436153600_00696.jpg,6_siban,5,silk_spot,592.0,4.0,1441.0,824.0,849.0,820.0,candidate,
img_02_436153600_00697,data/raw/GC10-DET/6/img_02_436153600_00697.jpg,data/raw/GC10-DET/lable/img_02_436153600_00697.xml,6,img_02_436153600_00697.jpg,6_siban,5,silk_spot,416.0,40.0,1231.0,986.0,815.0,946.0,candidate,
img_02_436153600_00698,data/raw/GC10-DET/6/img_02_436153600_00698.jpg,data/raw/GC10-DET/lable/img_02_436153600_00698.xml,6,img_02_436153600_00698.jpg,6_siban,5,silk_spot,626.0,58.0,1323.0,701.0,697.0,643.0,candidate,
img_02_436153600_00699,data/raw/GC10-DET/6/img_02_436153600_00699.jpg,data/raw/GC10-DET/lable/img_02_436153600_00699.xml,6,img_02_436153600_00699.jpg,6_siban,5,silk_spot,454.0,91.0,1833.0,958.0,1379.0,867.0,candidate,
img_02_436153600_00700,data/raw/GC10-DET/6/img_02_436153600_00700.jpg,data/raw/GC10-DET/lable/img_02_436153600_00700.xml,6,img_02_436153600_00700.jpg,6_siban,5,silk_spot,574.0,25.0,1371.0,889.0,797.0,864.0,candidate,
img_02_436153600_00705,data/raw/GC10-DET/6/img_02_436153600_00705.jpg,data/raw/GC10-DET/lable/img_02_436153600_00705.xml,6,img_02_436153600_00705.jpg,6_siban,5,silk_spot,553.0,84.0,1212.0,906.0,659.0,822.0,candidate,
img_02_436153600_00708,data/raw/GC10-DET/6/img_02_436153600_00708.jpg,data/raw/GC10-DET/lable/img_02_436153600_00708.xml,6,img_02_436153600_00708.jpg,6_siban,5,silk_spot,507.0,78.0,1264.0,947.0,757.0,869.0,candidate,
img_02_436153600_00709,data/raw/GC10-DET/6/img_02_436153600_00709.jpg,data/raw/GC10-DET/lable/img_02_436153600_00709.xml,6,img_02_436153600_00709.jpg,6_siban,5,silk_spot,370.0,19.0,1508.0,943.0,1138.0,924.0,candidate,
img_02_436153600_00747,data/raw/GC10-DET/6/img_02_436153600_00747.jpg,data/raw/GC10-DET/lable/img_02_436153600_00747.xml,6,img_02_436153600_00747.jpg,6_siban,5,silk_spot,376.0,27.0,1495.0,903.0,1119.0,876.0,candidate,
img_02_436164000_00006,data/raw/GC10-DET/2/img_02_436164000_00006.jpg,data/raw/GC10-DET/lable/img_02_436164000_00006.xml,2,img_02_436164000_00006.jpg,2_hanfeng,1,welding_line,7.0,580.0,2048.0,669.0,2041.0,89.0,candidate,
img_02_436164000_00006,data/raw/GC10-DET/2/img_02_436164000_00006.jpg,data/raw/GC10-DET/lable/img_02_436164000_00006.xml,2,img_02_436164000_00006.jpg,1_chongkong,0,punching_hole,1996.0,755.0,2048.0,815.0,52.0,60.0,candidate,
img_02_436164000_00029,data/raw/GC10-DET/2/img_02_436164000_00029.jpg,data/raw/GC10-DET/lable/img_02_436164000_00029.xml,2,img_02_436164000_00029.jpg,2_hanfeng,1,welding_line,1.0,734.0,2048.0,805.0,2047.0,71.0,candidate,
img_02_436164000_00029,data/raw/GC10-DET/2/img_02_436164000_00029.jpg,data/raw/GC10-DET/lable/img_02_436164000_00029.xml,2,img_02_436164000_00029.jpg,2_hanfeng,1,welding_line,2.0,663.0,2048.0,716.0,2046.0,53.0,candidate,
img_02_436164300_00844,data/raw/GC10-DET/4/img_02_436164300_00844.jpg,data/raw/GC10-DET/lable/img_02_436164300_00844.xml,4,img_02_436164300_00844.jpg,4_shuiban,3,water_spot,1949.0,853.0,2046.0,1000.0,97.0,147.0,candidate,
img_02_436164300_01201,data/raw/GC10-DET/2/img_02_436164300_01201.jpg,data/raw/GC10-DET/lable/img_02_436164300_01201.xml,2,img_02_436164300_01201.jpg,2_hanfeng,1,welding_line,3.0,809.0,2048.0,887.0,2045.0,78.0,candidate,
img_02_436164700_00001,data/raw/GC10-DET/2/img_02_436164700_00001.jpg,data/raw/GC10-DET/lable/img_02_436164700_00001.xml,2,img_02_436164700_00001.jpg,2_hanfeng,1,welding_line,10.0,725.0,2048.0,820.0,2038.0,95.0,candidate,
img_02_436164700_00001,data/raw/GC10-DET/2/img_02_436164700_00001.jpg,data/raw/GC10-DET/lable/img_02_436164700_00001.xml,2,img_02_436164700_00001.jpg,1_chongkong,0,punching_hole,2000.0,919.0,2048.0,969.0,48.0,50.0,candidate,
img_02_436165600_00025,data/raw/GC10-DET/2/img_02_436165600_00025.jpg,data/raw/GC10-DET/lable/img_02_436165600_00025.xml,2,img_02_436165600_00025.jpg,2_hanfeng,1,welding_line,7.0,737.0,2048.0,818.0,2041.0,81.0,candidate,
img_02_436183700_00098,data/raw/GC10-DET/4/img_02_436183700_00098.jpg,data/raw/GC10-DET/lable/img_02_436183700_00098.xml,4,img_02_436183700_00098.jpg,4_shuiban,3,water_spot,1167.0,188.0,1317.0,437.0,150.0,249.0,candidate,
img_02_436184600_00774,data/raw/GC10-DET/6/img_02_436184600_00774.jpg,data/raw/GC10-DET/lable/img_02_436184600_00774.xml,6,img_02_436184600_00774.jpg,6_siban,5,silk_spot,351.0,55.0,1508.0,847.0,1157.0,792.0,candidate,
img_02_436184600_00775,data/raw/GC10-DET/6/img_02_436184600_00775.jpg,data/raw/GC10-DET/lable/img_02_436184600_00775.xml,6,img_02_436184600_00775.jpg,6_siban,5,silk_spot,348.0,50.0,682.0,881.0,334.0,831.0,candidate,
img_02_436184600_00779,data/raw/GC10-DET/6/img_02_436184600_00779.jpg,data/raw/GC10-DET/lable/img_02_436184600_00779.xml,6,img_02_436184600_00779.jpg,6_siban,5,silk_spot,330.0,24.0,718.0,840.0,388.0,816.0,candidate,
img_02_436184600_00782,data/raw/GC10-DET/6/img_02_436184600_00782.jpg,data/raw/GC10-DET/lable/img_02_436184600_00782.xml,6,img_02_436184600_00782.jpg,6_siban,5,silk_spot,297.0,42.0,682.0,883.0,385.0,841.0,candidate,
img_02_436184600_00785,data/raw/GC10-DET/6/img_02_436184600_00785.jpg,data/raw/GC10-DET/lable/img_02_436184600_00785.xml,6,img_02_436184600_00785.jpg,6_siban,5,silk_spot,420.0,134.0,658.0,866.0,238.0,732.0,candidate,
img_02_436184600_00785,data/raw/GC10-DET/6/img_02_436184600_00785.jpg,data/raw/GC10-DET/lable/img_02_436184600_00785.xml,6,img_02_436184600_00785.jpg,6_siban,5,silk_spot,1184.0,88.0,1464.0,855.0,280.0,767.0,candidate,
img_02_436185000_00016,data/raw/GC10-DET/2/img_02_436185000_00016.jpg,data/raw/GC10-DET/lable/img_02_436185000_00016.xml,2,img_02_436185000_00016.jpg,2_hanfeng,1,welding_line,130.0,870.0,2048.0,939.0,1918.0,69.0,candidate,
img_02_436185500_00005,data/raw/GC10-DET/2/img_02_436185500_00005.jpg,data/raw/GC10-DET/lable/img_02_436185500_00005.xml,2,img_02_436185500_00005.jpg,2_hanfeng,1,welding_line,156.0,880.0,2047.0,960.0,1891.0,80.0,candidate,
img_02_436185700_00002,data/raw/GC10-DET/2/img_02_436185700_00002.jpg,data/raw/GC10-DET/lable/img_02_436185700_00002.xml,2,img_02_436185700_00002.jpg,2_hanfeng,1,welding_line,187.0,662.0,2048.0,750.0,1861.0,88.0,candidate,
img_02_436185700_00002,data/raw/GC10-DET/2/img_02_436185700_00002.jpg,data/raw/GC10-DET/lable/img_02_436185700_00002.xml,2,img_02_436185700_00002.jpg,1_chongkong,0,punching_hole,2016.0,841.0,2048.0,894.0,32.0,53.0,candidate,
img_02_4402116500_00005,data/raw/GC10-DET/8/img_02_4402116500_00005.jpg,data/raw/GC10-DET/lable/img_02_4402116500_00005.xml,8,img_02_4402116500_00005.jpg,8_yahen,7,rolled_pit,40.0,608.0,634.0,999.0,594.0,391.0,candidate,
img_02_4402116700_00002,data/raw/GC10-DET/9/img_02_4402116700_00002.jpg,data/raw/GC10-DET/lable/img_02_4402116700_00002.xml,9,img_02_4402116700_00002.jpg,9_zhehen,8,crease,4.0,511.0,942.0,570.0,938.0,59.0,candidate,
img_02_4402117200_00004,data/raw/GC10-DET/8/img_02_4402117200_00004.jpg,data/raw/GC10-DET/lable/img_02_4402117200_00004.xml,8,img_02_4402117200_00004.jpg,8_yahen,7,rolled_pit,638.0,812.0,884.0,916.0,246.0,104.0,candidate,
img_02_4402117200_00004,data/raw/GC10-DET/8/img_02_4402117200_00004.jpg,data/raw/GC10-DET/lable/img_02_4402117200_00004.xml,8,img_02_4402117200_00004.jpg,8_yahen,7,rolled_pit,1731.0,757.0,1923.0,917.0,192.0,160.0,candidate,
img_02_4402117200_00004,data/raw/GC10-DET/8/img_02_4402117200_00004.jpg,data/raw/GC10-DET/lable/img_02_4402117200_00004.xml,8,img_02_4402117200_00004.jpg,8_yahen,7,rolled_pit,1661.0,480.0,1866.0,630.0,205.0,150.0,candidate,
img_02_4402329000_00001,data/raw/GC10-DET/8/img_02_4402329000_00001.jpg,data/raw/GC10-DET/lable/img_02_4402329000_00001.xml,8,img_02_4402329000_00001.jpg,8_yahen,7,rolled_pit,1099.0,1.0,1622.0,183.0,523.0,182.0,candidate,
img_02_4402329000_00001,data/raw/GC10-DET/8/img_02_4402329000_00001.jpg,data/raw/GC10-DET/lable/img_02_4402329000_00001.xml,8,img_02_4402329000_00001.jpg,8_yahen,7,rolled_pit,77.0,1.0,371.0,206.0,294.0,205.0,candidate,
img_02_4402329000_00001,data/raw/GC10-DET/8/img_02_4402329000_00001.jpg,data/raw/GC10-DET/lable/img_02_4402329000_00001.xml,8,img_02_4402329000_00001.jpg,8_yahen,7,rolled_pit,1923.0,7.0,2048.0,173.0,125.0,166.0,candidate,
img_02_4402329100_00006,data/raw/GC10-DET/8/img_02_4402329100_00006.jpg,data/raw/GC10-DET/lable/img_02_4402329100_00006.xml,8,img_02_4402329100_00006.jpg,8_yahen,7,rolled_pit,13.0,539.0,636.0,819.0,623.0,280.0,candidate,
img_02_4402541100_00001,data/raw/GC10-DET/2/img_02_4402541100_00001.jpg,data/raw/GC10-DET/lable/img_02_4402541100_00001.xml,2,img_02_4402541100_00001.jpg,2_hanfeng,1,welding_line,2.0,635.0,2047.0,711.0,2045.0,76.0,candidate,
img_02_4402541100_00001,data/raw/GC10-DET/2/img_02_4402541100_00001.jpg,data/raw/GC10-DET/lable/img_02_4402541100_00001.xml,2,img_02_4402541100_00001.jpg,1_chongkong,0,punching_hole,2005.0,819.0,2048.0,871.0,43.0,52.0,candidate,
img_02_4402541100_00001,data/raw/GC10-DET/2/img_02_4402541100_00001.jpg,data/raw/GC10-DET/lable/img_02_4402541100_00001.xml,2,img_02_4402541100_00001.jpg,6_siban,5,silk_spot,5.0,717.0,1985.0,1000.0,1980.0,283.0,candidate,
img_02_4402623300_00022,data/raw/GC10-DET/7/img_02_4402623300_00022.jpg,data/raw/GC10-DET/lable/img_02_4402623300_00022.xml,7,img_02_4402623300_00022.jpg,7_yiwu,6,inclusion,482.0,356.0,806.0,573.0,324.0,217.0,candidate,
img_02_4402623300_00022,data/raw/GC10-DET/7/img_02_4402623300_00022.jpg,data/raw/GC10-DET/lable/img_02_4402623300_00022.xml,7,img_02_4402623300_00022.jpg,7_yiwu,6,inclusion,417.0,666.0,628.0,973.0,211.0,307.0,candidate,
img_02_4402623300_00026,data/raw/GC10-DET/7/img_02_4402623300_00026.jpg,data/raw/GC10-DET/lable/img_02_4402623300_00026.xml,7,img_02_4402623300_00026.jpg,7_yiwu,6,inclusion,414.0,517.0,684.0,708.0,270.0,191.0,candidate,
img_02_4402623300_00026,data/raw/GC10-DET/7/img_02_4402623300_00026.jpg,data/raw/GC10-DET/lable/img_02_4402623300_00026.xml,7,img_02_4402623300_00026.jpg,7_yiwu,6,inclusion,409.0,792.0,675.0,986.0,266.0,194.0,candidate,
img_02_4402623300_00028,data/raw/GC10-DET/7/img_02_4402623300_00028.jpg,data/raw/GC10-DET/lable/img_02_4402623300_00028.xml,7,img_02_4402623300_00028.jpg,7_yiwu,6,inclusion,403.0,217.0,567.0,451.0,164.0,234.0,candidate,
img_02_4402623300_00034,data/raw/GC10-DET/7/img_02_4402623300_00034.jpg,data/raw/GC10-DET/lable/img_02_4402623300_00034.xml,7,img_02_4402623300_00034.jpg,7_yiwu,6,inclusion,388.0,108.0,486.0,244.0,98.0,136.0,candidate,
img_02_4402766800_00635,data/raw/GC10-DET/4/img_02_4402766800_00635.jpg,data/raw/GC10-DET/lable/img_02_4402766800_00635.xml,4,img_02_4402766800_00635.jpg,4_shuiban,3,water_spot,117.0,496.0,320.0,804.0,203.0,308.0,candidate,
img_02_4402785600_00004,data/raw/GC10-DET/8/img_02_4402785600_00004.jpg,data/raw/GC10-DET/lable/img_02_4402785600_00004.xml,8,img_02_4402785600_00004.jpg,8_yahen,7,rolled_pit,1051.0,255.0,1353.0,373.0,302.0,118.0,candidate,
img_02_4402785600_00004,data/raw/GC10-DET/8/img_02_4402785600_00004.jpg,data/raw/GC10-DET/lable/img_02_4402785600_00004.xml,8,img_02_4402785600_00004.jpg,8_yahen,7,rolled_pit,1440.0,317.0,1762.0,491.0,322.0,174.0,candidate,
img_02_4402818600_00001,data/raw/GC10-DET/2/img_02_4402818600_00001.jpg,data/raw/GC10-DET/lable/img_02_4402818600_00001.xml,2,img_02_4402818600_00001.jpg,2_hanfeng,1,welding_line,7.0,727.0,2048.0,809.0,2041.0,82.0,candidate,
img_02_4402818600_00001,data/raw/GC10-DET/2/img_02_4402818600_00001.jpg,data/raw/GC10-DET/lable/img_02_4402818600_00001.xml,2,img_02_4402818600_00001.jpg,1_chongkong,0,punching_hole,1980.0,928.0,2048.0,975.0,68.0,47.0,candidate,
img_02_4402818600_00001,data/raw/GC10-DET/2/img_02_4402818600_00001.jpg,data/raw/GC10-DET/lable/img_02_4402818600_00001.xml,2,img_02_4402818600_00001.jpg,5_youban,4,oil_spot,737.0,209.0,896.0,287.0,159.0,78.0,candidate,
img_02_4402818600_00001,data/raw/GC10-DET/2/img_02_4402818600_00001.jpg,data/raw/GC10-DET/lable/img_02_4402818600_00001.xml,2,img_02_4402818600_00001.jpg,5_youban,4,oil_spot,8.0,68.0,218.0,117.0,210.0,49.0,candidate,
img_02_4402851700_00985,data/raw/GC10-DET/2/img_02_4402851700_00985.jpg,data/raw/GC10-DET/lable/img_02_4402851700_00985.xml,2,img_02_4402851700_00985.jpg,2_hanfeng,1,welding_line,8.0,462.0,2048.0,548.0,2040.0,86.0,candidate,
img_02_4402851700_00985,data/raw/GC10-DET/2/img_02_4402851700_00985.jpg,data/raw/GC10-DET/lable/img_02_4402851700_00985.xml,2,img_02_4402851700_00985.jpg,1_chongkong,0,punching_hole,1965.0,649.0,2048.0,712.0,83.0,63.0,candidate,
img_02_4402851700_00985,data/raw/GC10-DET/2/img_02_4402851700_00985.jpg,data/raw/GC10-DET/lable/img_02_4402851700_00985.xml,2,img_02_4402851700_00985.jpg,6_siban,5,silk_spot,40.0,557.0,2013.0,1000.0,1973.0,443.0,candidate,
img_02_4402852400_00774,data/raw/GC10-DET/2/img_02_4402852400_00774.jpg,data/raw/GC10-DET/lable/img_02_4402852400_00774.xml,2,img_02_4402852400_00774.jpg,2_hanfeng,1,welding_line,5.0,370.0,2048.0,459.0,2043.0,89.0,candidate,
img_02_4402852400_00774,data/raw/GC10-DET/2/img_02_4402852400_00774.jpg,data/raw/GC10-DET/lable/img_02_4402852400_00774.xml,2,img_02_4402852400_00774.jpg,6_siban,5,silk_spot,72.0,489.0,1959.0,973.0,1887.0,484.0,candidate,
img_02_4402852400_00774,data/raw/GC10-DET/2/img_02_4402852400_00774.jpg,data/raw/GC10-DET/lable/img_02_4402852400_00774.xml,2,img_02_4402852400_00774.jpg,1_chongkong,0,punching_hole,2000.0,559.0,2048.0,614.0,48.0,55.0,candidate,
img_02_4402852500_01045,data/raw/GC10-DET/2/img_02_4402852500_01045.jpg,data/raw/GC10-DET/lable/img_02_4402852500_01045.xml,2,img_02_4402852500_01045.jpg,2_hanfeng,1,welding_line,7.0,130.0,2048.0,215.0,2041.0,85.0,candidate,
img_02_4402852500_01045,data/raw/GC10-DET/2/img_02_4402852500_01045.jpg,data/raw/GC10-DET/lable/img_02_4402852500_01045.xml,2,img_02_4402852500_01045.jpg,1_chongkong,0,punching_hole,2005.0,297.0,2048.0,362.0,43.0,65.0,candidate,
img_02_4402852500_01045,data/raw/GC10-DET/2/img_02_4402852500_01045.jpg,data/raw/GC10-DET/lable/img_02_4402852500_01045.xml,2,img_02_4402852500_01045.jpg,6_siban,5,silk_spot,192.0,286.0,1853.0,968.0,1661.0,682.0,candidate,
img_02_4403465900_00026,data/raw/GC10-DET/4/img_02_4403465900_00026.jpg,data/raw/GC10-DET/lable/img_02_4403465900_00026.xml,4,img_02_4403465900_00026.jpg,5_youban,4,oil_spot,292.0,1.0,514.0,995.0,222.0,994.0,candidate,
img_02_4403465900_00034,data/raw/GC10-DET/4/img_02_4403465900_00034.jpg,data/raw/GC10-DET/lable/img_02_4403465900_00034.xml,4,img_02_4403465900_00034.jpg,5_youban,4,oil_spot,289.0,7.0,494.0,1000.0,205.0,993.0,candidate,
img_02_4403465900_00043,data/raw/GC10-DET/4/img_02_4403465900_00043.jpg,data/raw/GC10-DET/lable/img_02_4403465900_00043.xml,4,img_02_4403465900_00043.jpg,5_youban,4,oil_spot,284.0,1.0,464.0,987.0,180.0,986.0,candidate,
img_02_4403465900_00045,data/raw/GC10-DET/4/img_02_4403465900_00045.jpg,data/raw/GC10-DET/lable/img_02_4403465900_00045.xml,4,img_02_4403465900_00045.jpg,5_youban,4,oil_spot,283.0,1.0,456.0,998.0,173.0,997.0,candidate,
img_02_4403466000_00011,data/raw/GC10-DET/4/img_02_4403466000_00011.jpg,data/raw/GC10-DET/lable/img_02_4403466000_00011.xml,4,img_02_4403466000_00011.jpg,5_youban,4,oil_spot,294.0,3.0,495.0,1000.0,201.0,997.0,candidate,
img_02_4403466100_00004,data/raw/GC10-DET/4/img_02_4403466100_00004.jpg,data/raw/GC10-DET/lable/img_02_4403466100_00004.xml,4,img_02_4403466100_00004.jpg,5_youban,4,oil_spot,292.0,246.0,458.0,999.0,166.0,753.0,candidate,
img_02_4403466100_00005,data/raw/GC10-DET/4/img_02_4403466100_00005.jpg,data/raw/GC10-DET/lable/img_02_4403466100_00005.xml,4,img_02_4403466100_00005.jpg,5_youban,4,oil_spot,289.0,3.0,485.0,496.0,196.0,493.0,candidate,
img_02_4403466100_00011,data/raw/GC10-DET/4/img_02_4403466100_00011.jpg,data/raw/GC10-DET/lable/img_02_4403466100_00011.xml,4,img_02_4403466100_00011.jpg,5_youban,4,oil_spot,302.0,3.0,473.0,1000.0,171.0,997.0,candidate,
img_02_4403466100_00013,data/raw/GC10-DET/4/img_02_4403466100_00013.jpg,data/raw/GC10-DET/lable/img_02_4403466100_00013.xml,4,img_02_4403466100_00013.jpg,5_youban,4,oil_spot,294.0,1.0,563.0,1000.0,269.0,999.0,candidate,
img_02_4403466200_00005,data/raw/GC10-DET/4/img_02_4403466200_00005.jpg,data/raw/GC10-DET/lable/img_02_4403466200_00005.xml,4,img_02_4403466200_00005.jpg,5_youban,4,oil_spot,295.0,5.0,532.0,980.0,237.0,975.0,candidate,
img_02_4403466200_00005,data/raw/GC10-DET/4/img_02_4403466200_00005.jpg,data/raw/GC10-DET/lable/img_02_4403466200_00005.xml,4,img_02_4403466200_00005.jpg,5_youban,4,oil_spot,1509.0,14.0,2048.0,299.0,539.0,285.0,candidate,
img_02_4403466200_00005,data/raw/GC10-DET/4/img_02_4403466200_00005.jpg,data/raw/GC10-DET/lable/img_02_4403466200_00005.xml,4,img_02_4403466200_00005.jpg,5_youban,4,oil_spot,981.0,1.0,1314.0,250.0,333.0,249.0,candidate,
img_02_4403466200_00006,data/raw/GC10-DET/4/img_02_4403466200_00006.jpg,data/raw/GC10-DET/lable/img_02_4403466200_00006.xml,4,img_02_4403466200_00006.jpg,5_youban,4,oil_spot,267.0,7.0,620.0,998.0,353.0,991.0,candidate,
img_02_4403466200_00006,data/raw/GC10-DET/4/img_02_4403466200_00006.jpg,data/raw/GC10-DET/lable/img_02_4403466200_00006.xml,4,img_02_4403466200_00006.jpg,5_youban,4,oil_spot,1333.0,795.0,2011.0,1000.0,678.0,205.0,candidate,
img_02_4403466500_00008,data/raw/GC10-DET/4/img_02_4403466500_00008.jpg,data/raw/GC10-DET/lable/img_02_4403466500_00008.xml,4,img_02_4403466500_00008.jpg,5_youban,4,oil_spot,445.0,1.0,699.0,993.0,254.0,992.0,candidate,
img_02_4403466500_00010,data/raw/GC10-DET/4/img_02_4403466500_00010.jpg,data/raw/GC10-DET/lable/img_02_4403466500_00010.xml,4,img_02_4403466500_00010.jpg,5_youban,4,oil_spot,453.0,3.0,776.0,1000.0,323.0,997.0,candidate,
img_02_4403466500_00019,data/raw/GC10-DET/4/img_02_4403466500_00019.jpg,data/raw/GC10-DET/lable/img_02_4403466500_00019.xml,4,img_02_4403466500_00019.jpg,5_youban,4,oil_spot,471.0,16.0,886.0,1000.0,415.0,984.0,candidate,
img_02_4403466500_00023,data/raw/GC10-DET/4/img_02_4403466500_00023.jpg,data/raw/GC10-DET/lable/img_02_4403466500_00023.xml,4,img_02_4403466500_00023.jpg,5_youban,4,oil_spot,461.0,9.0,822.0,1000.0,361.0,991.0,candidate,
img_02_4403466600_00003,data/raw/GC10-DET/4/img_02_4403466600_00003.jpg,data/raw/GC10-DET/lable/img_02_4403466600_00003.xml,4,img_02_4403466600_00003.jpg,5_youban,4,oil_spot,403.0,1.0,654.0,978.0,251.0,977.0,candidate,
img_02_4403466600_00004,data/raw/GC10-DET/4/img_02_4403466600_00004.jpg,data/raw/GC10-DET/lable/img_02_4403466600_00004.xml,4,img_02_4403466600_00004.jpg,5_youban,4,oil_spot,397.0,9.0,705.0,989.0,308.0,980.0,candidate,
img_02_4403466600_00014,data/raw/GC10-DET/4/img_02_4403466600_00014.jpg,data/raw/GC10-DET/lable/img_02_4403466600_00014.xml,4,img_02_4403466600_00014.jpg,5_youban,4,oil_spot,417.0,16.0,780.0,1000.0,363.0,984.0,candidate,
img_02_4403466600_00019,data/raw/GC10-DET/4/img_02_4403466600_00019.jpg,data/raw/GC10-DET/lable/img_02_4403466600_00019.xml,4,img_02_4403466600_00019.jpg,5_youban,4,oil_spot,422.0,14.0,772.0,1000.0,350.0,986.0,candidate,
img_02_4403466700_00010,data/raw/GC10-DET/4/img_02_4403466700_00010.jpg,data/raw/GC10-DET/lable/img_02_4403466700_00010.xml,4,img_02_4403466700_00010.jpg,5_youban,4,oil_spot,443.0,133.0,613.0,950.0,170.0,817.0,candidate,
img_02_4403466700_00010,data/raw/GC10-DET/4/img_02_4403466700_00010.jpg,data/raw/GC10-DET/lable/img_02_4403466700_00010.xml,4,img_02_4403466700_00010.jpg,5_youban,4,oil_spot,323.0,33.0,400.0,952.0,77.0,919.0,candidate,
img_02_4403466700_00014,data/raw/GC10-DET/4/img_02_4403466700_00014.jpg,data/raw/GC10-DET/lable/img_02_4403466700_00014.xml,4,img_02_4403466700_00014.jpg,5_youban,4,oil_spot,456.0,816.0,558.0,1000.0,102.0,184.0,candidate,
img_02_4403466900_00011,data/raw/GC10-DET/4/img_02_4403466900_00011.jpg,data/raw/GC10-DET/lable/img_02_4403466900_00011.xml,4,img_02_4403466900_00011.jpg,5_youban,4,oil_spot,468.0,1.0,642.0,155.0,174.0,154.0,candidate,
img_02_4403466900_00011,data/raw/GC10-DET/4/img_02_4403466900_00011.jpg,data/raw/GC10-DET/lable/img_02_4403466900_00011.xml,4,img_02_4403466900_00011.jpg,5_youban,4,oil_spot,443.0,740.0,613.0,998.0,170.0,258.0,candidate,
img_02_4403466900_00012,data/raw/GC10-DET/4/img_02_4403466900_00012.jpg,data/raw/GC10-DET/lable/img_02_4403466900_00012.xml,4,img_02_4403466900_00012.jpg,5_youban,4,oil_spot,475.0,688.0,613.0,973.0,138.0,285.0,candidate,
img_02_4403466900_00012,data/raw/GC10-DET/4/img_02_4403466900_00012.jpg,data/raw/GC10-DET/lable/img_02_4403466900_00012.xml,4,img_02_4403466900_00012.jpg,5_youban,4,oil_spot,413.0,18.0,543.0,288.0,130.0,270.0,candidate,
img_02_4403466900_00012,data/raw/GC10-DET/4/img_02_4403466900_00012.jpg,data/raw/GC10-DET/lable/img_02_4403466900_00012.xml,4,img_02_4403466900_00012.jpg,5_youban,4,oil_spot,319.0,10.0,382.0,1000.0,63.0,990.0,candidate,
img_02_4403955000_00001,data/raw/GC10-DET/2/img_02_4403955000_00001.jpg,data/raw/GC10-DET/lable/img_02_4403955000_00001.xml,2,img_02_4403955000_00001.jpg,2_hanfeng,1,welding_line,2.0,842.0,2048.0,923.0,2046.0,81.0,candidate,
img_02_4403955000_00001,data/raw/GC10-DET/2/img_02_4403955000_00001.jpg,data/raw/GC10-DET/lable/img_02_4403955000_00001.xml,2,img_02_4403955000_00001.jpg,8_yahen,7,rolled_pit,396.0,344.0,730.0,413.0,334.0,69.0,candidate,
img_02_4403955000_00001,data/raw/GC10-DET/2/img_02_4403955000_00001.jpg,data/raw/GC10-DET/lable/img_02_4403955000_00001.xml,2,img_02_4403955000_00001.jpg,8_yahen,7,rolled_pit,1276.0,325.0,1661.0,420.0,385.0,95.0,candidate,
img_02_4403955000_00001,data/raw/GC10-DET/2/img_02_4403955000_00001.jpg,data/raw/GC10-DET/lable/img_02_4403955000_00001.xml,2,img_02_4403955000_00001.jpg,8_yahen,7,rolled_pit,1180.0,1.0,1537.0,60.0,357.0,59.0,candidate,
img_02_4404580000_00041,data/raw/GC10-DET/4/img_02_4404580000_00041.jpg,data/raw/GC10-DET/lable/img_02_4404580000_00041.xml,4,img_02_4404580000_00041.jpg,4_shuiban,3,water_spot,841.0,789.0,999.0,994.0,158.0,205.0,candidate,
img_02_4404580000_00068,data/raw/GC10-DET/4/img_02_4404580000_00068.jpg,data/raw/GC10-DET/lable/img_02_4404580000_00068.xml,4,img_02_4404580000_00068.jpg,4_shuiban,3,water_spot,1017.0,483.0,1158.0,683.0,141.0,200.0,candidate,
img_02_4404580600_00490,data/raw/GC10-DET/6/img_02_4404580600_00490.jpg,data/raw/GC10-DET/lable/img_02_4404580600_00490.xml,6,img_02_4404580600_00490.jpg,6_siban,5,silk_spot,561.0,35.0,1625.0,963.0,1064.0,928.0,candidate,
img_02_4404580600_00661,data/raw/GC10-DET/6/img_02_4404580600_00661.jpg,data/raw/GC10-DET/lable/img_02_4404580600_00661.xml,6,img_02_4404580600_00661.jpg,6_siban,5,silk_spot,447.0,62.0,1192.0,921.0,745.0,859.0,candidate,
img_02_4404612700_00054,data/raw/GC10-DET/10/img_02_4404612700_00054.jpg,data/raw/GC10-DET/lable/img_02_4404612700_00054.xml,10,img_02_4404612700_00054.jpg,10_yaozhed,9,waist_folding,482.0,232.0,1859.0,950.0,1377.0,718.0,candidate,
img_02_4404892700_01142,data/raw/GC10-DET/2/img_02_4404892700_01142.jpg,data/raw/GC10-DET/lable/img_02_4404892700_01142.xml,2,img_02_4404892700_01142.jpg,2_hanfeng,1,welding_line,40.0,442.0,2048.0,525.0,2008.0,83.0,candidate,
img_02_4404892700_01142,data/raw/GC10-DET/2/img_02_4404892700_01142.jpg,data/raw/GC10-DET/lable/img_02_4404892700_01142.xml,2,img_02_4404892700_01142.jpg,1_chongkong,0,punching_hole,1972.0,619.0,2048.0,680.0,76.0,61.0,candidate,
img_02_4404892700_01142,data/raw/GC10-DET/2/img_02_4404892700_01142.jpg,data/raw/GC10-DET/lable/img_02_4404892700_01142.xml,2,img_02_4404892700_01142.jpg,3_yueyawan,2,crescent_gap,1.0,209.0,97.0,592.0,96.0,383.0,candidate,
img_02_4405230800_01128,data/raw/GC10-DET/4/img_02_4405230800_01128.jpg,data/raw/GC10-DET/lable/img_02_4405230800_01128.xml,4,img_02_4405230800_01128.jpg,4_shuiban,3,water_spot,940.0,183.0,1261.0,365.0,321.0,182.0,candidate,
img_02_4405230800_01128,data/raw/GC10-DET/4/img_02_4405230800_01128.jpg,data/raw/GC10-DET/lable/img_02_4405230800_01128.xml,4,img_02_4405230800_01128.jpg,4_shuiban,3,water_spot,1512.0,434.0,1718.0,606.0,206.0,172.0,candidate,
img_02_4405230800_01128,data/raw/GC10-DET/4/img_02_4405230800_01128.jpg,data/raw/GC10-DET/lable/img_02_4405230800_01128.xml,4,img_02_4405230800_01128.jpg,4_shuiban,3,water_spot,1271.0,675.0,1415.0,780.0,144.0,105.0,candidate,
img_02_4405230800_01128,data/raw/GC10-DET/4/img_02_4405230800_01128.jpg,data/raw/GC10-DET/lable/img_02_4405230800_01128.xml,4,img_02_4405230800_01128.jpg,4_shuiban,3,water_spot,1199.0,889.0,1359.0,968.0,160.0,79.0,candidate,
img_02_4405230800_01128,data/raw/GC10-DET/4/img_02_4405230800_01128.jpg,data/raw/GC10-DET/lable/img_02_4405230800_01128.xml,4,img_02_4405230800_01128.jpg,4_shuiban,3,water_spot,1481.0,783.0,1672.0,894.0,191.0,111.0,candidate,
img_02_4405230800_01128,data/raw/GC10-DET/4/img_02_4405230800_01128.jpg,data/raw/GC10-DET/lable/img_02_4405230800_01128.xml,4,img_02_4405230800_01128.jpg,4_shuiban,3,water_spot,1815.0,580.0,1979.0,666.0,164.0,86.0,candidate,
img_02_4405230800_01128,data/raw/GC10-DET/4/img_02_4405230800_01128.jpg,data/raw/GC10-DET/lable/img_02_4405230800_01128.xml,4,img_02_4405230800_01128.jpg,4_shuiban,3,water_spot,1482.0,66.0,1679.0,150.0,197.0,84.0,candidate,
img_02_4405230800_01128,data/raw/GC10-DET/4/img_02_4405230800_01128.jpg,data/raw/GC10-DET/lable/img_02_4405230800_01128.xml,4,img_02_4405230800_01128.jpg,4_shuiban,3,water_spot,1328.0,188.0,1499.0,306.0,171.0,118.0,candidate,
img_02_4405230800_01128,data/raw/GC10-DET/4/img_02_4405230800_01128.jpg,data/raw/GC10-DET/lable/img_02_4405230800_01128.xml,4,img_02_4405230800_01128.jpg,4_shuiban,3,water_spot,726.0,134.0,859.0,265.0,133.0,131.0,candidate,
img_02_4405230800_01128,data/raw/GC10-DET/4/img_02_4405230800_01128.jpg,data/raw/GC10-DET/lable/img_02_4405230800_01128.xml,4,img_02_4405230800_01128.jpg,4_shuiban,3,water_spot,361.0,359.0,932.0,906.0,571.0,547.0,candidate,
img_02_4405230800_01134,data/raw/GC10-DET/4/img_02_4405230800_01134.jpg,data/raw/GC10-DET/lable/img_02_4405230800_01134.xml,4,img_02_4405230800_01134.jpg,4_shuiban,3,water_spot,651.0,571.0,2048.0,960.0,1397.0,389.0,candidate,
img_02_4405230800_01134,data/raw/GC10-DET/4/img_02_4405230800_01134.jpg,data/raw/GC10-DET/lable/img_02_4405230800_01134.xml,4,img_02_4405230800_01134.jpg,4_shuiban,3,water_spot,1502.0,411.0,2029.0,617.0,527.0,206.0,candidate,
img_02_4405356600_00896,data/raw/GC10-DET/2/img_02_4405356600_00896.jpg,data/raw/GC10-DET/lable/img_02_4405356600_00896.xml,2,img_02_4405356600_00896.jpg,2_hanfeng,1,welding_line,2.0,524.0,2048.0,609.0,2046.0,85.0,candidate,
img_02_4405356600_00896,data/raw/GC10-DET/2/img_02_4405356600_00896.jpg,data/raw/GC10-DET/lable/img_02_4405356600_00896.xml,2,img_02_4405356600_00896.jpg,1_chongkong,0,punching_hole,2007.0,698.0,2048.0,762.0,41.0,64.0,candidate,
img_02_4405356600_00896,data/raw/GC10-DET/2/img_02_4405356600_00896.jpg,data/raw/GC10-DET/lable/img_02_4405356600_00896.xml,2,img_02_4405356600_00896.jpg,5_youban,4,oil_spot,230.0,390.0,800.0,530.0,570.0,140.0,candidate,
img_02_4405377500_01014,data/raw/GC10-DET/2/img_02_4405377500_01014.jpg,data/raw/GC10-DET/lable/img_02_4405377500_01014.xml,2,img_02_4405377500_01014.jpg,2_hanfeng,1,welding_line,7.0,470.0,2048.0,568.0,2041.0,98.0,candidate,
img_02_4405377500_01014,data/raw/GC10-DET/2/img_02_4405377500_01014.jpg,data/raw/GC10-DET/lable/img_02_4405377500_01014.xml,2,img_02_4405377500_01014.jpg,1_chongkong,0,punching_hole,1989.0,655.0,2048.0,722.0,59.0,67.0,candidate,
img_02_4406430100_00002,data/raw/GC10-DET/9/img_02_4406430100_00002.jpg,data/raw/GC10-DET/lable/img_02_4406430100_00002.xml,9,img_02_4406430100_00002.jpg,9_zhehen,8,crease,99.0,735.0,807.0,881.0,708.0,146.0,candidate,
img_02_4406446600_00072,data/raw/GC10-DET/7/img_02_4406446600_00072.jpg,data/raw/GC10-DET/lable/img_02_4406446600_00072.xml,7,img_02_4406446600_00072.jpg,5_youban,4,oil_spot,366.0,214.0,408.0,266.0,42.0,52.0,candidate,
img_02_4406446600_00072,data/raw/GC10-DET/7/img_02_4406446600_00072.jpg,data/raw/GC10-DET/lable/img_02_4406446600_00072.xml,7,img_02_4406446600_00072.jpg,5_youban,4,oil_spot,373.0,335.0,428.0,428.0,55.0,93.0,candidate,
img_02_4406446600_00072,data/raw/GC10-DET/7/img_02_4406446600_00072.jpg,data/raw/GC10-DET/lable/img_02_4406446600_00072.xml,7,img_02_4406446600_00072.jpg,4_shuiban,3,water_spot,1679.0,318.0,1751.0,782.0,72.0,464.0,candidate,
img_02_4406446600_00073,data/raw/GC10-DET/7/img_02_4406446600_00073.jpg,data/raw/GC10-DET/lable/img_02_4406446600_00073.xml,7,img_02_4406446600_00073.jpg,5_youban,4,oil_spot,365.0,88.0,407.0,157.0,42.0,69.0,candidate,
img_02_4406446600_00073,data/raw/GC10-DET/7/img_02_4406446600_00073.jpg,data/raw/GC10-DET/lable/img_02_4406446600_00073.xml,7,img_02_4406446600_00073.jpg,5_youban,4,oil_spot,366.0,317.0,410.0,389.0,44.0,72.0,candidate,
img_02_4406446700_00001,data/raw/GC10-DET/4/img_02_4406446700_00001.jpg,data/raw/GC10-DET/lable/img_02_4406446700_00001.xml,4,img_02_4406446700_00001.jpg,5_youban,4,oil_spot,382.0,463.0,524.0,908.0,142.0,445.0,candidate,
img_02_4406562900_00687,data/raw/GC10-DET/6/img_02_4406562900_00687.jpg,data/raw/GC10-DET/lable/img_02_4406562900_00687.xml,6,img_02_4406562900_00687.jpg,6_siban,5,silk_spot,661.0,63.0,982.0,812.0,321.0,749.0,candidate,
img_02_4406562900_00698,data/raw/GC10-DET/7/img_02_4406562900_00698.jpg,data/raw/GC10-DET/lable/img_02_4406562900_00698.xml,7,img_02_4406562900_00698.jpg,4_shuiban,3,water_spot,604.0,12.0,928.0,843.0,324.0,831.0,candidate,
img_02_4406562900_00755,data/raw/GC10-DET/6/img_02_4406562900_00755.jpg,data/raw/GC10-DET/lable/img_02_4406562900_00755.xml,6,img_02_4406562900_00755.jpg,6_siban,5,silk_spot,562.0,158.0,869.0,914.0,307.0,756.0,candidate,
img_02_4406645900_00001,data/raw/GC10-DET/3/img_02_4406645900_00001.jpg,data/raw/GC10-DET/lable/img_02_4406645900_00001.xml,3,img_02_4406645900_00001.jpg,3_yueyawan,2,crescent_gap,25.0,1.0,243.0,198.0,218.0,197.0,candidate,
img_02_4406645900_00001,data/raw/GC10-DET/3/img_02_4406645900_00001.jpg,data/raw/GC10-DET/lable/img_02_4406645900_00001.xml,3,img_02_4406645900_00001.jpg,1_chongkong,0,punching_hole,1974.0,83.0,2048.0,135.0,74.0,52.0,candidate,
img_02_4406645900_00002,data/raw/GC10-DET/2/img_02_4406645900_00002.jpg,data/raw/GC10-DET/lable/img_02_4406645900_00002.xml,2,img_02_4406645900_00002.jpg,2_hanfeng,1,welding_line,205.0,911.0,2048.0,972.0,1843.0,61.0,candidate,
img_02_4406645900_00002,data/raw/GC10-DET/2/img_02_4406645900_00002.jpg,data/raw/GC10-DET/lable/img_02_4406645900_00002.xml,2,img_02_4406645900_00002.jpg,3_yueyawan,2,crescent_gap,111.0,611.0,266.0,1000.0,155.0,389.0,candidate,
img_02_4406645900_00288,data/raw/GC10-DET/7/img_02_4406645900_00288.jpg,data/raw/GC10-DET/lable/img_02_4406645900_00288.xml,7,img_02_4406645900_00288.jpg,6_siban,5,silk_spot,1711.0,39.0,1999.0,972.0,288.0,933.0,candidate,
img_02_4406645900_00304,data/raw/GC10-DET/6/img_02_4406645900_00304.jpg,data/raw/GC10-DET/lable/img_02_4406645900_00304.xml,6,img_02_4406645900_00304.jpg,6_siban,5,silk_spot,107.0,35.0,367.0,344.0,260.0,309.0,candidate,
img_02_4406645900_00310,data/raw/GC10-DET/6/img_02_4406645900_00310.jpg,data/raw/GC10-DET/lable/img_02_4406645900_00310.xml,6,img_02_4406645900_00310.jpg,6_siban,5,silk_spot,266.0,406.0,477.0,757.0,211.0,351.0,candidate,
img_02_4406645900_00339,data/raw/GC10-DET/7/img_02_4406645900_00339.jpg,data/raw/GC10-DET/lable/img_02_4406645900_00339.xml,7,img_02_4406645900_00339.jpg,6_siban,5,silk_spot,1841.0,32.0,2048.0,809.0,207.0,777.0,candidate,
img_02_4406645900_00346,data/raw/GC10-DET/6/img_02_4406645900_00346.jpg,data/raw/GC10-DET/lable/img_02_4406645900_00346.xml,6,img_02_4406645900_00346.jpg,6_siban,5,silk_spot,1685.0,252.0,2035.0,858.0,350.0,606.0,candidate,
img_02_4406645900_00565,data/raw/GC10-DET/6/img_02_4406645900_00565.jpg,data/raw/GC10-DET/lable/img_02_4406645900_00565.xml,6,img_02_4406645900_00565.jpg,6_siban,5,silk_spot,1256.0,22.0,1477.0,380.0,221.0,358.0,candidate,
img_02_4406645900_00894,data/raw/GC10-DET/6/img_02_4406645900_00894.jpg,data/raw/GC10-DET/lable/img_02_4406645900_00894.xml,6,img_02_4406645900_00894.jpg,6_siban,5,silk_spot,110.0,145.0,338.0,798.0,228.0,653.0,candidate,
img_02_4406743300_00001,data/raw/GC10-DET/2/img_02_4406743300_00001.jpg,data/raw/GC10-DET/lable/img_02_4406743300_00001.xml,2,img_02_4406743300_00001.jpg,2_hanfeng,1,welding_line,2.0,60.0,2048.0,127.0,2046.0,67.0,candidate,
img_02_4406743300_00001,data/raw/GC10-DET/2/img_02_4406743300_00001.jpg,data/raw/GC10-DET/lable/img_02_4406743300_00001.xml,2,img_02_4406743300_00001.jpg,1_chongkong,0,punching_hole,2000.0,236.0,2048.0,285.0,48.0,49.0,candidate,
img_02_4406743300_00001,data/raw/GC10-DET/2/img_02_4406743300_00001.jpg,data/raw/GC10-DET/lable/img_02_4406743300_00001.xml,2,img_02_4406743300_00001.jpg,6_siban,5,silk_spot,51.0,146.0,1889.0,984.0,1838.0,838.0,candidate,
img_02_4406772100_00003,data/raw/GC10-DET/4/img_02_4406772100_00003.jpg,data/raw/GC10-DET/lable/img_02_4406772100_00003.xml,4,img_02_4406772100_00003.jpg,4_shuiban,3,water_spot,175.0,57.0,580.0,241.0,405.0,184.0,candidate,
img_02_4406772100_00175,data/raw/GC10-DET/4/img_02_4406772100_00175.jpg,data/raw/GC10-DET/lable/img_02_4406772100_00175.xml,4,img_02_4406772100_00175.jpg,,,,,,,,,,no_object_in_xml,
img_02_4406772100_00193,data/raw/GC10-DET/4/img_02_4406772100_00193.jpg,data/raw/GC10-DET/lable/img_02_4406772100_00193.xml,4,img_02_4406772100_00193.jpg,4_shuiban,3,water_spot,592.0,40.0,813.0,171.0,221.0,131.0,candidate,
img_02_4406772100_00221,data/raw/GC10-DET/4/img_02_4406772100_00221.jpg,data/raw/GC10-DET/lable/img_02_4406772100_00221.xml,4,img_02_4406772100_00221.jpg,4_shuiban,3,water_spot,385.0,422.0,556.0,678.0,171.0,256.0,candidate,
img_02_4406772100_00243,data/raw/GC10-DET/4/img_02_4406772100_00243.jpg,data/raw/GC10-DET/lable/img_02_4406772100_00243.xml,4,img_02_4406772100_00243.jpg,4_shuiban,3,water_spot,625.0,809.0,783.0,1000.0,158.0,191.0,candidate,
img_02_4406772100_00275,data/raw/GC10-DET/4/img_02_4406772100_00275.jpg,data/raw/GC10-DET/lable/img_02_4406772100_00275.xml,4,img_02_4406772100_00275.jpg,4_shuiban,3,water_spot,399.0,445.0,554.0,706.0,155.0,261.0,candidate,
img_02_4406772100_00305,data/raw/GC10-DET/4/img_02_4406772100_00305.jpg,data/raw/GC10-DET/lable/img_02_4406772100_00305.xml,4,img_02_4406772100_00305.jpg,4_shuiban,3,water_spot,472.0,140.0,635.0,414.0,163.0,274.0,candidate,
img_02_4406772100_00324,data/raw/GC10-DET/4/img_02_4406772100_00324.jpg,data/raw/GC10-DET/lable/img_02_4406772100_00324.xml,4,img_02_4406772100_00324.jpg,4_shuiban,3,water_spot,461.0,363.0,631.0,773.0,170.0,410.0,candidate,
img_02_4406772100_00371,data/raw/GC10-DET/4/img_02_4406772100_00371.jpg,data/raw/GC10-DET/lable/img_02_4406772100_00371.xml,4,img_02_4406772100_00371.jpg,4_shuiban,3,water_spot,562.0,58.0,843.0,371.0,281.0,313.0,candidate,
img_02_4406772100_00404,data/raw/GC10-DET/4/img_02_4406772100_00404.jpg,data/raw/GC10-DET/lable/img_02_4406772100_00404.xml,4,img_02_4406772100_00404.jpg,4_shuiban,3,water_spot,487.0,425.0,644.0,671.0,157.0,246.0,candidate,
img_02_4406772100_00443,data/raw/GC10-DET/4/img_02_4406772100_00443.jpg,data/raw/GC10-DET/lable/img_02_4406772100_00443.xml,4,img_02_4406772100_00443.jpg,4_shuiban,3,water_spot,382.0,432.0,541.0,893.0,159.0,461.0,candidate,
img_02_4406772100_00500,data/raw/GC10-DET/4/img_02_4406772100_00500.jpg,data/raw/GC10-DET/lable/img_02_4406772100_00500.xml,4,img_02_4406772100_00500.jpg,4_shuiban,3,water_spot,602.0,827.0,795.0,996.0,193.0,169.0,candidate,
img_02_4406772100_00531,data/raw/GC10-DET/4/img_02_4406772100_00531.jpg,data/raw/GC10-DET/lable/img_02_4406772100_00531.xml,4,img_02_4406772100_00531.jpg,4_shuiban,3,water_spot,497.0,537.0,649.0,786.0,152.0,249.0,candidate,
img_02_4406772100_00602,data/raw/GC10-DET/4/img_02_4406772100_00602.jpg,data/raw/GC10-DET/lable/img_02_4406772100_00602.xml,4,img_02_4406772100_00602.jpg,4_shuiban,3,water_spot,89.0,275.0,203.0,439.0,114.0,164.0,candidate,
img_02_4406772100_00602,data/raw/GC10-DET/4/img_02_4406772100_00602.jpg,data/raw/GC10-DET/lable/img_02_4406772100_00602.xml,4,img_02_4406772100_00602.jpg,4_shuiban,3,water_spot,284.0,468.0,367.0,581.0,83.0,113.0,candidate,
img_02_4406772100_00602,data/raw/GC10-DET/4/img_02_4406772100_00602.jpg,data/raw/GC10-DET/lable/img_02_4406772100_00602.xml,4,img_02_4406772100_00602.jpg,4_shuiban,3,water_spot,426.0,568.0,525.0,673.0,99.0,105.0,candidate,
img_02_4406772100_00672,data/raw/GC10-DET/4/img_02_4406772100_00672.jpg,data/raw/GC10-DET/lable/img_02_4406772100_00672.xml,4,img_02_4406772100_00672.jpg,4_shuiban,3,water_spot,430.0,265.0,553.0,434.0,123.0,169.0,candidate,
img_02_4406772100_00672,data/raw/GC10-DET/4/img_02_4406772100_00672.jpg,data/raw/GC10-DET/lable/img_02_4406772100_00672.xml,4,img_02_4406772100_00672.jpg,4_shuiban,3,water_spot,233.0,193.0,344.0,345.0,111.0,152.0,candidate,
img_02_4406772100_00673,data/raw/GC10-DET/4/img_02_4406772100_00673.jpg,data/raw/GC10-DET/lable/img_02_4406772100_00673.xml,4,img_02_4406772100_00673.jpg,4_shuiban,3,water_spot,558.0,155.0,681.0,271.0,123.0,116.0,candidate,
img_02_4406772100_00673,data/raw/GC10-DET/4/img_02_4406772100_00673.jpg,data/raw/GC10-DET/lable/img_02_4406772100_00673.xml,4,img_02_4406772100_00673.jpg,4_shuiban,3,water_spot,633.0,607.0,751.0,711.0,118.0,104.0,candidate,
img_02_4406772100_00673,data/raw/GC10-DET/4/img_02_4406772100_00673.jpg,data/raw/GC10-DET/lable/img_02_4406772100_00673.xml,4,img_02_4406772100_00673.jpg,4_shuiban,3,water_spot,479.0,794.0,577.0,955.0,98.0,161.0,candidate,
img_02_4406772100_00695,data/raw/GC10-DET/4/img_02_4406772100_00695.jpg,data/raw/GC10-DET/lable/img_02_4406772100_00695.xml,4,img_02_4406772100_00695.jpg,4_shuiban,3,water_spot,528.0,29.0,679.0,168.0,151.0,139.0,candidate,
img_02_4406772100_00755,data/raw/GC10-DET/4/img_02_4406772100_00755.jpg,data/raw/GC10-DET/lable/img_02_4406772100_00755.xml,4,img_02_4406772100_00755.jpg,4_shuiban,3,water_spot,228.0,601.0,348.0,884.0,120.0,283.0,candidate,
img_02_4406772100_00758,data/raw/GC10-DET/4/img_02_4406772100_00758.jpg,data/raw/GC10-DET/lable/img_02_4406772100_00758.xml,4,img_02_4406772100_00758.jpg,4_shuiban,3,water_spot,597.0,475.0,771.0,670.0,174.0,195.0,candidate,
img_02_4406772100_00887,data/raw/GC10-DET/4/img_02_4406772100_00887.jpg,data/raw/GC10-DET/lable/img_02_4406772100_00887.xml,4,img_02_4406772100_00887.jpg,4_shuiban,3,water_spot,538.0,565.0,681.0,762.0,143.0,197.0,candidate,
img_02_4406772100_01092,data/raw/GC10-DET/4/img_02_4406772100_01092.jpg,data/raw/GC10-DET/lable/img_02_4406772100_01092.xml,4,img_02_4406772100_01092.jpg,4_shuiban,3,water_spot,466.0,725.0,574.0,925.0,108.0,200.0,candidate,
img_02_4406772100_01181,data/raw/GC10-DET/4/img_02_4406772100_01181.jpg,data/raw/GC10-DET/lable/img_02_4406772100_01181.xml,4,img_02_4406772100_01181.jpg,4_shuiban,3,water_spot,303.0,134.0,451.0,380.0,148.0,246.0,candidate,
img_02_4406783500_00004,data/raw/GC10-DET/9/img_02_4406783500_00004.jpg,data/raw/GC10-DET/lable/img_02_4406783500_00004.xml,9,img_02_4406783500_00004.jpg,9_zhehen,8,crease,65.0,586.0,1404.0,900.0,1339.0,314.0,candidate,
img_02_4406783500_00004,data/raw/GC10-DET/9/img_02_4406783500_00004.jpg,data/raw/GC10-DET/lable/img_02_4406783500_00004.xml,9,img_02_4406783500_00004.jpg,9_zhehen,8,crease,1413.0,5.0,1967.0,860.0,554.0,855.0,candidate,
img_02_4406783500_00008,data/raw/GC10-DET/9/img_02_4406783500_00008.jpg,data/raw/GC10-DET/lable/img_02_4406783500_00008.xml,9,img_02_4406783500_00008.jpg,9_zhehen,8,crease,1508.0,5.0,2048.0,165.0,540.0,160.0,candidate,
img_02_4406783500_00008,data/raw/GC10-DET/9/img_02_4406783500_00008.jpg,data/raw/GC10-DET/lable/img_02_4406783500_00008.xml,9,img_02_4406783500_00008.jpg,9_zhehen,8,crease,1522.0,343.0,2048.0,473.0,526.0,130.0,candidate,
img_02_4406783500_00008,data/raw/GC10-DET/9/img_02_4406783500_00008.jpg,data/raw/GC10-DET/lable/img_02_4406783500_00008.xml,9,img_02_4406783500_00008.jpg,9_zhehen,8,crease,1537.0,609.0,2048.0,782.0,511.0,173.0,candidate,
img_02_4406783500_00009,data/raw/GC10-DET/9/img_02_4406783500_00009.jpg,data/raw/GC10-DET/lable/img_02_4406783500_00009.xml,9,img_02_4406783500_00009.jpg,9_zhehen,8,crease,1676.0,60.0,2048.0,178.0,372.0,118.0,candidate,
img_02_4406783500_00009,data/raw/GC10-DET/9/img_02_4406783500_00009.jpg,data/raw/GC10-DET/lable/img_02_4406783500_00009.xml,9,img_02_4406783500_00009.jpg,9_zhehen,8,crease,1620.0,329.0,2048.0,517.0,428.0,188.0,candidate,
img_02_4406783500_00009,data/raw/GC10-DET/9/img_02_4406783500_00009.jpg,data/raw/GC10-DET/lable/img_02_4406783500_00009.xml,9,img_02_4406783500_00009.jpg,9_zhehen,8,crease,1572.0,665.0,2048.0,870.0,476.0,205.0,candidate,
img_02_4406783500_00010,data/raw/GC10-DET/9/img_02_4406783500_00010.jpg,data/raw/GC10-DET/lable/img_02_4406783500_00010.xml,9,img_02_4406783500_00010.jpg,9_zhehen,8,crease,1700.0,76.0,2048.0,258.0,348.0,182.0,candidate,
img_02_4406783500_00010,data/raw/GC10-DET/9/img_02_4406783500_00010.jpg,data/raw/GC10-DET/lable/img_02_4406783500_00010.xml,9,img_02_4406783500_00010.jpg,9_zhehen,8,crease,1713.0,470.0,2048.0,623.0,335.0,153.0,candidate,
img_02_4406783500_00010,data/raw/GC10-DET/9/img_02_4406783500_00010.jpg,data/raw/GC10-DET/lable/img_02_4406783500_00010.xml,9,img_02_4406783500_00010.jpg,9_zhehen,8,crease,1677.0,744.0,2048.0,889.0,371.0,145.0,candidate,
img_02_SIS001491_00257,data/raw/GC10-DET/6/img_02_SIS001491_00257.jpg,data/raw/GC10-DET/lable/img_02_SIS001491_00257.xml,6,img_02_SIS001491_00257.jpg,6_siban,5,silk_spot,1625.0,106.0,1977.0,717.0,352.0,611.0,candidate,
img_02_SIS001491_00261,data/raw/GC10-DET/6/img_02_SIS001491_00261.jpg,data/raw/GC10-DET/lable/img_02_SIS001491_00261.xml,6,img_02_SIS001491_00261.jpg,6_siban,5,silk_spot,1517.0,112.0,2036.0,917.0,519.0,805.0,candidate,
img_02_SIS001491_00267,data/raw/GC10-DET/6/img_02_SIS001491_00267.jpg,data/raw/GC10-DET/lable/img_02_SIS001491_00267.xml,6,img_02_SIS001491_00267.jpg,6_siban,5,silk_spot,1094.0,9.0,1676.0,821.0,582.0,812.0,candidate,
img_02_SIS001491_00280,data/raw/GC10-DET/6/img_02_SIS001491_00280.jpg,data/raw/GC10-DET/lable/img_02_SIS001491_00280.xml,6,img_02_SIS001491_00280.jpg,6_siban,5,silk_spot,1438.0,3.0,1894.0,366.0,456.0,363.0,candidate,
img_02_SIS001491_00289,data/raw/GC10-DET/6/img_02_SIS001491_00289.jpg,data/raw/GC10-DET/lable/img_02_SIS001491_00289.xml,6,img_02_SIS001491_00289.jpg,6_siban,5,silk_spot,1531.0,206.0,1977.0,783.0,446.0,577.0,candidate,
img_02_SIS001522_00004,data/raw/GC10-DET/6/img_02_SIS001522_00004.jpg,data/raw/GC10-DET/lable/img_02_SIS001522_00004.xml,6,img_02_SIS001522_00004.jpg,6_siban,5,silk_spot,808.0,22.0,1223.0,553.0,415.0,531.0,candidate,
img_02_SIS001522_00004,data/raw/GC10-DET/6/img_02_SIS001522_00004.jpg,data/raw/GC10-DET/lable/img_02_SIS001522_00004.xml,6,img_02_SIS001522_00004.jpg,6_siban,5,silk_spot,484.0,252.0,576.0,442.0,92.0,190.0,candidate,
img_02_SIS001522_00004,data/raw/GC10-DET/6/img_02_SIS001522_00004.jpg,data/raw/GC10-DET/lable/img_02_SIS001522_00004.xml,6,img_02_SIS001522_00004.jpg,6_siban,5,silk_spot,694.0,598.0,841.0,835.0,147.0,237.0,candidate,
img_02_SIS001522_00007,data/raw/GC10-DET/6/img_02_SIS001522_00007.jpg,data/raw/GC10-DET/lable/img_02_SIS001522_00007.xml,6,img_02_SIS001522_00007.jpg,6_siban,5,silk_spot,1079.0,178.0,1446.0,865.0,367.0,687.0,candidate,
img_02_SIS001522_00007,data/raw/GC10-DET/6/img_02_SIS001522_00007.jpg,data/raw/GC10-DET/lable/img_02_SIS001522_00007.xml,6,img_02_SIS001522_00007.jpg,6_siban,5,silk_spot,1669.0,234.0,2017.0,457.0,348.0,223.0,candidate,
img_02_SIS001522_00012,data/raw/GC10-DET/6/img_02_SIS001522_00012.jpg,data/raw/GC10-DET/lable/img_02_SIS001522_00012.xml,6,img_02_SIS001522_00012.jpg,6_siban,5,silk_spot,605.0,80.0,856.0,703.0,251.0,623.0,candidate,
img_02_SIS001522_00012,data/raw/GC10-DET/6/img_02_SIS001522_00012.jpg,data/raw/GC10-DET/lable/img_02_SIS001522_00012.xml,6,img_02_SIS001522_00012.jpg,6_siban,5,silk_spot,1351.0,135.0,1608.0,522.0,257.0,387.0,candidate,
img_02_SIS001522_00012,data/raw/GC10-DET/6/img_02_SIS001522_00012.jpg,data/raw/GC10-DET/lable/img_02_SIS001522_00012.xml,6,img_02_SIS001522_00012.jpg,6_siban,5,silk_spot,1733.0,48.0,1940.0,411.0,207.0,363.0,candidate,
img_02_SIS001522_00012,data/raw/GC10-DET/6/img_02_SIS001522_00012.jpg,data/raw/GC10-DET/lable/img_02_SIS001522_00012.xml,6,img_02_SIS001522_00012.jpg,6_siban,5,silk_spot,985.0,257.0,1241.0,770.0,256.0,513.0,candidate,
img_02_SIS001522_00026,data/raw/GC10-DET/6/img_02_SIS001522_00026.jpg,data/raw/GC10-DET/lable/img_02_SIS001522_00026.xml,6,img_02_SIS001522_00026.jpg,6_siban,5,silk_spot,838.0,63.0,1308.0,693.0,470.0,630.0,candidate,
img_02_SIS001522_00028,data/raw/GC10-DET/6/img_02_SIS001522_00028.jpg,data/raw/GC10-DET/lable/img_02_SIS001522_00028.xml,6,img_02_SIS001522_00028.jpg,6_siban,5,silk_spot,377.0,40.0,623.0,388.0,246.0,348.0,candidate,
img_02_SIS001522_00028,data/raw/GC10-DET/6/img_02_SIS001522_00028.jpg,data/raw/GC10-DET/lable/img_02_SIS001522_00028.xml,6,img_02_SIS001522_00028.jpg,6_siban,5,silk_spot,890.0,17.0,1105.0,371.0,215.0,354.0,candidate,
img_02_SIS001522_00031,data/raw/GC10-DET/6/img_02_SIS001522_00031.jpg,data/raw/GC10-DET/lable/img_02_SIS001522_00031.xml,6,img_02_SIS001522_00031.jpg,6_siban,5,silk_spot,1166.0,376.0,1477.0,880.0,311.0,504.0,candidate,
img_02_SIS001522_00031,data/raw/GC10-DET/6/img_02_SIS001522_00031.jpg,data/raw/GC10-DET/lable/img_02_SIS001522_00031.xml,6,img_02_SIS001522_00031.jpg,6_siban,5,silk_spot,1843.0,327.0,1994.0,644.0,151.0,317.0,candidate,
img_02_SIS001522_00031,data/raw/GC10-DET/6/img_02_SIS001522_00031.jpg,data/raw/GC10-DET/lable/img_02_SIS001522_00031.xml,6,img_02_SIS001522_00031.jpg,6_siban,5,silk_spot,597.0,622.0,872.0,793.0,275.0,171.0,candidate,
img_02_SIS001522_00031,data/raw/GC10-DET/6/img_02_SIS001522_00031.jpg,data/raw/GC10-DET/lable/img_02_SIS001522_00031.xml,6,img_02_SIS001522_00031.jpg,6_siban,5,silk_spot,422.0,791.0,607.0,988.0,185.0,197.0,candidate,
img_02_SIS001522_00036,data/raw/GC10-DET/6/img_02_SIS001522_00036.jpg,data/raw/GC10-DET/lable/img_02_SIS001522_00036.xml,6,img_02_SIS001522_00036.jpg,6_siban,5,silk_spot,76.0,140.0,397.0,406.0,321.0,266.0,candidate,
img_02_SIS001522_00036,data/raw/GC10-DET/6/img_02_SIS001522_00036.jpg,data/raw/GC10-DET/lable/img_02_SIS001522_00036.xml,6,img_02_SIS001522_00036.jpg,6_siban,5,silk_spot,672.0,81.0,1192.0,399.0,520.0,318.0,candidate,
img_02_SIS001522_00555,data/raw/GC10-DET/6/img_02_SIS001522_00555.jpg,data/raw/GC10-DET/lable/img_02_SIS001522_00555.xml,6,img_02_SIS001522_00555.jpg,6_siban,5,silk_spot,107.0,265.0,438.0,835.0,331.0,570.0,candidate,
img_02_SIS001522_00568,data/raw/GC10-DET/6/img_02_SIS001522_00568.jpg,data/raw/GC10-DET/lable/img_02_SIS001522_00568.xml,6,img_02_SIS001522_00568.jpg,6_siban,5,silk_spot,135.0,62.0,299.0,304.0,164.0,242.0,candidate,
img_02_SIS001533_00008,data/raw/GC10-DET/2/img_02_SIS001533_00008.jpg,data/raw/GC10-DET/lable/img_02_SIS001533_00008.xml,2,img_02_SIS001533_00008.jpg,2_hanfeng,1,welding_line,3.0,342.0,2048.0,437.0,2045.0,95.0,candidate,
img_02_SIS001533_00164,data/raw/GC10-DET/6/img_02_SIS001533_00164.jpg,data/raw/GC10-DET/lable/img_02_SIS001533_00164.xml,6,img_02_SIS001533_00164.jpg,6_siban,5,silk_spot,1444.0,566.0,1677.0,842.0,233.0,276.0,candidate,
img_02_SIS001533_00311,data/raw/GC10-DET/6/img_02_SIS001533_00311.jpg,data/raw/GC10-DET/lable/img_02_SIS001533_00311.xml,6,img_02_SIS001533_00311.jpg,6_siban,5,silk_spot,1456.0,550.0,1694.0,912.0,238.0,362.0,candidate,
img_02_SIS001540_00034,data/raw/GC10-DET/4/img_02_SIS001540_00034.jpg,data/raw/GC10-DET/lable/img_02_SIS001540_00034.xml,4,img_02_SIS001540_00034.jpg,4_shuiban,3,water_spot,334.0,705.0,481.0,960.0,147.0,255.0,candidate,
img_02_SIS001540_00034,data/raw/GC10-DET/4/img_02_SIS001540_00034.jpg,data/raw/GC10-DET/lable/img_02_SIS001540_00034.xml,4,img_02_SIS001540_00034.jpg,4_shuiban,3,water_spot,725.0,525.0,881.0,772.0,156.0,247.0,candidate,
img_02_SIS001540_00053,data/raw/GC10-DET/5/img_02_SIS001540_00053.jpg,data/raw/GC10-DET/lable/img_02_SIS001540_00053.xml,5,img_02_SIS001540_00053.jpg,5_youban,4,oil_spot,827.0,216.0,1002.0,469.0,175.0,253.0,candidate,
img_02_SIS001540_00053,data/raw/GC10-DET/5/img_02_SIS001540_00053.jpg,data/raw/GC10-DET/lable/img_02_SIS001540_00053.xml,5,img_02_SIS001540_00053.jpg,5_youban,4,oil_spot,683.0,676.0,956.0,980.0,273.0,304.0,candidate,
img_02_SIS001540_00053,data/raw/GC10-DET/5/img_02_SIS001540_00053.jpg,data/raw/GC10-DET/lable/img_02_SIS001540_00053.xml,5,img_02_SIS001540_00053.jpg,5_youban,4,oil_spot,911.0,539.0,961.0,619.0,50.0,80.0,candidate,
img_02_SIS001540_00088,data/raw/GC10-DET/4/img_02_SIS001540_00088.jpg,data/raw/GC10-DET/lable/img_02_SIS001540_00088.xml,4,img_02_SIS001540_00088.jpg,4_shuiban,3,water_spot,576.0,763.0,805.0,993.0,229.0,230.0,candidate,
img_02_SIS001540_00088,data/raw/GC10-DET/4/img_02_SIS001540_00088.jpg,data/raw/GC10-DET/lable/img_02_SIS001540_00088.xml,4,img_02_SIS001540_00088.jpg,4_shuiban,3,water_spot,964.0,252.0,1114.0,489.0,150.0,237.0,candidate,
img_02_SIS001540_00088,data/raw/GC10-DET/4/img_02_SIS001540_00088.jpg,data/raw/GC10-DET/lable/img_02_SIS001540_00088.xml,4,img_02_SIS001540_00088.jpg,4_shuiban,3,water_spot,1045.0,8.0,1166.0,86.0,121.0,78.0,candidate,
img_02_SIS001540_00105,data/raw/GC10-DET/4/img_02_SIS001540_00105.jpg,data/raw/GC10-DET/lable/img_02_SIS001540_00105.xml,4,img_02_SIS001540_00105.jpg,4_shuiban,3,water_spot,941.0,412.0,1051.0,622.0,110.0,210.0,candidate,
img_02_SIS001540_00105,data/raw/GC10-DET/4/img_02_SIS001540_00105.jpg,data/raw/GC10-DET/lable/img_02_SIS001540_00105.xml,4,img_02_SIS001540_00105.jpg,4_shuiban,3,water_spot,609.0,644.0,803.0,914.0,194.0,270.0,candidate,
img_02_SIS001540_00105,data/raw/GC10-DET/4/img_02_SIS001540_00105.jpg,data/raw/GC10-DET/lable/img_02_SIS001540_00105.xml,4,img_02_SIS001540_00105.jpg,4_shuiban,3,water_spot,439.0,524.0,570.0,757.0,131.0,233.0,candidate,
img_02_SIS001540_00105,data/raw/GC10-DET/4/img_02_SIS001540_00105.jpg,data/raw/GC10-DET/lable/img_02_SIS001540_00105.xml,4,img_02_SIS001540_00105.jpg,4_shuiban,3,water_spot,593.0,889.0,690.0,998.0,97.0,109.0,candidate,
img_02_SIS001561_01227,data/raw/GC10-DET/6/img_02_SIS001561_01227.jpg,data/raw/GC10-DET/lable/img_02_SIS001561_01227.xml,6,img_02_SIS001561_01227.jpg,6_siban,5,silk_spot,410.0,152.0,678.0,637.0,268.0,485.0,candidate,
img_02_SIS001561_01413,data/raw/GC10-DET/6/img_02_SIS001561_01413.jpg,data/raw/GC10-DET/lable/img_02_SIS001561_01413.xml,6,img_02_SIS001561_01413.jpg,6_siban,5,silk_spot,400.0,103.0,608.0,953.0,208.0,850.0,candidate,
img_02_SIS001564_01308,data/raw/GC10-DET/6/img_02_SIS001564_01308.jpg,data/raw/GC10-DET/lable/img_02_SIS001564_01308.xml,6,img_02_SIS001564_01308.jpg,6_siban,5,silk_spot,405.0,5.0,676.0,899.0,271.0,894.0,candidate,
img_02_SIS001564_01335,data/raw/GC10-DET/6/img_02_SIS001564_01335.jpg,data/raw/GC10-DET/lable/img_02_SIS001564_01335.xml,6,img_02_SIS001564_01335.jpg,6_siban,5,silk_spot,386.0,29.0,651.0,778.0,265.0,749.0,candidate,
img_02_SIS001574_00003,data/raw/GC10-DET/2/img_02_SIS001574_00003.jpg,data/raw/GC10-DET/lable/img_02_SIS001574_00003.xml,2,img_02_SIS001574_00003.jpg,2_hanfeng,1,welding_line,317.0,870.0,2047.0,951.0,1730.0,81.0,candidate,
img_02_SIS001577_00067,data/raw/GC10-DET/6/img_02_SIS001577_00067.jpg,data/raw/GC10-DET/lable/img_02_SIS001577_00067.xml,6,img_02_SIS001577_00067.jpg,6_siban,5,silk_spot,758.0,483.0,1040.0,996.0,282.0,513.0,candidate,
img_02_SIS001577_00067,data/raw/GC10-DET/6/img_02_SIS001577_00067.jpg,data/raw/GC10-DET/lable/img_02_SIS001577_00067.xml,6,img_02_SIS001577_00067.jpg,6_siban,5,silk_spot,97.0,118.0,438.0,892.0,341.0,774.0,candidate,
img_02_SIS001577_00072,data/raw/GC10-DET/6/img_02_SIS001577_00072.jpg,data/raw/GC10-DET/lable/img_02_SIS001577_00072.xml,6,img_02_SIS001577_00072.jpg,6_siban,5,silk_spot,79.0,134.0,359.0,642.0,280.0,508.0,candidate,
img_02_SIS001577_00072,data/raw/GC10-DET/6/img_02_SIS001577_00072.jpg,data/raw/GC10-DET/lable/img_02_SIS001577_00072.xml,6,img_02_SIS001577_00072.jpg,6_siban,5,silk_spot,633.0,403.0,810.0,592.0,177.0,189.0,candidate,
img_02_SIS002356_00001,data/raw/GC10-DET/2/img_02_SIS002356_00001.jpg,data/raw/GC10-DET/lable/img_02_SIS002356_00001.xml,2,img_02_SIS002356_00001.jpg,2_hanfeng,1,welding_line,23.0,857.0,2048.0,925.0,2025.0,68.0,candidate,
img_03_3402564500_00001,data/raw/GC10-DET/5/img_03_3402564500_00001.jpg,data/raw/GC10-DET/lable/img_03_3402564500_00001.xml,5,img_03_3402564500_00001.jpg,5_youban,4,oil_spot,721.0,492.0,953.0,709.0,232.0,217.0,candidate,
img_03_3402564500_00001,data/raw/GC10-DET/5/img_03_3402564500_00001.jpg,data/raw/GC10-DET/lable/img_03_3402564500_00001.xml,5,img_03_3402564500_00001.jpg,3_yueyawan,2,crescent_gap,1725.0,672.0,1936.0,1000.0,211.0,328.0,candidate,
img_03_3402564500_00001,data/raw/GC10-DET/5/img_03_3402564500_00001.jpg,data/raw/GC10-DET/lable/img_03_3402564500_00001.xml,5,img_03_3402564500_00001.jpg,8_yahen,7,rolled_pit,1564.0,194.0,1914.0,368.0,350.0,174.0,candidate,
img_03_3402616100_00002,data/raw/GC10-DET/2/img_03_3402616100_00002.jpg,data/raw/GC10-DET/lable/img_03_3402616100_00002.xml,2,img_03_3402616100_00002.jpg,2_hanfeng,1,welding_line,1.0,755.0,2048.0,833.0,2047.0,78.0,candidate,
img_03_3402616900_00001,data/raw/GC10-DET/2/img_03_3402616900_00001.jpg,data/raw/GC10-DET/lable/img_03_3402616900_00001.xml,2,img_03_3402616900_00001.jpg,2_hanfeng,1,welding_line,5.0,783.0,2048.0,870.0,2043.0,87.0,candidate,
img_03_3402617100_00119,data/raw/GC10-DET/7/img_03_3402617100_00119.jpg,data/raw/GC10-DET/lable/img_03_3402617100_00119.xml,7,img_03_3402617100_00119.jpg,4_shuiban,3,water_spot,1800.0,57.0,2022.0,317.0,222.0,260.0,candidate,
img_03_3402617100_00119,data/raw/GC10-DET/7/img_03_3402617100_00119.jpg,data/raw/GC10-DET/lable/img_03_3402617100_00119.xml,7,img_03_3402617100_00119.jpg,7_yiwu,6,inclusion,1829.0,874.0,1893.0,952.0,64.0,78.0,candidate,
img_03_3402617100_00120,data/raw/GC10-DET/7/img_03_3402617100_00120.jpg,data/raw/GC10-DET/lable/img_03_3402617100_00120.xml,7,img_03_3402617100_00120.jpg,4_shuiban,3,water_spot,1433.0,402.0,1665.0,751.0,232.0,349.0,candidate,
img_03_3402617100_00120,data/raw/GC10-DET/7/img_03_3402617100_00120.jpg,data/raw/GC10-DET/lable/img_03_3402617100_00120.xml,7,img_03_3402617100_00120.jpg,7_yiwu,6,inclusion,1679.0,564.0,1785.0,632.0,106.0,68.0,candidate,
img_03_3402617100_00120,data/raw/GC10-DET/7/img_03_3402617100_00120.jpg,data/raw/GC10-DET/lable/img_03_3402617100_00120.xml,7,img_03_3402617100_00120.jpg,7_yiwu,6,inclusion,1241.0,637.0,1296.0,676.0,55.0,39.0,candidate,
img_03_3402617100_00124,data/raw/GC10-DET/7/img_03_3402617100_00124.jpg,data/raw/GC10-DET/lable/img_03_3402617100_00124.xml,7,img_03_3402617100_00124.jpg,7_yiwu,6,inclusion,758.0,329.0,861.0,399.0,103.0,70.0,candidate,
img_03_3402617100_00124,data/raw/GC10-DET/7/img_03_3402617100_00124.jpg,data/raw/GC10-DET/lable/img_03_3402617100_00124.xml,7,img_03_3402617100_00124.jpg,7_yiwu,6,inclusion,1002.0,284.0,1074.0,332.0,72.0,48.0,candidate,
img_03_3402617100_00124,data/raw/GC10-DET/7/img_03_3402617100_00124.jpg,data/raw/GC10-DET/lable/img_03_3402617100_00124.xml,7,img_03_3402617100_00124.jpg,7_yiwu,6,inclusion,887.0,388.0,954.0,457.0,67.0,69.0,candidate,
img_03_3402617100_00124,data/raw/GC10-DET/7/img_03_3402617100_00124.jpg,data/raw/GC10-DET/lable/img_03_3402617100_00124.xml,7,img_03_3402617100_00124.jpg,7_yiwu,6,inclusion,1244.0,566.0,1312.0,612.0,68.0,46.0,candidate,
img_03_3402617100_00124,data/raw/GC10-DET/7/img_03_3402617100_00124.jpg,data/raw/GC10-DET/lable/img_03_3402617100_00124.xml,7,img_03_3402617100_00124.jpg,7_yiwu,6,inclusion,1154.0,652.0,1222.0,699.0,68.0,47.0,candidate,
img_03_3402617100_00124,data/raw/GC10-DET/7/img_03_3402617100_00124.jpg,data/raw/GC10-DET/lable/img_03_3402617100_00124.xml,7,img_03_3402617100_00124.jpg,7_yiwu,6,inclusion,938.0,609.0,1015.0,662.0,77.0,53.0,candidate,
img_03_3402617100_00124,data/raw/GC10-DET/7/img_03_3402617100_00124.jpg,data/raw/GC10-DET/lable/img_03_3402617100_00124.xml,7,img_03_3402617100_00124.jpg,7_yiwu,6,inclusion,674.0,855.0,717.0,901.0,43.0,46.0,candidate,
img_03_3402617100_00124,data/raw/GC10-DET/7/img_03_3402617100_00124.jpg,data/raw/GC10-DET/lable/img_03_3402617100_00124.xml,7,img_03_3402617100_00124.jpg,7_yiwu,6,inclusion,726.0,953.0,784.0,988.0,58.0,35.0,candidate,
img_03_3402617100_00124,data/raw/GC10-DET/7/img_03_3402617100_00124.jpg,data/raw/GC10-DET/lable/img_03_3402617100_00124.xml,7,img_03_3402617100_00124.jpg,7_yiwu,6,inclusion,1689.0,522.0,1743.0,568.0,54.0,46.0,candidate,
img_03_3402617100_00124,data/raw/GC10-DET/7/img_03_3402617100_00124.jpg,data/raw/GC10-DET/lable/img_03_3402617100_00124.xml,7,img_03_3402617100_00124.jpg,7_yiwu,6,inclusion,1849.0,648.0,1908.0,709.0,59.0,61.0,candidate,
img_03_3402617100_00131,data/raw/GC10-DET/7/img_03_3402617100_00131.jpg,data/raw/GC10-DET/lable/img_03_3402617100_00131.xml,7,img_03_3402617100_00131.jpg,7_yiwu,6,inclusion,1033.0,11.0,1070.0,40.0,37.0,29.0,candidate,
img_03_3402617100_00131,data/raw/GC10-DET/7/img_03_3402617100_00131.jpg,data/raw/GC10-DET/lable/img_03_3402617100_00131.xml,7,img_03_3402617100_00131.jpg,7_yiwu,6,inclusion,1125.0,47.0,1161.0,86.0,36.0,39.0,candidate,
img_03_3402617100_00131,data/raw/GC10-DET/7/img_03_3402617100_00131.jpg,data/raw/GC10-DET/lable/img_03_3402617100_00131.xml,7,img_03_3402617100_00131.jpg,7_yiwu,6,inclusion,1382.0,150.0,1457.0,216.0,75.0,66.0,candidate,
img_03_3402617200_00001,data/raw/GC10-DET/2/img_03_3402617200_00001.jpg,data/raw/GC10-DET/lable/img_03_3402617200_00001.xml,2,img_03_3402617200_00001.jpg,2_hanfeng,1,welding_line,8.0,930.0,2047.0,989.0,2039.0,59.0,candidate,
img_03_3402617400_00869,data/raw/GC10-DET/7/img_03_3402617400_00869.jpg,data/raw/GC10-DET/lable/img_03_3402617400_00869.xml,7,img_03_3402617400_00869.jpg,4_shuiban,3,water_spot,394.0,4.0,605.0,175.0,211.0,171.0,candidate,
img_03_3402617400_00869,data/raw/GC10-DET/7/img_03_3402617400_00869.jpg,data/raw/GC10-DET/lable/img_03_3402617400_00869.xml,7,img_03_3402617400_00869.jpg,4_shuiban,3,water_spot,1815.0,786.0,2048.0,995.0,233.0,209.0,candidate,
img_03_3402617400_00898,data/raw/GC10-DET/7/img_03_3402617400_00898.jpg,data/raw/GC10-DET/lable/img_03_3402617400_00898.xml,7,img_03_3402617400_00898.jpg,7_yiwu,6,inclusion,1284.0,725.0,1348.0,799.0,64.0,74.0,candidate,
img_03_3402617400_00919,data/raw/GC10-DET/7/img_03_3402617400_00919.jpg,data/raw/GC10-DET/lable/img_03_3402617400_00919.xml,7,img_03_3402617400_00919.jpg,7_yiwu,6,inclusion,885.0,224.0,936.0,286.0,51.0,62.0,candidate,
img_03_3402617400_00919,data/raw/GC10-DET/7/img_03_3402617400_00919.jpg,data/raw/GC10-DET/lable/img_03_3402617400_00919.xml,7,img_03_3402617400_00919.jpg,7_yiwu,6,inclusion,1074.0,224.0,1126.0,283.0,52.0,59.0,candidate,
img_03_3402617400_00941,data/raw/GC10-DET/5/img_03_3402617400_00941.jpg,data/raw/GC10-DET/lable/img_03_3402617400_00941.xml,5,img_03_3402617400_00941.jpg,5_youban,4,oil_spot,1561.0,597.0,1843.0,887.0,282.0,290.0,candidate,
img_03_3402617400_00947,data/raw/GC10-DET/5/img_03_3402617400_00947.jpg,data/raw/GC10-DET/lable/img_03_3402617400_00947.xml,5,img_03_3402617400_00947.jpg,5_youban,4,oil_spot,1603.0,589.0,1836.0,872.0,233.0,283.0,candidate,
img_03_3402617400_01103,data/raw/GC10-DET/2/img_03_3402617400_01103.jpg,data/raw/GC10-DET/lable/img_03_3402617400_01103.xml,2,img_03_3402617400_01103.jpg,2_hanfeng,1,welding_line,3.0,529.0,2048.0,606.0,2045.0,77.0,candidate,
img_03_3402617400_01103,data/raw/GC10-DET/2/img_03_3402617400_01103.jpg,data/raw/GC10-DET/lable/img_03_3402617400_01103.xml,2,img_03_3402617400_01103.jpg,1_chongkong,0,punching_hole,53.0,698.0,164.0,766.0,111.0,68.0,candidate,
img_03_3402617500_00003,data/raw/GC10-DET/7/img_03_3402617500_00003.jpg,data/raw/GC10-DET/lable/img_03_3402617500_00003.xml,7,img_03_3402617500_00003.jpg,6_siban,5,silk_spot,1389.0,168.0,1880.0,592.0,491.0,424.0,candidate,
img_03_3402617500_00138,data/raw/GC10-DET/7/img_03_3402617500_00138.jpg,data/raw/GC10-DET/lable/img_03_3402617500_00138.xml,7,img_03_3402617500_00138.jpg,7_yiwu,6,inclusion,1322.0,358.0,1400.0,444.0,78.0,86.0,candidate,
img_03_3402617500_00138,data/raw/GC10-DET/7/img_03_3402617500_00138.jpg,data/raw/GC10-DET/lable/img_03_3402617500_00138.xml,7,img_03_3402617500_00138.jpg,7_yiwu,6,inclusion,1562.0,599.0,1633.0,655.0,71.0,56.0,candidate,
img_03_3402617500_00787,data/raw/GC10-DET/2/img_03_3402617500_00787.jpg,data/raw/GC10-DET/lable/img_03_3402617500_00787.xml,2,img_03_3402617500_00787.jpg,2_hanfeng,1,welding_line,1.0,253.0,2048.0,331.0,2047.0,78.0,candidate,
img_03_3402617500_00787,data/raw/GC10-DET/2/img_03_3402617500_00787.jpg,data/raw/GC10-DET/lable/img_03_3402617500_00787.xml,2,img_03_3402617500_00787.jpg,1_chongkong,0,punching_hole,108.0,430.0,213.0,493.0,105.0,63.0,candidate,
img_03_3402617700_00053,data/raw/GC10-DET/4/img_03_3402617700_00053.jpg,data/raw/GC10-DET/lable/img_03_3402617700_00053.xml,4,img_03_3402617700_00053.jpg,4_shuiban,3,water_spot,1382.0,1.0,1566.0,178.0,184.0,177.0,candidate,
img_03_3402617700_00118,data/raw/GC10-DET/5/img_03_3402617700_00118.jpg,data/raw/GC10-DET/lable/img_03_3402617700_00118.xml,5,img_03_3402617700_00118.jpg,5_youban,4,oil_spot,1657.0,733.0,1947.0,993.0,290.0,260.0,candidate,
img_03_3402617700_00118,data/raw/GC10-DET/5/img_03_3402617700_00118.jpg,data/raw/GC10-DET/lable/img_03_3402617700_00118.xml,5,img_03_3402617700_00118.jpg,5_youban,4,oil_spot,1668.0,607.0,1742.0,650.0,74.0,43.0,candidate,
img_03_3402617700_00386,data/raw/GC10-DET/4/img_03_3402617700_00386.jpg,data/raw/GC10-DET/lable/img_03_3402617700_00386.xml,4,img_03_3402617700_00386.jpg,4_shuiban,3,water_spot,1572.0,747.0,1752.0,1000.0,180.0,253.0,candidate,
img_03_3402617700_00394,data/raw/GC10-DET/5/img_03_3402617700_00394.jpg,data/raw/GC10-DET/lable/img_03_3402617700_00394.xml,5,img_03_3402617700_00394.jpg,5_youban,4,oil_spot,1608.0,1.0,2001.0,282.0,393.0,281.0,candidate,
img_03_3402617700_00456,data/raw/GC10-DET/5/img_03_3402617700_00456.jpg,data/raw/GC10-DET/lable/img_03_3402617700_00456.xml,5,img_03_3402617700_00456.jpg,5_youban,4,oil_spot,1611.0,618.0,1886.0,901.0,275.0,283.0,candidate,
img_03_3402617700_00456,data/raw/GC10-DET/5/img_03_3402617700_00456.jpg,data/raw/GC10-DET/lable/img_03_3402617700_00456.xml,5,img_03_3402617700_00456.jpg,5_youban,4,oil_spot,1401.0,613.0,1464.0,673.0,63.0,60.0,candidate,
img_03_3402617700_00653,data/raw/GC10-DET/7/img_03_3402617700_00653.jpg,data/raw/GC10-DET/lable/img_03_3402617700_00653.xml,7,img_03_3402617700_00653.jpg,7_yiwu,6,inclusion,1912.0,644.0,1999.0,707.0,87.0,63.0,candidate,
img_03_3402617700_00653,data/raw/GC10-DET/7/img_03_3402617700_00653.jpg,data/raw/GC10-DET/lable/img_03_3402617700_00653.xml,7,img_03_3402617700_00653.jpg,4_shuiban,3,water_spot,1784.0,755.0,1985.0,984.0,201.0,229.0,candidate,
img_03_3402617700_00707,data/raw/GC10-DET/5/img_03_3402617700_00707.jpg,data/raw/GC10-DET/lable/img_03_3402617700_00707.xml,5,img_03_3402617700_00707.jpg,5_youban,4,oil_spot,1185.0,7.0,1261.0,43.0,76.0,36.0,candidate,
img_03_3402617700_00707,data/raw/GC10-DET/5/img_03_3402617700_00707.jpg,data/raw/GC10-DET/lable/img_03_3402617700_00707.xml,5,img_03_3402617700_00707.jpg,5_youban,4,oil_spot,1575.0,1.0,1846.0,199.0,271.0,198.0,candidate,
img_03_3402617700_00707,data/raw/GC10-DET/5/img_03_3402617700_00707.jpg,data/raw/GC10-DET/lable/img_03_3402617700_00707.xml,5,img_03_3402617700_00707.jpg,4_shuiban,3,water_spot,999.0,722.0,1282.0,1000.0,283.0,278.0,candidate,
img_03_3402617700_00745,data/raw/GC10-DET/7/img_03_3402617700_00745.jpg,data/raw/GC10-DET/lable/img_03_3402617700_00745.xml,7,img_03_3402617700_00745.jpg,7_yiwu,6,inclusion,1826.0,486.0,1897.0,560.0,71.0,74.0,candidate,
img_03_3402617700_00768,data/raw/GC10-DET/4/img_03_3402617700_00768.jpg,data/raw/GC10-DET/lable/img_03_3402617700_00768.xml,4,img_03_3402617700_00768.jpg,4_shuiban,3,water_spot,1395.0,16.0,1641.0,309.0,246.0,293.0,candidate,
img_03_3402617700_00783,data/raw/GC10-DET/5/img_03_3402617700_00783.jpg,data/raw/GC10-DET/lable/img_03_3402617700_00783.xml,5,img_03_3402617700_00783.jpg,5_youban,4,oil_spot,1581.0,51.0,1861.0,341.0,280.0,290.0,candidate,
img_03_3402617700_00886,data/raw/GC10-DET/5/img_03_3402617700_00886.jpg,data/raw/GC10-DET/lable/img_03_3402617700_00886.xml,5,img_03_3402617700_00886.jpg,5_youban,4,oil_spot,1465.0,888.0,1520.0,924.0,55.0,36.0,candidate,
img_03_3402617700_00886,data/raw/GC10-DET/5/img_03_3402617700_00886.jpg,data/raw/GC10-DET/lable/img_03_3402617700_00886.xml,5,img_03_3402617700_00886.jpg,5_youban,4,oil_spot,1550.0,905.0,1759.0,1000.0,209.0,95.0,candidate,
img_03_3402617700_01009,data/raw/GC10-DET/2/img_03_3402617700_01009.jpg,data/raw/GC10-DET/lable/img_03_3402617700_01009.xml,2,img_03_3402617700_01009.jpg,2_hanfeng,1,welding_line,7.0,609.0,2048.0,668.0,2041.0,59.0,candidate,
img_03_3402617700_01009,data/raw/GC10-DET/2/img_03_3402617700_01009.jpg,data/raw/GC10-DET/lable/img_03_3402617700_01009.xml,2,img_03_3402617700_01009.jpg,1_chongkong,0,punching_hole,90.0,771.0,228.0,845.0,138.0,74.0,candidate,
img_03_3402617800_00047,data/raw/GC10-DET/4/img_03_3402617800_00047.jpg,data/raw/GC10-DET/lable/img_03_3402617800_00047.xml,4,img_03_3402617800_00047.jpg,4_shuiban,3,water_spot,1094.0,178.0,1392.0,470.0,298.0,292.0,candidate,
img_03_3402618000_00007,data/raw/GC10-DET/10/img_03_3402618000_00007.jpg,data/raw/GC10-DET/lable/img_03_3402618000_00007.xml,10,img_03_3402618000_00007.jpg,10_yaozhed,9,waist_folding,200.0,145.0,1958.0,973.0,1758.0,828.0,candidate,
img_03_3402618000_00013,data/raw/GC10-DET/10/img_03_3402618000_00013.jpg,data/raw/GC10-DET/lable/img_03_3402618000_00013.xml,10,img_03_3402618000_00013.jpg,10_yaozhed,9,waist_folding,325.0,134.0,2020.0,916.0,1695.0,782.0,candidate,
img_03_3402618000_00035,data/raw/GC10-DET/4/img_03_3402618000_00035.jpg,data/raw/GC10-DET/lable/img_03_3402618000_00035.xml,4,img_03_3402618000_00035.jpg,4_shuiban,3,water_spot,1359.0,181.0,1600.0,721.0,241.0,540.0,candidate,
img_03_3403331900_01545,data/raw/GC10-DET/1/img_03_3403331900_01545.jpg,data/raw/GC10-DET/lable/img_03_3403331900_01545.xml,1,img_03_3403331900_01545.jpg,1_chongkong,0,punching_hole,71.0,551.0,170.0,605.0,99.0,54.0,candidate,
img_03_3403331900_01545,data/raw/GC10-DET/1/img_03_3403331900_01545.jpg,data/raw/GC10-DET/lable/img_03_3403331900_01545.xml,1,img_03_3403331900_01545.jpg,2_hanfeng,1,welding_line,13.0,379.0,2043.0,432.0,2030.0,53.0,candidate,
img_03_3403392000_01070,data/raw/GC10-DET/1/img_03_3403392000_01070.jpg,data/raw/GC10-DET/lable/img_03_3403392000_01070.xml,1,img_03_3403392000_01070.jpg,1_chongkong,0,punching_hole,105.0,11.0,196.0,57.0,91.0,46.0,candidate,
img_03_3403392000_01070,data/raw/GC10-DET/1/img_03_3403392000_01070.jpg,data/raw/GC10-DET/lable/img_03_3403392000_01070.xml,1,img_03_3403392000_01070.jpg,5_youban,4,oil_spot,331.0,681.0,469.0,895.0,138.0,214.0,candidate,
img_03_3403392100_00870,data/raw/GC10-DET/1/img_03_3403392100_00870.jpg,data/raw/GC10-DET/lable/img_03_3403392100_00870.xml,1,img_03_3403392100_00870.jpg,1_chongkong,0,punching_hole,95.0,14.0,204.0,66.0,109.0,52.0,candidate,
img_03_3403393700_00942,data/raw/GC10-DET/1/img_03_3403393700_00942.jpg,data/raw/GC10-DET/lable/img_03_3403393700_00942.xml,1,img_03_3403393700_00942.jpg,1_chongkong,0,punching_hole,112.0,96.0,209.0,142.0,97.0,46.0,candidate,
img_03_3403393700_00942,data/raw/GC10-DET/1/img_03_3403393700_00942.jpg,data/raw/GC10-DET/lable/img_03_3403393700_00942.xml,1,img_03_3403393700_00942.jpg,4_shuiban,3,water_spot,1054.0,298.0,1210.0,546.0,156.0,248.0,candidate,
img_03_3403393700_00942,data/raw/GC10-DET/1/img_03_3403393700_00942.jpg,data/raw/GC10-DET/lable/img_03_3403393700_00942.xml,1,img_03_3403393700_00942.jpg,4_shuiban,3,water_spot,1346.0,538.0,1637.0,852.0,291.0,314.0,candidate,
img_03_3403393700_00942,data/raw/GC10-DET/1/img_03_3403393700_00942.jpg,data/raw/GC10-DET/lable/img_03_3403393700_00942.xml,1,img_03_3403393700_00942.jpg,3_yueyawan,2,crescent_gap,1838.0,3.0,2018.0,192.0,180.0,189.0,candidate,
img_03_3403393800_01156,data/raw/GC10-DET/1/img_03_3403393800_01156.jpg,data/raw/GC10-DET/lable/img_03_3403393800_01156.xml,1,img_03_3403393800_01156.jpg,1_chongkong,0,punching_hole,94.0,929.0,184.0,981.0,90.0,52.0,candidate,
img_03_3403393800_01156,data/raw/GC10-DET/1/img_03_3403393800_01156.jpg,data/raw/GC10-DET/lable/img_03_3403393800_01156.xml,1,img_03_3403393800_01156.jpg,2_hanfeng,1,welding_line,2.0,759.0,1797.0,798.0,1795.0,39.0,candidate,
img_03_3403393800_01156,data/raw/GC10-DET/1/img_03_3403393800_01156.jpg,data/raw/GC10-DET/lable/img_03_3403393800_01156.xml,1,img_03_3403393800_01156.jpg,3_yueyawan,2,crescent_gap,1769.0,425.0,1972.0,1000.0,203.0,575.0,candidate,
img_03_3403393800_01156,data/raw/GC10-DET/1/img_03_3403393800_01156.jpg,data/raw/GC10-DET/lable/img_03_3403393800_01156.xml,1,img_03_3403393800_01156.jpg,7_yiwu,6,inclusion,459.0,481.0,486.0,508.0,27.0,27.0,candidate,
img_03_3403393800_01156,data/raw/GC10-DET/1/img_03_3403393800_01156.jpg,data/raw/GC10-DET/lable/img_03_3403393800_01156.xml,1,img_03_3403393800_01156.jpg,7_yiwu,6,inclusion,546.0,519.0,586.0,567.0,40.0,48.0,candidate,
img_03_3403394000_01158,data/raw/GC10-DET/1/img_03_3403394000_01158.jpg,data/raw/GC10-DET/lable/img_03_3403394000_01158.xml,1,img_03_3403394000_01158.jpg,1_chongkong,0,punching_hole,97.0,222.0,200.0,265.0,103.0,43.0,candidate,
img_03_3403394000_01158,data/raw/GC10-DET/1/img_03_3403394000_01158.jpg,data/raw/GC10-DET/lable/img_03_3403394000_01158.xml,1,img_03_3403394000_01158.jpg,2_hanfeng,1,welding_line,4.0,46.0,1810.0,87.0,1806.0,41.0,candidate,
img_03_3403394000_01158,data/raw/GC10-DET/1/img_03_3403394000_01158.jpg,data/raw/GC10-DET/lable/img_03_3403394000_01158.xml,1,img_03_3403394000_01158.jpg,3_yueyawan,2,crescent_gap,1764.0,1.0,1975.0,324.0,211.0,323.0,candidate,
img_03_3403394100_01319,data/raw/GC10-DET/1/img_03_3403394100_01319.jpg,data/raw/GC10-DET/lable/img_03_3403394100_01319.xml,1,img_03_3403394100_01319.jpg,1_chongkong,0,punching_hole,92.0,2.0,192.0,39.0,100.0,37.0,candidate,
img_03_3403394100_01319,data/raw/GC10-DET/1/img_03_3403394100_01319.jpg,data/raw/GC10-DET/lable/img_03_3403394100_01319.xml,1,img_03_3403394100_01319.jpg,3_yueyawan,2,crescent_gap,1891.0,1.0,1981.0,86.0,90.0,85.0,candidate,
img_03_3403394800_00844,data/raw/GC10-DET/1/img_03_3403394800_00844.jpg,data/raw/GC10-DET/lable/img_03_3403394800_00844.xml,1,img_03_3403394800_00844.jpg,1_chongkong,0,punching_hole,81.0,32.0,178.0,71.0,97.0,39.0,candidate,
img_03_3403395700_01033,data/raw/GC10-DET/1/img_03_3403395700_01033.jpg,data/raw/GC10-DET/lable/img_03_3403395700_01033.xml,1,img_03_3403395700_01033.jpg,1_chongkong,0,punching_hole,84.0,78.0,182.0,129.0,98.0,51.0,candidate,
img_03_3403395700_01033,data/raw/GC10-DET/1/img_03_3403395700_01033.jpg,data/raw/GC10-DET/lable/img_03_3403395700_01033.xml,1,img_03_3403395700_01033.jpg,4_shuiban,3,water_spot,875.0,55.0,997.0,862.0,122.0,807.0,candidate,
img_03_3403396800_01005,data/raw/GC10-DET/1/img_03_3403396800_01005.jpg,data/raw/GC10-DET/lable/img_03_3403396800_01005.xml,1,img_03_3403396800_01005.jpg,1_chongkong,0,punching_hole,78.0,98.0,186.0,140.0,108.0,42.0,candidate,
img_03_3403397300_00901,data/raw/GC10-DET/1/img_03_3403397300_00901.jpg,data/raw/GC10-DET/lable/img_03_3403397300_00901.xml,1,img_03_3403397300_00901.jpg,1_chongkong,0,punching_hole,84.0,139.0,182.0,183.0,98.0,44.0,candidate,
img_03_3403397500_01395,data/raw/GC10-DET/1/img_03_3403397500_01395.jpg,data/raw/GC10-DET/lable/img_03_3403397500_01395.xml,1,img_03_3403397500_01395.jpg,1_chongkong,0,punching_hole,89.0,827.0,197.0,881.0,108.0,54.0,candidate,
img_03_3403397500_01395,data/raw/GC10-DET/1/img_03_3403397500_01395.jpg,data/raw/GC10-DET/lable/img_03_3403397500_01395.xml,1,img_03_3403397500_01395.jpg,2_hanfeng,1,welding_line,4.0,663.0,2046.0,719.0,2042.0,56.0,candidate,
img_03_3403399200_00770,data/raw/GC10-DET/1/img_03_3403399200_00770.jpg,data/raw/GC10-DET/lable/img_03_3403399200_00770.xml,1,img_03_3403399200_00770.jpg,1_chongkong,0,punching_hole,91.0,98.0,197.0,148.0,106.0,50.0,candidate,
img_03_3403399500_00888,data/raw/GC10-DET/1/img_03_3403399500_00888.jpg,data/raw/GC10-DET/lable/img_03_3403399500_00888.xml,1,img_03_3403399500_00888.jpg,1_chongkong,0,punching_hole,92.0,9.0,205.0,58.0,113.0,49.0,candidate,
img_03_3403400200_00567,data/raw/GC10-DET/1/img_03_3403400200_00567.jpg,data/raw/GC10-DET/lable/img_03_3403400200_00567.xml,1,img_03_3403400200_00567.jpg,1_chongkong,0,punching_hole,87.0,152.0,193.0,204.0,106.0,52.0,candidate,
img_03_3403400500_00340,data/raw/GC10-DET/1/img_03_3403400500_00340.jpg,data/raw/GC10-DET/lable/img_03_3403400500_00340.xml,1,img_03_3403400500_00340.jpg,1_chongkong,0,punching_hole,74.0,837.0,174.0,896.0,100.0,59.0,candidate,
img_03_3403400500_00340,data/raw/GC10-DET/1/img_03_3403400500_00340.jpg,data/raw/GC10-DET/lable/img_03_3403400500_00340.xml,1,img_03_3403400500_00340.jpg,2_hanfeng,1,welding_line,10.0,668.0,2043.0,722.0,2033.0,54.0,candidate,
img_03_3403400600_00936,data/raw/GC10-DET/1/img_03_3403400600_00936.jpg,data/raw/GC10-DET/lable/img_03_3403400600_00936.xml,1,img_03_3403400600_00936.jpg,1_chongkong,0,punching_hole,99.0,47.0,202.0,99.0,103.0,52.0,candidate,
img_03_3403401700_00908,data/raw/GC10-DET/1/img_03_3403401700_00908.jpg,data/raw/GC10-DET/lable/img_03_3403401700_00908.xml,1,img_03_3403401700_00908.jpg,1_chongkong,0,punching_hole,92.0,365.0,194.0,424.0,102.0,59.0,candidate,
img_03_3403401700_00908,data/raw/GC10-DET/1/img_03_3403401700_00908.jpg,data/raw/GC10-DET/lable/img_03_3403401700_00908.xml,1,img_03_3403401700_00908.jpg,2_hanfeng,1,welding_line,7.0,200.0,2043.0,259.0,2036.0,59.0,candidate,
img_03_3403401800_00672,data/raw/GC10-DET/1/img_03_3403401800_00672.jpg,data/raw/GC10-DET/lable/img_03_3403401800_00672.xml,1,img_03_3403401800_00672.jpg,1_chongkong,0,punching_hole,79.0,446.0,184.0,504.0,105.0,58.0,candidate,
img_03_3403401800_00672,data/raw/GC10-DET/1/img_03_3403401800_00672.jpg,data/raw/GC10-DET/lable/img_03_3403401800_00672.xml,1,img_03_3403401800_00672.jpg,2_hanfeng,1,welding_line,7.0,265.0,2045.0,324.0,2038.0,59.0,candidate,
img_03_3403401900_00722,data/raw/GC10-DET/1/img_03_3403401900_00722.jpg,data/raw/GC10-DET/lable/img_03_3403401900_00722.xml,1,img_03_3403401900_00722.jpg,1_chongkong,0,punching_hole,87.0,653.0,223.0,722.0,136.0,69.0,candidate,
img_03_3403401900_00722,data/raw/GC10-DET/1/img_03_3403401900_00722.jpg,data/raw/GC10-DET/lable/img_03_3403401900_00722.xml,1,img_03_3403401900_00722.jpg,2_hanfeng,1,welding_line,7.0,489.0,2048.0,555.0,2041.0,66.0,candidate,
img_03_3403402100_00857,data/raw/GC10-DET/1/img_03_3403402100_00857.jpg,data/raw/GC10-DET/lable/img_03_3403402100_00857.xml,1,img_03_3403402100_00857.jpg,1_chongkong,0,punching_hole,54.0,47.0,187.0,109.0,133.0,62.0,candidate,
img_03_3403402800_00951,data/raw/GC10-DET/1/img_03_3403402800_00951.jpg,data/raw/GC10-DET/lable/img_03_3403402800_00951.xml,1,img_03_3403402800_00951.jpg,1_chongkong,0,punching_hole,59.0,789.0,192.0,860.0,133.0,71.0,candidate,
img_03_3403402800_00951,data/raw/GC10-DET/1/img_03_3403402800_00951.jpg,data/raw/GC10-DET/lable/img_03_3403402800_00951.xml,1,img_03_3403402800_00951.jpg,2_hanfeng,1,welding_line,4.0,627.0,2043.0,687.0,2039.0,60.0,candidate,
img_03_3403402800_00951,data/raw/GC10-DET/1/img_03_3403402800_00951.jpg,data/raw/GC10-DET/lable/img_03_3403402800_00951.xml,1,img_03_3403402800_00951.jpg,8_yahen,7,rolled_pit,292.0,160.0,381.0,236.0,89.0,76.0,candidate,
img_03_3403402800_00951,data/raw/GC10-DET/1/img_03_3403402800_00951.jpg,data/raw/GC10-DET/lable/img_03_3403402800_00951.xml,1,img_03_3403402800_00951.jpg,5_youban,4,oil_spot,1738.0,159.0,1888.0,268.0,150.0,109.0,candidate,
img_03_3403402900_00962,data/raw/GC10-DET/1/img_03_3403402900_00962.jpg,data/raw/GC10-DET/lable/img_03_3403402900_00962.xml,1,img_03_3403402900_00962.jpg,1_chongkong,0,punching_hole,58.0,412.0,182.0,488.0,124.0,76.0,candidate,
img_03_3403402900_00962,data/raw/GC10-DET/1/img_03_3403402900_00962.jpg,data/raw/GC10-DET/lable/img_03_3403402900_00962.xml,1,img_03_3403402900_00962.jpg,2_hanfeng,1,welding_line,4.0,251.0,2048.0,317.0,2044.0,66.0,candidate,
img_03_3403403300_00700,data/raw/GC10-DET/1/img_03_3403403300_00700.jpg,data/raw/GC10-DET/lable/img_03_3403403300_00700.xml,1,img_03_3403403300_00700.jpg,1_chongkong,0,punching_hole,76.0,21.0,213.0,94.0,137.0,73.0,candidate,
img_03_3403403500_00735,data/raw/GC10-DET/1/img_03_3403403500_00735.jpg,data/raw/GC10-DET/lable/img_03_3403403500_00735.xml,1,img_03_3403403500_00735.jpg,1_chongkong,0,punching_hole,56.0,335.0,187.0,411.0,131.0,76.0,candidate,
img_03_3403403500_00735,data/raw/GC10-DET/1/img_03_3403403500_00735.jpg,data/raw/GC10-DET/lable/img_03_3403403500_00735.xml,1,img_03_3403403500_00735.jpg,2_hanfeng,1,welding_line,5.0,174.0,2048.0,247.0,2043.0,73.0,candidate,
img_03_3403403700_00806,data/raw/GC10-DET/1/img_03_3403403700_00806.jpg,data/raw/GC10-DET/lable/img_03_3403403700_00806.xml,1,img_03_3403403700_00806.jpg,1_chongkong,0,punching_hole,74.0,804.0,223.0,878.0,149.0,74.0,candidate,
img_03_3403403700_00806,data/raw/GC10-DET/1/img_03_3403403700_00806.jpg,data/raw/GC10-DET/lable/img_03_3403403700_00806.xml,1,img_03_3403403700_00806.jpg,2_hanfeng,1,welding_line,13.0,635.0,2045.0,705.0,2032.0,70.0,candidate,
img_03_3403403700_00806,data/raw/GC10-DET/1/img_03_3403403700_00806.jpg,data/raw/GC10-DET/lable/img_03_3403403700_00806.xml,1,img_03_3403403700_00806.jpg,8_yahen,7,rolled_pit,415.0,160.0,583.0,219.0,168.0,59.0,candidate,
img_03_3403404300_01219,data/raw/GC10-DET/1/img_03_3403404300_01219.jpg,data/raw/GC10-DET/lable/img_03_3403404300_01219.xml,1,img_03_3403404300_01219.jpg,1_chongkong,0,punching_hole,77.0,1.0,197.0,68.0,120.0,67.0,candidate,
img_03_3403404800_00998,data/raw/GC10-DET/1/img_03_3403404800_00998.jpg,data/raw/GC10-DET/lable/img_03_3403404800_00998.xml,1,img_03_3403404800_00998.jpg,1_chongkong,0,punching_hole,62.0,1.0,159.0,50.0,97.0,49.0,candidate,
img_03_3403405900_00857,data/raw/GC10-DET/1/img_03_3403405900_00857.jpg,data/raw/GC10-DET/lable/img_03_3403405900_00857.xml,1,img_03_3403405900_00857.jpg,1_chongkong,0,punching_hole,61.0,906.0,187.0,971.0,126.0,65.0,candidate,
img_03_3403405900_00857,data/raw/GC10-DET/1/img_03_3403405900_00857.jpg,data/raw/GC10-DET/lable/img_03_3403405900_00857.xml,1,img_03_3403405900_00857.jpg,2_hanfeng,1,welding_line,4.0,735.0,1940.0,798.0,1936.0,63.0,candidate,
img_03_3403405900_00857,data/raw/GC10-DET/1/img_03_3403405900_00857.jpg,data/raw/GC10-DET/lable/img_03_3403405900_00857.xml,1,img_03_3403405900_00857.jpg,3_yueyawan,2,crescent_gap,1911.0,470.0,2048.0,947.0,137.0,477.0,candidate,
img_03_3403406000_00825,data/raw/GC10-DET/1/img_03_3403406000_00825.jpg,data/raw/GC10-DET/lable/img_03_3403406000_00825.xml,1,img_03_3403406000_00825.jpg,1_chongkong,0,punching_hole,94.0,114.0,217.0,191.0,123.0,77.0,candidate,
img_03_3403406000_00825,data/raw/GC10-DET/1/img_03_3403406000_00825.jpg,data/raw/GC10-DET/lable/img_03_3403406000_00825.xml,1,img_03_3403406000_00825.jpg,3_yueyawan,2,crescent_gap,1981.0,5.0,2048.0,107.0,67.0,102.0,candidate,
img_03_3436786500_00071,data/raw/GC10-DET/6/img_03_3436786500_00071.jpg,data/raw/GC10-DET/lable/img_03_3436786500_00071.xml,6,img_03_3436786500_00071.jpg,6_siban,5,silk_spot,1618.0,66.0,1840.0,655.0,222.0,589.0,candidate,
img_03_3437006100_00013,data/raw/GC10-DET/5/img_03_3437006100_00013.jpg,data/raw/GC10-DET/lable/img_03_3437006100_00013.xml,5,img_03_3437006100_00013.jpg,5_youban,4,oil_spot,1428.0,665.0,1653.0,977.0,225.0,312.0,candidate,
img_03_3437006100_00013,data/raw/GC10-DET/5/img_03_3437006100_00013.jpg,data/raw/GC10-DET/lable/img_03_3437006100_00013.xml,5,img_03_3437006100_00013.jpg,6_siban,5,silk_spot,628.0,57.0,1403.0,793.0,775.0,736.0,candidate,
img_03_3437006500_00033,data/raw/GC10-DET/5/img_03_3437006500_00033.jpg,data/raw/GC10-DET/lable/img_03_3437006500_00033.xml,5,img_03_3437006500_00033.jpg,5_youban,4,oil_spot,478.0,72.0,700.0,236.0,222.0,164.0,candidate,
img_03_3437006500_00033,data/raw/GC10-DET/5/img_03_3437006500_00033.jpg,data/raw/GC10-DET/lable/img_03_3437006500_00033.xml,5,img_03_3437006500_00033.jpg,5_youban,4,oil_spot,1377.0,402.0,1677.0,673.0,300.0,271.0,candidate,
img_03_3437006500_00033,data/raw/GC10-DET/5/img_03_3437006500_00033.jpg,data/raw/GC10-DET/lable/img_03_3437006500_00033.xml,5,img_03_3437006500_00033.jpg,5_youban,4,oil_spot,472.0,872.0,700.0,1000.0,228.0,128.0,candidate,
img_03_3437006500_00035,data/raw/GC10-DET/5/img_03_3437006500_00035.jpg,data/raw/GC10-DET/lable/img_03_3437006500_00035.xml,5,img_03_3437006500_00035.jpg,5_youban,4,oil_spot,472.0,790.0,689.0,973.0,217.0,183.0,candidate,
img_03_3437006500_00035,data/raw/GC10-DET/5/img_03_3437006500_00035.jpg,data/raw/GC10-DET/lable/img_03_3437006500_00035.xml,5,img_03_3437006500_00035.jpg,5_youban,4,oil_spot,1375.0,323.0,1670.0,639.0,295.0,316.0,candidate,
img_03_3437006900_00002,data/raw/GC10-DET/8/img_03_3437006900_00002.jpg,data/raw/GC10-DET/lable/img_03_3437006900_00002.xml,8,img_03_3437006900_00002.jpg,8_yahen,7,rolled_pit,1.0,133.0,244.0,240.0,243.0,107.0,candidate,
img_03_424712600_00016,data/raw/GC10-DET/4/img_03_424712600_00016.jpg,data/raw/GC10-DET/lable/img_03_424712600_00016.xml,4,img_03_424712600_00016.jpg,4_shuiban,3,water_spot,1090.0,752.0,1348.0,1000.0,258.0,248.0,candidate,
img_03_424714400_00001,data/raw/GC10-DET/1/img_03_424714400_00001.jpg,data/raw/GC10-DET/lable/img_03_424714400_00001.xml,1,img_03_424714400_00001.jpg,1_chongkong,0,punching_hole,95.0,493.0,222.0,558.0,127.0,65.0,candidate,
img_03_424714400_00001,data/raw/GC10-DET/1/img_03_424714400_00001.jpg,data/raw/GC10-DET/lable/img_03_424714400_00001.xml,1,img_03_424714400_00001.jpg,2_hanfeng,1,welding_line,16.0,311.0,2048.0,377.0,2032.0,66.0,candidate,
img_03_424714400_00001,data/raw/GC10-DET/1/img_03_424714400_00001.jpg,data/raw/GC10-DET/lable/img_03_424714400_00001.xml,1,img_03_424714400_00001.jpg,9_zhehen,8,crease,1157.0,82.0,2048.0,180.0,891.0,98.0,candidate,
img_03_424714400_00001,data/raw/GC10-DET/1/img_03_424714400_00001.jpg,data/raw/GC10-DET/lable/img_03_424714400_00001.xml,1,img_03_424714400_00001.jpg,5_youban,4,oil_spot,1811.0,95.0,1911.0,186.0,100.0,91.0,candidate,
img_03_424714400_00306,data/raw/GC10-DET/4/img_03_424714400_00306.jpg,data/raw/GC10-DET/lable/img_03_424714400_00306.xml,4,img_03_424714400_00306.jpg,4_shuiban,3,water_spot,92.0,788.0,392.0,993.0,300.0,205.0,candidate,
img_03_424714400_00326,data/raw/GC10-DET/7/img_03_424714400_00326.jpg,data/raw/GC10-DET/lable/img_03_424714400_00326.xml,7,img_03_424714400_00326.jpg,7_yiwu,6,inclusion,1823.0,235.0,1966.0,370.0,143.0,135.0,candidate,
img_03_424714400_00327,data/raw/GC10-DET/7/img_03_424714400_00327.jpg,data/raw/GC10-DET/lable/img_03_424714400_00327.xml,7,img_03_424714400_00327.jpg,7_yiwu,6,inclusion,1700.0,416.0,1766.0,499.0,66.0,83.0,candidate,
img_03_424714400_00327,data/raw/GC10-DET/7/img_03_424714400_00327.jpg,data/raw/GC10-DET/lable/img_03_424714400_00327.xml,7,img_03_424714400_00327.jpg,7_yiwu,6,inclusion,1885.0,352.0,1967.0,453.0,82.0,101.0,candidate,
img_03_424798200_00001,data/raw/GC10-DET/1/img_03_424798200_00001.jpg,data/raw/GC10-DET/lable/img_03_424798200_00001.xml,1,img_03_424798200_00001.jpg,1_chongkong,0,punching_hole,85.0,584.0,199.0,645.0,114.0,61.0,candidate,
img_03_424798200_00001,data/raw/GC10-DET/1/img_03_424798200_00001.jpg,data/raw/GC10-DET/lable/img_03_424798200_00001.xml,1,img_03_424798200_00001.jpg,2_hanfeng,1,welding_line,7.0,425.0,2043.0,471.0,2036.0,46.0,candidate,
img_03_424798500_00466,data/raw/GC10-DET/4/img_03_424798500_00466.jpg,data/raw/GC10-DET/lable/img_03_424798500_00466.xml,4,img_03_424798500_00466.jpg,4_shuiban,3,water_spot,1600.0,4.0,1781.0,111.0,181.0,107.0,candidate,
img_03_424798500_00467,data/raw/GC10-DET/4/img_03_424798500_00467.jpg,data/raw/GC10-DET/lable/img_03_424798500_00467.xml,4,img_03_424798500_00467.jpg,4_shuiban,3,water_spot,1577.0,722.0,1947.0,1000.0,370.0,278.0,candidate,
img_03_424799200_00260,data/raw/GC10-DET/4/img_03_424799200_00260.jpg,data/raw/GC10-DET/lable/img_03_424799200_00260.xml,4,img_03_424799200_00260.jpg,4_shuiban,3,water_spot,1412.0,148.0,1777.0,478.0,365.0,330.0,candidate,
img_03_424799300_00861,data/raw/GC10-DET/7/img_03_424799300_00861.jpg,data/raw/GC10-DET/lable/img_03_424799300_00861.xml,7,img_03_424799300_00861.jpg,7_yiwu,6,inclusion,884.0,96.0,948.0,162.0,64.0,66.0,candidate,
img_03_424799600_00324,data/raw/GC10-DET/4/img_03_424799600_00324.jpg,data/raw/GC10-DET/lable/img_03_424799600_00324.xml,4,img_03_424799600_00324.jpg,4_shuiban,3,water_spot,1537.0,278.0,1916.0,798.0,379.0,520.0,candidate,
img_03_424799600_00382,data/raw/GC10-DET/7/img_03_424799600_00382.jpg,data/raw/GC10-DET/lable/img_03_424799600_00382.xml,7,img_03_424799600_00382.jpg,7_yiwu,6,inclusion,1774.0,416.0,1849.0,498.0,75.0,82.0,candidate,
img_03_424799600_00382,data/raw/GC10-DET/7/img_03_424799600_00382.jpg,data/raw/GC10-DET/lable/img_03_424799600_00382.xml,7,img_03_424799600_00382.jpg,7_yiwu,6,inclusion,1228.0,70.0,1307.0,147.0,79.0,77.0,candidate,
img_03_424799600_00800,data/raw/GC10-DET/4/img_03_424799600_00800.jpg,data/raw/GC10-DET/lable/img_03_424799600_00800.xml,4,img_03_424799600_00800.jpg,4_shuiban,3,water_spot,1554.0,550.0,1890.0,929.0,336.0,379.0,candidate,
img_03_424825900_00211,data/raw/GC10-DET/4/img_03_424825900_00211.jpg,data/raw/GC10-DET/lable/img_03_424825900_00211.xml,4,img_03_424825900_00211.jpg,4_shuiban,3,water_spot,1515.0,301.0,1836.0,614.0,321.0,313.0,candidate,
img_03_424825900_00909,data/raw/GC10-DET/4/img_03_424825900_00909.jpg,data/raw/GC10-DET/lable/img_03_424825900_00909.xml,4,img_03_424825900_00909.jpg,4_shuiban,3,water_spot,1618.0,840.0,1909.0,1000.0,291.0,160.0,candidate,
img_03_424826100_00528,data/raw/GC10-DET/4/img_03_424826100_00528.jpg,data/raw/GC10-DET/lable/img_03_424826100_00528.xml,4,img_03_424826100_00528.jpg,4_shuiban,3,water_spot,1648.0,725.0,2001.0,1000.0,353.0,275.0,candidate,
img_03_424826300_00949,data/raw/GC10-DET/1/img_03_424826300_00949.jpg,data/raw/GC10-DET/lable/img_03_424826300_00949.xml,1,img_03_424826300_00949.jpg,1_chongkong,0,punching_hole,61.0,329.0,179.0,388.0,118.0,59.0,candidate,
img_03_424826300_00949,data/raw/GC10-DET/1/img_03_424826300_00949.jpg,data/raw/GC10-DET/lable/img_03_424826300_00949.xml,1,img_03_424826300_00949.jpg,2_hanfeng,1,welding_line,2.0,152.0,2043.0,213.0,2041.0,61.0,candidate,
img_03_424826800_00073,data/raw/GC10-DET/4/img_03_424826800_00073.jpg,data/raw/GC10-DET/lable/img_03_424826800_00073.xml,4,img_03_424826800_00073.jpg,4_shuiban,3,water_spot,1217.0,586.0,1433.0,899.0,216.0,313.0,candidate,
img_03_424826800_00254,data/raw/GC10-DET/4/img_03_424826800_00254.jpg,data/raw/GC10-DET/lable/img_03_424826800_00254.xml,4,img_03_424826800_00254.jpg,4_shuiban,3,water_spot,1507.0,357.0,1808.0,757.0,301.0,400.0,candidate,
img_03_424826800_00361,data/raw/GC10-DET/4/img_03_424826800_00361.jpg,data/raw/GC10-DET/lable/img_03_424826800_00361.xml,4,img_03_424826800_00361.jpg,4_shuiban,3,water_spot,1190.0,553.0,1443.0,935.0,253.0,382.0,candidate,
img_03_424826800_00420,data/raw/GC10-DET/4/img_03_424826800_00420.jpg,data/raw/GC10-DET/lable/img_03_424826800_00420.xml,4,img_03_424826800_00420.jpg,4_shuiban,3,water_spot,1179.0,789.0,1361.0,1000.0,182.0,211.0,candidate,
img_03_424992300_00001,data/raw/GC10-DET/1/img_03_424992300_00001.jpg,data/raw/GC10-DET/lable/img_03_424992300_00001.xml,1,img_03_424992300_00001.jpg,1_chongkong,0,punching_hole,100.0,44.0,226.0,114.0,126.0,70.0,candidate,
img_03_424992300_00206,data/raw/GC10-DET/4/img_03_424992300_00206.jpg,data/raw/GC10-DET/lable/img_03_424992300_00206.xml,4,img_03_424992300_00206.jpg,4_shuiban,3,water_spot,1551.0,157.0,1969.0,693.0,418.0,536.0,candidate,
img_03_424992300_00216,data/raw/GC10-DET/4/img_03_424992300_00216.jpg,data/raw/GC10-DET/lable/img_03_424992300_00216.xml,4,img_03_424992300_00216.jpg,4_shuiban,3,water_spot,102.0,435.0,391.0,860.0,289.0,425.0,candidate,
img_03_424992300_00223,data/raw/GC10-DET/4/img_03_424992300_00223.jpg,data/raw/GC10-DET/lable/img_03_424992300_00223.xml,4,img_03_424992300_00223.jpg,4_shuiban,3,water_spot,58.0,160.0,264.0,496.0,206.0,336.0,candidate,
img_03_424992300_00228,data/raw/GC10-DET/4/img_03_424992300_00228.jpg,data/raw/GC10-DET/lable/img_03_424992300_00228.xml,4,img_03_424992300_00228.jpg,4_shuiban,3,water_spot,1.0,152.0,285.0,786.0,284.0,634.0,candidate,
img_03_424992300_00274,data/raw/GC10-DET/4/img_03_424992300_00274.jpg,data/raw/GC10-DET/lable/img_03_424992300_00274.xml,4,img_03_424992300_00274.jpg,4_shuiban,3,water_spot,139.0,1.0,366.0,228.0,227.0,227.0,candidate,
img_03_424992300_00279,data/raw/GC10-DET/4/img_03_424992300_00279.jpg,data/raw/GC10-DET/lable/img_03_424992300_00279.xml,4,img_03_424992300_00279.jpg,4_shuiban,3,water_spot,37.0,716.0,215.0,955.0,178.0,239.0,candidate,
img_03_424992300_00311,data/raw/GC10-DET/4/img_03_424992300_00311.jpg,data/raw/GC10-DET/lable/img_03_424992300_00311.xml,4,img_03_424992300_00311.jpg,4_shuiban,3,water_spot,82.0,573.0,346.0,801.0,264.0,228.0,candidate,
img_03_424992300_00428,data/raw/GC10-DET/4/img_03_424992300_00428.jpg,data/raw/GC10-DET/lable/img_03_424992300_00428.xml,4,img_03_424992300_00428.jpg,4_shuiban,3,water_spot,69.0,822.0,259.0,1000.0,190.0,178.0,candidate,
img_03_424992300_00428,data/raw/GC10-DET/4/img_03_424992300_00428.jpg,data/raw/GC10-DET/lable/img_03_424992300_00428.xml,4,img_03_424992300_00428.jpg,6_siban,5,silk_spot,691.0,92.0,1353.0,982.0,662.0,890.0,candidate,
img_03_424992300_00514,data/raw/GC10-DET/4/img_03_424992300_00514.jpg,data/raw/GC10-DET/lable/img_03_424992300_00514.xml,4,img_03_424992300_00514.jpg,4_shuiban,3,water_spot,1595.0,675.0,1967.0,998.0,372.0,323.0,candidate,
img_03_424992300_00514,data/raw/GC10-DET/4/img_03_424992300_00514.jpg,data/raw/GC10-DET/lable/img_03_424992300_00514.xml,4,img_03_424992300_00514.jpg,6_siban,5,silk_spot,801.0,221.0,1357.0,924.0,556.0,703.0,candidate,
img_03_424992300_00520,data/raw/GC10-DET/4/img_03_424992300_00520.jpg,data/raw/GC10-DET/lable/img_03_424992300_00520.xml,4,img_03_424992300_00520.jpg,4_shuiban,3,water_spot,33.0,722.0,246.0,991.0,213.0,269.0,candidate,
img_03_424992300_00520,data/raw/GC10-DET/4/img_03_424992300_00520.jpg,data/raw/GC10-DET/lable/img_03_424992300_00520.xml,4,img_03_424992300_00520.jpg,6_siban,5,silk_spot,707.0,140.0,1399.0,962.0,692.0,822.0,candidate,
img_03_424992500_00003,data/raw/GC10-DET/1/img_03_424992500_00003.jpg,data/raw/GC10-DET/lable/img_03_424992500_00003.xml,1,img_03_424992500_00003.jpg,1_chongkong,0,punching_hole,79.0,29.0,212.0,96.0,133.0,67.0,candidate,
img_03_424992500_00103,data/raw/GC10-DET/4/img_03_424992500_00103.jpg,data/raw/GC10-DET/lable/img_03_424992500_00103.xml,4,img_03_424992500_00103.jpg,4_shuiban,3,water_spot,1.0,657.0,179.0,964.0,178.0,307.0,candidate,
img_03_424992500_00103,data/raw/GC10-DET/4/img_03_424992500_00103.jpg,data/raw/GC10-DET/lable/img_03_424992500_00103.xml,4,img_03_424992500_00103.jpg,6_siban,5,silk_spot,181.0,144.0,665.0,846.0,484.0,702.0,candidate,
img_03_424992500_00228,data/raw/GC10-DET/4/img_03_424992500_00228.jpg,data/raw/GC10-DET/lable/img_03_424992500_00228.xml,4,img_03_424992500_00228.jpg,4_shuiban,3,water_spot,1.0,1.0,162.0,251.0,161.0,250.0,candidate,
img_03_424992500_00388,data/raw/GC10-DET/4/img_03_424992500_00388.jpg,data/raw/GC10-DET/lable/img_03_424992500_00388.xml,4,img_03_424992500_00388.jpg,4_shuiban,3,water_spot,1.0,658.0,159.0,891.0,158.0,233.0,candidate,
img_03_424992500_00437,data/raw/GC10-DET/4/img_03_424992500_00437.jpg,data/raw/GC10-DET/lable/img_03_424992500_00437.xml,4,img_03_424992500_00437.jpg,4_shuiban,3,water_spot,36.0,527.0,195.0,801.0,159.0,274.0,candidate,
img_03_424992500_00482,data/raw/GC10-DET/4/img_03_424992500_00482.jpg,data/raw/GC10-DET/lable/img_03_424992500_00482.xml,4,img_03_424992500_00482.jpg,4_shuiban,3,water_spot,62.0,399.0,210.0,681.0,148.0,282.0,candidate,
img_03_424992500_00514,data/raw/GC10-DET/4/img_03_424992500_00514.jpg,data/raw/GC10-DET/lable/img_03_424992500_00514.xml,4,img_03_424992500_00514.jpg,4_shuiban,3,water_spot,1518.0,191.0,1936.0,566.0,418.0,375.0,candidate,
img_03_424992500_00514,data/raw/GC10-DET/4/img_03_424992500_00514.jpg,data/raw/GC10-DET/lable/img_03_424992500_00514.xml,4,img_03_424992500_00514.jpg,6_siban,5,silk_spot,1035.0,136.0,1389.0,920.0,354.0,784.0,candidate,
img_03_424992500_00525,data/raw/GC10-DET/4/img_03_424992500_00525.jpg,data/raw/GC10-DET/lable/img_03_424992500_00525.xml,4,img_03_424992500_00525.jpg,4_shuiban,3,water_spot,7.0,530.0,182.0,770.0,175.0,240.0,candidate,
img_03_424992500_00525,data/raw/GC10-DET/4/img_03_424992500_00525.jpg,data/raw/GC10-DET/lable/img_03_424992500_00525.xml,4,img_03_424992500_00525.jpg,6_siban,5,silk_spot,865.0,101.0,1413.0,922.0,548.0,821.0,candidate,
img_03_424992500_00609,data/raw/GC10-DET/4/img_03_424992500_00609.jpg,data/raw/GC10-DET/lable/img_03_424992500_00609.xml,4,img_03_424992500_00609.jpg,4_shuiban,3,water_spot,15.0,375.0,194.0,607.0,179.0,232.0,candidate,
img_03_424992500_00609,data/raw/GC10-DET/4/img_03_424992500_00609.jpg,data/raw/GC10-DET/lable/img_03_424992500_00609.xml,4,img_03_424992500_00609.jpg,6_siban,5,silk_spot,1043.0,163.0,1473.0,882.0,430.0,719.0,candidate,
img_03_424992500_00674,data/raw/GC10-DET/4/img_03_424992500_00674.jpg,data/raw/GC10-DET/lable/img_03_424992500_00674.xml,4,img_03_424992500_00674.jpg,4_shuiban,3,water_spot,2.0,594.0,140.0,840.0,138.0,246.0,candidate,
img_03_424992500_01025,data/raw/GC10-DET/4/img_03_424992500_01025.jpg,data/raw/GC10-DET/lable/img_03_424992500_01025.xml,4,img_03_424992500_01025.jpg,4_shuiban,3,water_spot,17.0,373.0,212.0,784.0,195.0,411.0,candidate,
img_03_424992500_01040,data/raw/GC10-DET/4/img_03_424992500_01040.jpg,data/raw/GC10-DET/lable/img_03_424992500_01040.xml,4,img_03_424992500_01040.jpg,4_shuiban,3,water_spot,48.0,447.0,231.0,675.0,183.0,228.0,candidate,
img_03_424992500_01054,data/raw/GC10-DET/4/img_03_424992500_01054.jpg,data/raw/GC10-DET/lable/img_03_424992500_01054.xml,4,img_03_424992500_01054.jpg,4_shuiban,3,water_spot,11.0,181.0,191.0,424.0,180.0,243.0,candidate,
img_03_424992500_01056,data/raw/GC10-DET/4/img_03_424992500_01056.jpg,data/raw/GC10-DET/lable/img_03_424992500_01056.xml,4,img_03_424992500_01056.jpg,4_shuiban,3,water_spot,114.0,412.0,292.0,615.0,178.0,203.0,candidate,
img_03_424992500_01064,data/raw/GC10-DET/4/img_03_424992500_01064.jpg,data/raw/GC10-DET/lable/img_03_424992500_01064.xml,4,img_03_424992500_01064.jpg,4_shuiban,3,water_spot,1581.0,1.0,1972.0,484.0,391.0,483.0,candidate,
img_03_424992500_01073,data/raw/GC10-DET/4/img_03_424992500_01073.jpg,data/raw/GC10-DET/lable/img_03_424992500_01073.xml,4,img_03_424992500_01073.jpg,4_shuiban,3,water_spot,56.0,183.0,246.0,452.0,190.0,269.0,candidate,
img_03_424992500_01102,data/raw/GC10-DET/4/img_03_424992500_01102.jpg,data/raw/GC10-DET/lable/img_03_424992500_01102.xml,4,img_03_424992500_01102.jpg,4_shuiban,3,water_spot,1.0,805.0,139.0,998.0,138.0,193.0,candidate,
img_03_425003700_00402,data/raw/GC10-DET/4/img_03_425003700_00402.jpg,data/raw/GC10-DET/lable/img_03_425003700_00402.xml,4,img_03_425003700_00402.jpg,4_shuiban,3,water_spot,1513.0,299.0,1969.0,786.0,456.0,487.0,candidate,
img_03_425004200_00987,data/raw/GC10-DET/1/img_03_425004200_00987.jpg,data/raw/GC10-DET/lable/img_03_425004200_00987.xml,1,img_03_425004200_00987.jpg,1_chongkong,0,punching_hole,79.0,575.0,218.0,655.0,139.0,80.0,candidate,
img_03_425004200_00987,data/raw/GC10-DET/1/img_03_425004200_00987.jpg,data/raw/GC10-DET/lable/img_03_425004200_00987.xml,1,img_03_425004200_00987.jpg,2_hanfeng,1,welding_line,11.0,428.0,1797.0,503.0,1786.0,75.0,candidate,
img_03_425004200_00987,data/raw/GC10-DET/1/img_03_425004200_00987.jpg,data/raw/GC10-DET/lable/img_03_425004200_00987.xml,1,img_03_425004200_00987.jpg,8_yahen,7,rolled_pit,1423.0,813.0,1477.0,893.0,54.0,80.0,candidate,
img_03_425004200_00987,data/raw/GC10-DET/1/img_03_425004200_00987.jpg,data/raw/GC10-DET/lable/img_03_425004200_00987.xml,1,img_03_425004200_00987.jpg,3_yueyawan,2,crescent_gap,1777.0,136.0,1997.0,749.0,220.0,613.0,candidate,
img_03_425005700_01362,data/raw/GC10-DET/1/img_03_425005700_01362.jpg,data/raw/GC10-DET/lable/img_03_425005700_01362.xml,1,img_03_425005700_01362.jpg,1_chongkong,0,punching_hole,94.0,684.0,225.0,775.0,131.0,91.0,candidate,
img_03_425005700_01362,data/raw/GC10-DET/1/img_03_425005700_01362.jpg,data/raw/GC10-DET/lable/img_03_425005700_01362.xml,1,img_03_425005700_01362.jpg,2_hanfeng,1,welding_line,4.0,524.0,2048.0,578.0,2044.0,54.0,candidate,
img_03_425234000_00057,data/raw/GC10-DET/4/img_03_425234000_00057.jpg,data/raw/GC10-DET/lable/img_03_425234000_00057.xml,4,img_03_425234000_00057.jpg,4_shuiban,3,water_spot,562.0,511.0,974.0,911.0,412.0,400.0,candidate,
img_03_425238500_01207,data/raw/GC10-DET/2/img_03_425238500_01207.jpg,data/raw/GC10-DET/lable/img_03_425238500_01207.xml,2,img_03_425238500_01207.jpg,1_chongkong,0,punching_hole,95.0,848.0,207.0,917.0,112.0,69.0,candidate,
img_03_425238500_01207,data/raw/GC10-DET/2/img_03_425238500_01207.jpg,data/raw/GC10-DET/lable/img_03_425238500_01207.xml,2,img_03_425238500_01207.jpg,2_hanfeng,1,welding_line,12.0,696.0,2048.0,752.0,2036.0,56.0,candidate,
img_03_425243200_00116,data/raw/GC10-DET/6/img_03_425243200_00116.jpg,data/raw/GC10-DET/lable/img_03_425243200_00116.xml,6,img_03_425243200_00116.jpg,6_siban,5,silk_spot,1444.0,244.0,2020.0,707.0,576.0,463.0,candidate,
img_03_425243400_00061,data/raw/GC10-DET/6/img_03_425243400_00061.jpg,data/raw/GC10-DET/lable/img_03_425243400_00061.xml,6,img_03_425243400_00061.jpg,6_siban,5,silk_spot,100.0,171.0,781.0,860.0,681.0,689.0,candidate,
img_03_425364500_00001,data/raw/GC10-DET/1/img_03_425364500_00001.jpg,data/raw/GC10-DET/lable/img_03_425364500_00001.xml,1,img_03_425364500_00001.jpg,1_chongkong,0,punching_hole,89.0,632.0,217.0,704.0,128.0,72.0,candidate,
img_03_425364500_00001,data/raw/GC10-DET/1/img_03_425364500_00001.jpg,data/raw/GC10-DET/lable/img_03_425364500_00001.xml,1,img_03_425364500_00001.jpg,2_hanfeng,1,welding_line,4.0,465.0,2046.0,535.0,2042.0,70.0,candidate,
img_03_425383400_00420,data/raw/GC10-DET/7/img_03_425383400_00420.jpg,data/raw/GC10-DET/lable/img_03_425383400_00420.xml,7,img_03_425383400_00420.jpg,7_yiwu,6,inclusion,600.0,655.0,713.0,730.0,113.0,75.0,candidate,
img_03_425389800_00017,data/raw/GC10-DET/2/img_03_425389800_00017.jpg,data/raw/GC10-DET/lable/img_03_425389800_00017.xml,2,img_03_425389800_00017.jpg,2_hanfeng,1,welding_line,2.0,206.0,1913.0,266.0,1911.0,60.0,candidate,
img_03_425389800_00017,data/raw/GC10-DET/2/img_03_425389800_00017.jpg,data/raw/GC10-DET/lable/img_03_425389800_00017.xml,2,img_03_425389800_00017.jpg,1_chongkong,0,punching_hole,108.0,378.0,226.0,448.0,118.0,70.0,candidate,
img_03_425390000_00022,data/raw/GC10-DET/5/img_03_425390000_00022.jpg,data/raw/GC10-DET/lable/img_03_425390000_00022.xml,5,img_03_425390000_00022.jpg,5_youban,4,oil_spot,686.0,144.0,763.0,216.0,77.0,72.0,candidate,
img_03_425390000_00022,data/raw/GC10-DET/5/img_03_425390000_00022.jpg,data/raw/GC10-DET/lable/img_03_425390000_00022.xml,5,img_03_425390000_00022.jpg,8_yahen,7,rolled_pit,397.0,16.0,607.0,997.0,210.0,981.0,candidate,
img_03_425390000_00022,data/raw/GC10-DET/5/img_03_425390000_00022.jpg,data/raw/GC10-DET/lable/img_03_425390000_00022.xml,5,img_03_425390000_00022.jpg,4_shuiban,3,water_spot,1238.0,736.0,1909.0,810.0,671.0,74.0,candidate,
img_03_425390000_00022,data/raw/GC10-DET/5/img_03_425390000_00022.jpg,data/raw/GC10-DET/lable/img_03_425390000_00022.xml,5,img_03_425390000_00022.jpg,4_shuiban,3,water_spot,867.0,144.0,1579.0,220.0,712.0,76.0,candidate,
img_03_425390700_00020,data/raw/GC10-DET/7/img_03_425390700_00020.jpg,data/raw/GC10-DET/lable/img_03_425390700_00020.xml,7,img_03_425390700_00020.jpg,8_yahen,7,rolled_pit,1027.0,39.0,1186.0,960.0,159.0,921.0,candidate,
img_03_425390700_00020,data/raw/GC10-DET/7/img_03_425390700_00020.jpg,data/raw/GC10-DET/lable/img_03_425390700_00020.xml,7,img_03_425390700_00020.jpg,8_yahen,7,rolled_pit,467.0,46.0,700.0,963.0,233.0,917.0,candidate,
img_03_425391000_00489,data/raw/GC10-DET/5/img_03_425391000_00489.jpg,data/raw/GC10-DET/lable/img_03_425391000_00489.xml,5,img_03_425391000_00489.jpg,5_youban,4,oil_spot,731.0,464.0,763.0,523.0,32.0,59.0,candidate,
img_03_425391000_00491,data/raw/GC10-DET/5/img_03_425391000_00491.jpg,data/raw/GC10-DET/lable/img_03_425391000_00491.xml,5,img_03_425391000_00491.jpg,5_youban,4,oil_spot,722.0,633.0,760.0,730.0,38.0,97.0,candidate,
img_03_425391100_00017,data/raw/GC10-DET/2/img_03_425391100_00017.jpg,data/raw/GC10-DET/lable/img_03_425391100_00017.xml,2,img_03_425391100_00017.jpg,2_hanfeng,1,welding_line,13.0,86.0,2048.0,159.0,2035.0,73.0,candidate,
img_03_425391100_00017,data/raw/GC10-DET/2/img_03_425391100_00017.jpg,data/raw/GC10-DET/lable/img_03_425391100_00017.xml,2,img_03_425391100_00017.jpg,1_chongkong,0,punching_hole,81.0,248.0,210.0,306.0,129.0,58.0,candidate,
img_03_425391800_00249,data/raw/GC10-DET/7/img_03_425391800_00249.jpg,data/raw/GC10-DET/lable/img_03_425391800_00249.xml,7,img_03_425391800_00249.jpg,7_yiwu,6,inclusion,645.0,476.0,710.0,555.0,65.0,79.0,candidate,
img_03_425391800_00255,data/raw/GC10-DET/7/img_03_425391800_00255.jpg,data/raw/GC10-DET/lable/img_03_425391800_00255.xml,7,img_03_425391800_00255.jpg,7_yiwu,6,inclusion,619.0,492.0,724.0,586.0,105.0,94.0,candidate,
img_03_425391900_00018,data/raw/GC10-DET/2/img_03_425391900_00018.jpg,data/raw/GC10-DET/lable/img_03_425391900_00018.xml,2,img_03_425391900_00018.jpg,2_hanfeng,1,welding_line,13.0,47.0,2048.0,101.0,2035.0,54.0,candidate,
img_03_425391900_00018,data/raw/GC10-DET/2/img_03_425391900_00018.jpg,data/raw/GC10-DET/lable/img_03_425391900_00018.xml,2,img_03_425391900_00018.jpg,1_chongkong,0,punching_hole,77.0,211.0,192.0,270.0,115.0,59.0,candidate,
img_03_425501100_00018,data/raw/GC10-DET/2/img_03_425501100_00018.jpg,data/raw/GC10-DET/lable/img_03_425501100_00018.xml,2,img_03_425501100_00018.jpg,2_hanfeng,1,welding_line,5.0,457.0,2048.0,513.0,2043.0,56.0,candidate,
img_03_425501100_00018,data/raw/GC10-DET/2/img_03_425501100_00018.jpg,data/raw/GC10-DET/lable/img_03_425501100_00018.xml,2,img_03_425501100_00018.jpg,1_chongkong,0,punching_hole,85.0,622.0,213.0,683.0,128.0,61.0,candidate,
img_03_425501700_00018,data/raw/GC10-DET/1/img_03_425501700_00018.jpg,data/raw/GC10-DET/lable/img_03_425501700_00018.xml,1,img_03_425501700_00018.jpg,1_chongkong,0,punching_hole,76.0,766.0,190.0,853.0,114.0,87.0,candidate,
img_03_425501700_00018,data/raw/GC10-DET/1/img_03_425501700_00018.jpg,data/raw/GC10-DET/lable/img_03_425501700_00018.xml,1,img_03_425501700_00018.jpg,2_hanfeng,1,welding_line,8.0,606.0,2043.0,681.0,2035.0,75.0,candidate,
img_03_425501700_00018,data/raw/GC10-DET/1/img_03_425501700_00018.jpg,data/raw/GC10-DET/lable/img_03_425501700_00018.xml,1,img_03_425501700_00018.jpg,7_yiwu,6,inclusion,1084.0,589.0,1483.0,668.0,399.0,79.0,candidate,
img_03_425501700_00018,data/raw/GC10-DET/1/img_03_425501700_00018.jpg,data/raw/GC10-DET/lable/img_03_425501700_00018.xml,1,img_03_425501700_00018.jpg,8_yahen,7,rolled_pit,411.0,54.0,635.0,638.0,224.0,584.0,candidate,
img_03_425501700_00018,data/raw/GC10-DET/1/img_03_425501700_00018.jpg,data/raw/GC10-DET/lable/img_03_425501700_00018.xml,1,img_03_425501700_00018.jpg,8_yahen,7,rolled_pit,716.0,368.0,1104.0,628.0,388.0,260.0,candidate,
img_03_425501800_00018,data/raw/GC10-DET/1/img_03_425501800_00018.jpg,data/raw/GC10-DET/lable/img_03_425501800_00018.xml,1,img_03_425501800_00018.jpg,1_chongkong,0,punching_hole,85.0,811.0,215.0,876.0,130.0,65.0,candidate,
img_03_425501800_00018,data/raw/GC10-DET/1/img_03_425501800_00018.jpg,data/raw/GC10-DET/lable/img_03_425501800_00018.xml,1,img_03_425501800_00018.jpg,8_yahen,7,rolled_pit,402.0,6.0,611.0,616.0,209.0,610.0,candidate,
img_03_425501800_00018,data/raw/GC10-DET/1/img_03_425501800_00018.jpg,data/raw/GC10-DET/lable/img_03_425501800_00018.xml,1,img_03_425501800_00018.jpg,2_hanfeng,1,welding_line,10.0,625.0,2040.0,705.0,2030.0,80.0,candidate,
img_03_425501800_00018,data/raw/GC10-DET/1/img_03_425501800_00018.jpg,data/raw/GC10-DET/lable/img_03_425501800_00018.xml,1,img_03_425501800_00018.jpg,8_yahen,7,rolled_pit,1154.0,3.0,1416.0,408.0,262.0,405.0,candidate,
img_03_425501800_00019,data/raw/GC10-DET/8/img_03_425501800_00019.jpg,data/raw/GC10-DET/lable/img_03_425501800_00019.xml,8,img_03_425501800_00019.jpg,8_yahen,7,rolled_pit,1056.0,676.0,1267.0,801.0,211.0,125.0,candidate,
img_03_425501800_00019,data/raw/GC10-DET/8/img_03_425501800_00019.jpg,data/raw/GC10-DET/lable/img_03_425501800_00019.xml,8,img_03_425501800_00019.jpg,8_yahen,7,rolled_pit,382.0,709.0,600.0,1000.0,218.0,291.0,candidate,
img_03_425501800_00019,data/raw/GC10-DET/8/img_03_425501800_00019.jpg,data/raw/GC10-DET/lable/img_03_425501800_00019.xml,8,img_03_425501800_00019.jpg,8_yahen,7,rolled_pit,1102.0,821.0,1287.0,975.0,185.0,154.0,candidate,
img_03_425501800_01100,data/raw/GC10-DET/7/img_03_425501800_01100.jpg,data/raw/GC10-DET/lable/img_03_425501800_01100.xml,7,img_03_425501800_01100.jpg,7_yiwu,6,inclusion,1558.0,353.0,1602.0,407.0,44.0,54.0,candidate,
img_03_425501800_01100,data/raw/GC10-DET/7/img_03_425501800_01100.jpg,data/raw/GC10-DET/lable/img_03_425501800_01100.xml,7,img_03_425501800_01100.jpg,7_yiwu,6,inclusion,1461.0,416.0,1540.0,476.0,79.0,60.0,candidate,
img_03_425501800_01106,data/raw/GC10-DET/7/img_03_425501800_01106.jpg,data/raw/GC10-DET/lable/img_03_425501800_01106.xml,7,img_03_425501800_01106.jpg,7_yiwu,6,inclusion,1574.0,321.0,1633.0,398.0,59.0,77.0,candidate,
img_03_425501800_01106,data/raw/GC10-DET/7/img_03_425501800_01106.jpg,data/raw/GC10-DET/lable/img_03_425501800_01106.xml,7,img_03_425501800_01106.jpg,7_yiwu,6,inclusion,1456.0,381.0,1544.0,463.0,88.0,82.0,candidate,
img_03_425501800_01130,data/raw/GC10-DET/7/img_03_425501800_01130.jpg,data/raw/GC10-DET/lable/img_03_425501800_01130.xml,7,img_03_425501800_01130.jpg,7_yiwu,6,inclusion,1549.0,270.0,1638.0,339.0,89.0,69.0,candidate,
img_03_425501800_01130,data/raw/GC10-DET/7/img_03_425501800_01130.jpg,data/raw/GC10-DET/lable/img_03_425501800_01130.xml,7,img_03_425501800_01130.jpg,7_yiwu,6,inclusion,1449.0,316.0,1530.0,430.0,81.0,114.0,candidate,
img_03_425501800_01136,data/raw/GC10-DET/7/img_03_425501800_01136.jpg,data/raw/GC10-DET/lable/img_03_425501800_01136.xml,7,img_03_425501800_01136.jpg,7_yiwu,6,inclusion,1540.0,252.0,1628.0,329.0,88.0,77.0,candidate,
img_03_425501800_01136,data/raw/GC10-DET/7/img_03_425501800_01136.jpg,data/raw/GC10-DET/lable/img_03_425501800_01136.xml,7,img_03_425501800_01136.jpg,7_yiwu,6,inclusion,1433.0,327.0,1540.0,403.0,107.0,76.0,candidate,
img_03_425501800_01142,data/raw/GC10-DET/7/img_03_425501800_01142.jpg,data/raw/GC10-DET/lable/img_03_425501800_01142.xml,7,img_03_425501800_01142.jpg,7_yiwu,6,inclusion,1526.0,230.0,1625.0,294.0,99.0,64.0,candidate,
img_03_425501800_01142,data/raw/GC10-DET/7/img_03_425501800_01142.jpg,data/raw/GC10-DET/lable/img_03_425501800_01142.xml,7,img_03_425501800_01142.jpg,7_yiwu,6,inclusion,1454.0,294.0,1530.0,398.0,76.0,104.0,candidate,
img_03_425501800_01148,data/raw/GC10-DET/7/img_03_425501800_01148.jpg,data/raw/GC10-DET/lable/img_03_425501800_01148.xml,7,img_03_425501800_01148.jpg,7_yiwu,6,inclusion,1546.0,201.0,1643.0,299.0,97.0,98.0,candidate,
img_03_425501800_01148,data/raw/GC10-DET/7/img_03_425501800_01148.jpg,data/raw/GC10-DET/lable/img_03_425501800_01148.xml,7,img_03_425501800_01148.jpg,7_yiwu,6,inclusion,1472.0,303.0,1522.0,360.0,50.0,57.0,candidate,
img_03_425501800_01154,data/raw/GC10-DET/7/img_03_425501800_01154.jpg,data/raw/GC10-DET/lable/img_03_425501800_01154.xml,7,img_03_425501800_01154.jpg,7_yiwu,6,inclusion,1548.0,188.0,1608.0,263.0,60.0,75.0,candidate,
img_03_425501800_01154,data/raw/GC10-DET/7/img_03_425501800_01154.jpg,data/raw/GC10-DET/lable/img_03_425501800_01154.xml,7,img_03_425501800_01154.jpg,7_yiwu,6,inclusion,1453.0,288.0,1546.0,348.0,93.0,60.0,candidate,
img_03_425501800_01160,data/raw/GC10-DET/7/img_03_425501800_01160.jpg,data/raw/GC10-DET/lable/img_03_425501800_01160.xml,7,img_03_425501800_01160.jpg,7_yiwu,6,inclusion,1540.0,171.0,1610.0,230.0,70.0,59.0,candidate,
img_03_425501800_01160,data/raw/GC10-DET/7/img_03_425501800_01160.jpg,data/raw/GC10-DET/lable/img_03_425501800_01160.xml,7,img_03_425501800_01160.jpg,7_yiwu,6,inclusion,1454.0,248.0,1517.0,325.0,63.0,77.0,candidate,
img_03_425501800_01166,data/raw/GC10-DET/7/img_03_425501800_01166.jpg,data/raw/GC10-DET/lable/img_03_425501800_01166.xml,7,img_03_425501800_01166.jpg,7_yiwu,6,inclusion,1525.0,144.0,1617.0,198.0,92.0,54.0,candidate,
img_03_425501800_01166,data/raw/GC10-DET/7/img_03_425501800_01166.jpg,data/raw/GC10-DET/lable/img_03_425501800_01166.xml,7,img_03_425501800_01166.jpg,7_yiwu,6,inclusion,1435.0,247.0,1517.0,306.0,82.0,59.0,candidate,
img_03_425501800_01178,data/raw/GC10-DET/5/img_03_425501800_01178.jpg,data/raw/GC10-DET/lable/img_03_425501800_01178.xml,5,img_03_425501800_01178.jpg,7_yiwu,6,inclusion,1471.0,243.0,1508.0,289.0,37.0,46.0,candidate,
img_03_425501800_01178,data/raw/GC10-DET/5/img_03_425501800_01178.jpg,data/raw/GC10-DET/lable/img_03_425501800_01178.xml,5,img_03_425501800_01178.jpg,7_yiwu,6,inclusion,1564.0,132.0,1599.0,172.0,35.0,40.0,candidate,
img_03_425501800_01184,data/raw/GC10-DET/7/img_03_425501800_01184.jpg,data/raw/GC10-DET/lable/img_03_425501800_01184.xml,7,img_03_425501800_01184.jpg,7_yiwu,6,inclusion,1549.0,115.0,1610.0,149.0,61.0,34.0,candidate,
img_03_425501800_01184,data/raw/GC10-DET/7/img_03_425501800_01184.jpg,data/raw/GC10-DET/lable/img_03_425501800_01184.xml,7,img_03_425501800_01184.jpg,7_yiwu,6,inclusion,1452.0,216.0,1524.0,274.0,72.0,58.0,candidate,
img_03_425501800_01190,data/raw/GC10-DET/7/img_03_425501800_01190.jpg,data/raw/GC10-DET/lable/img_03_425501800_01190.xml,7,img_03_425501800_01190.jpg,7_yiwu,6,inclusion,1559.0,63.0,1618.0,137.0,59.0,74.0,candidate,
img_03_425501800_01190,data/raw/GC10-DET/7/img_03_425501800_01190.jpg,data/raw/GC10-DET/lable/img_03_425501800_01190.xml,7,img_03_425501800_01190.jpg,7_yiwu,6,inclusion,1451.0,184.0,1510.0,262.0,59.0,78.0,candidate,
img_03_425501800_01196,data/raw/GC10-DET/7/img_03_425501800_01196.jpg,data/raw/GC10-DET/lable/img_03_425501800_01196.xml,7,img_03_425501800_01196.jpg,7_yiwu,6,inclusion,1540.0,74.0,1602.0,116.0,62.0,42.0,candidate,
img_03_425501800_01196,data/raw/GC10-DET/7/img_03_425501800_01196.jpg,data/raw/GC10-DET/lable/img_03_425501800_01196.xml,7,img_03_425501800_01196.jpg,7_yiwu,6,inclusion,1443.0,187.0,1514.0,252.0,71.0,65.0,candidate,
img_03_425501800_01202,data/raw/GC10-DET/7/img_03_425501800_01202.jpg,data/raw/GC10-DET/lable/img_03_425501800_01202.xml,7,img_03_425501800_01202.jpg,7_yiwu,6,inclusion,1554.0,30.0,1628.0,98.0,74.0,68.0,candidate,
img_03_425501800_01202,data/raw/GC10-DET/7/img_03_425501800_01202.jpg,data/raw/GC10-DET/lable/img_03_425501800_01202.xml,7,img_03_425501800_01202.jpg,7_yiwu,6,inclusion,1440.0,162.0,1515.0,219.0,75.0,57.0,candidate,
img_03_425501800_01208,data/raw/GC10-DET/7/img_03_425501800_01208.jpg,data/raw/GC10-DET/lable/img_03_425501800_01208.xml,7,img_03_425501800_01208.jpg,7_yiwu,6,inclusion,1544.0,21.0,1625.0,78.0,81.0,57.0,candidate,
img_03_425501800_01208,data/raw/GC10-DET/7/img_03_425501800_01208.jpg,data/raw/GC10-DET/lable/img_03_425501800_01208.xml,7,img_03_425501800_01208.jpg,7_yiwu,6,inclusion,1425.0,153.0,1526.0,203.0,101.0,50.0,candidate,
img_03_425501800_01214,data/raw/GC10-DET/7/img_03_425501800_01214.jpg,data/raw/GC10-DET/lable/img_03_425501800_01214.xml,7,img_03_425501800_01214.jpg,7_yiwu,6,inclusion,1562.0,1.0,1630.0,73.0,68.0,72.0,candidate,
img_03_425501800_01214,data/raw/GC10-DET/7/img_03_425501800_01214.jpg,data/raw/GC10-DET/lable/img_03_425501800_01214.xml,7,img_03_425501800_01214.jpg,7_yiwu,6,inclusion,1449.0,125.0,1517.0,206.0,68.0,81.0,candidate,
img_03_425501800_01220,data/raw/GC10-DET/7/img_03_425501800_01220.jpg,data/raw/GC10-DET/lable/img_03_425501800_01220.xml,7,img_03_425501800_01220.jpg,7_yiwu,6,inclusion,1566.0,6.0,1633.0,47.0,67.0,41.0,candidate,
img_03_425501800_01220,data/raw/GC10-DET/7/img_03_425501800_01220.jpg,data/raw/GC10-DET/lable/img_03_425501800_01220.xml,7,img_03_425501800_01220.jpg,7_yiwu,6,inclusion,1461.0,144.0,1525.0,186.0,64.0,42.0,candidate,
img_03_425501900_00017,data/raw/GC10-DET/1/img_03_425501900_00017.jpg,data/raw/GC10-DET/lable/img_03_425501900_00017.xml,1,img_03_425501900_00017.jpg,1_chongkong,0,punching_hole,66.0,71.0,181.0,140.0,115.0,69.0,candidate,
img_03_425502200_00017,data/raw/GC10-DET/1/img_03_425502200_00017.jpg,data/raw/GC10-DET/lable/img_03_425502200_00017.xml,1,img_03_425502200_00017.jpg,1_chongkong,0,punching_hole,106.0,117.0,210.0,171.0,104.0,54.0,candidate,
img_03_425502300_00018,data/raw/GC10-DET/1/img_03_425502300_00018.jpg,data/raw/GC10-DET/lable/img_03_425502300_00018.xml,1,img_03_425502300_00018.jpg,1_chongkong,0,punching_hole,51.0,684.0,172.0,763.0,121.0,79.0,candidate,
img_03_425502300_00018,data/raw/GC10-DET/1/img_03_425502300_00018.jpg,data/raw/GC10-DET/lable/img_03_425502300_00018.xml,1,img_03_425502300_00018.jpg,2_hanfeng,1,welding_line,3.0,520.0,2038.0,589.0,2035.0,69.0,candidate,
img_03_425502300_00018,data/raw/GC10-DET/1/img_03_425502300_00018.jpg,data/raw/GC10-DET/lable/img_03_425502300_00018.xml,1,img_03_425502300_00018.jpg,6_siban,5,silk_spot,321.0,617.0,2024.0,965.0,1703.0,348.0,candidate,
img_03_425502600_00017,data/raw/GC10-DET/1/img_03_425502600_00017.jpg,data/raw/GC10-DET/lable/img_03_425502600_00017.xml,1,img_03_425502600_00017.jpg,1_chongkong,0,punching_hole,95.0,207.0,218.0,273.0,123.0,66.0,candidate,
img_03_425502600_00017,data/raw/GC10-DET/1/img_03_425502600_00017.jpg,data/raw/GC10-DET/lable/img_03_425502600_00017.xml,1,img_03_425502600_00017.jpg,2_hanfeng,1,welding_line,13.0,28.0,2037.0,97.0,2024.0,69.0,candidate,
img_03_425502700_00017,data/raw/GC10-DET/1/img_03_425502700_00017.jpg,data/raw/GC10-DET/lable/img_03_425502700_00017.xml,1,img_03_425502700_00017.jpg,1_chongkong,0,punching_hole,95.0,676.0,215.0,748.0,120.0,72.0,candidate,
img_03_425502700_00017,data/raw/GC10-DET/1/img_03_425502700_00017.jpg,data/raw/GC10-DET/lable/img_03_425502700_00017.xml,1,img_03_425502700_00017.jpg,2_hanfeng,1,welding_line,4.0,500.0,2040.0,574.0,2036.0,74.0,candidate,
img_03_425502900_00017,data/raw/GC10-DET/1/img_03_425502900_00017.jpg,data/raw/GC10-DET/lable/img_03_425502900_00017.xml,1,img_03_425502900_00017.jpg,1_chongkong,0,punching_hole,100.0,250.0,225.0,309.0,125.0,59.0,candidate,
img_03_425502900_00017,data/raw/GC10-DET/1/img_03_425502900_00017.jpg,data/raw/GC10-DET/lable/img_03_425502900_00017.xml,1,img_03_425502900_00017.jpg,2_hanfeng,1,welding_line,2.0,79.0,2045.0,128.0,2043.0,49.0,candidate,
img_03_425502900_00018,data/raw/GC10-DET/5/img_03_425502900_00018.jpg,data/raw/GC10-DET/lable/img_03_425502900_00018.xml,5,img_03_425502900_00018.jpg,5_youban,4,oil_spot,290.0,241.0,458.0,323.0,168.0,82.0,candidate,
img_03_425502900_00018,data/raw/GC10-DET/5/img_03_425502900_00018.jpg,data/raw/GC10-DET/lable/img_03_425502900_00018.xml,5,img_03_425502900_00018.jpg,5_youban,4,oil_spot,357.0,757.0,471.0,880.0,114.0,123.0,candidate,
img_03_425502900_00018,data/raw/GC10-DET/5/img_03_425502900_00018.jpg,data/raw/GC10-DET/lable/img_03_425502900_00018.xml,5,img_03_425502900_00018.jpg,5_youban,4,oil_spot,896.0,787.0,953.0,837.0,57.0,50.0,candidate,
img_03_425502900_00019,data/raw/GC10-DET/5/img_03_425502900_00019.jpg,data/raw/GC10-DET/lable/img_03_425502900_00019.xml,5,img_03_425502900_00019.jpg,4_shuiban,3,water_spot,813.0,7.0,1018.0,103.0,205.0,96.0,candidate,
img_03_425502900_00019,data/raw/GC10-DET/5/img_03_425502900_00019.jpg,data/raw/GC10-DET/lable/img_03_425502900_00019.xml,5,img_03_425502900_00019.jpg,5_youban,4,oil_spot,156.0,547.0,464.0,858.0,308.0,311.0,candidate,
img_03_425502900_00019,data/raw/GC10-DET/5/img_03_425502900_00019.jpg,data/raw/GC10-DET/lable/img_03_425502900_00019.xml,5,img_03_425502900_00019.jpg,5_youban,4,oil_spot,1688.0,318.0,1929.0,419.0,241.0,101.0,candidate,
img_03_425503000_00017,data/raw/GC10-DET/1/img_03_425503000_00017.jpg,data/raw/GC10-DET/lable/img_03_425503000_00017.xml,1,img_03_425503000_00017.jpg,1_chongkong,0,punching_hole,97.0,44.0,213.0,101.0,116.0,57.0,candidate,
img_03_425503100_00017,data/raw/GC10-DET/1/img_03_425503100_00017.jpg,data/raw/GC10-DET/lable/img_03_425503100_00017.xml,1,img_03_425503100_00017.jpg,1_chongkong,0,punching_hole,71.0,206.0,181.0,268.0,110.0,62.0,candidate,
img_03_425503100_00017,data/raw/GC10-DET/1/img_03_425503100_00017.jpg,data/raw/GC10-DET/lable/img_03_425503100_00017.xml,1,img_03_425503100_00017.jpg,2_hanfeng,1,welding_line,1.0,28.0,2048.0,98.0,2047.0,70.0,candidate,
img_03_425503100_00022,data/raw/GC10-DET/7/img_03_425503100_00022.jpg,data/raw/GC10-DET/lable/img_03_425503100_00022.xml,7,img_03_425503100_00022.jpg,7_yiwu,6,inclusion,1335.0,598.0,1535.0,727.0,200.0,129.0,candidate,
img_03_425503100_00022,data/raw/GC10-DET/7/img_03_425503100_00022.jpg,data/raw/GC10-DET/lable/img_03_425503100_00022.xml,7,img_03_425503100_00022.jpg,6_siban,5,silk_spot,838.0,582.0,1018.0,987.0,180.0,405.0,candidate,
img_03_425503100_00022,data/raw/GC10-DET/7/img_03_425503100_00022.jpg,data/raw/GC10-DET/lable/img_03_425503100_00022.xml,7,img_03_425503100_00022.jpg,6_siban,5,silk_spot,3.0,108.0,470.0,974.0,467.0,866.0,candidate,
img_03_425503100_00066,data/raw/GC10-DET/7/img_03_425503100_00066.jpg,data/raw/GC10-DET/lable/img_03_425503100_00066.xml,7,img_03_425503100_00066.jpg,7_yiwu,6,inclusion,1326.0,742.0,1564.0,921.0,238.0,179.0,candidate,
img_03_425503100_00067,data/raw/GC10-DET/7/img_03_425503100_00067.jpg,data/raw/GC10-DET/lable/img_03_425503100_00067.xml,7,img_03_425503100_00067.jpg,7_yiwu,6,inclusion,1330.0,583.0,1389.0,699.0,59.0,116.0,candidate,
img_03_425503100_00067,data/raw/GC10-DET/7/img_03_425503100_00067.jpg,data/raw/GC10-DET/lable/img_03_425503100_00067.xml,7,img_03_425503100_00067.jpg,7_yiwu,6,inclusion,1471.0,570.0,1548.0,671.0,77.0,101.0,candidate,
img_03_425503100_00067,data/raw/GC10-DET/7/img_03_425503100_00067.jpg,data/raw/GC10-DET/lable/img_03_425503100_00067.xml,7,img_03_425503100_00067.jpg,7_yiwu,6,inclusion,1346.0,220.0,1524.0,308.0,178.0,88.0,candidate,
img_03_425503100_00068,data/raw/GC10-DET/7/img_03_425503100_00068.jpg,data/raw/GC10-DET/lable/img_03_425503100_00068.xml,7,img_03_425503100_00068.jpg,7_yiwu,6,inclusion,1458.0,724.0,1553.0,780.0,95.0,56.0,candidate,
img_03_425503200_00018,data/raw/GC10-DET/1/img_03_425503200_00018.jpg,data/raw/GC10-DET/lable/img_03_425503200_00018.xml,1,img_03_425503200_00018.jpg,1_chongkong,0,punching_hole,94.0,793.0,212.0,852.0,118.0,59.0,candidate,
img_03_425503200_00018,data/raw/GC10-DET/1/img_03_425503200_00018.jpg,data/raw/GC10-DET/lable/img_03_425503200_00018.xml,1,img_03_425503200_00018.jpg,2_hanfeng,1,welding_line,3.0,609.0,2045.0,679.0,2042.0,70.0,candidate,
img_03_425503300_00017,data/raw/GC10-DET/1/img_03_425503300_00017.jpg,data/raw/GC10-DET/lable/img_03_425503300_00017.xml,1,img_03_425503300_00017.jpg,1_chongkong,0,punching_hole,67.0,60.0,181.0,122.0,114.0,62.0,candidate,
img_03_425503300_00018,data/raw/GC10-DET/2/img_03_425503300_00018.jpg,data/raw/GC10-DET/lable/img_03_425503300_00018.xml,2,img_03_425503300_00018.jpg,2_hanfeng,1,welding_line,22.0,889.0,2046.0,958.0,2024.0,69.0,candidate,
img_03_425503400_00017,data/raw/GC10-DET/1/img_03_425503400_00017.jpg,data/raw/GC10-DET/lable/img_03_425503400_00017.xml,1,img_03_425503400_00017.jpg,1_chongkong,0,punching_hole,102.0,153.0,208.0,217.0,106.0,64.0,candidate,
img_03_425503600_00016,data/raw/GC10-DET/1/img_03_425503600_00016.jpg,data/raw/GC10-DET/lable/img_03_425503600_00016.xml,1,img_03_425503600_00016.jpg,1_chongkong,0,punching_hole,102.0,4.0,213.0,65.0,111.0,61.0,candidate,
img_03_425503800_00017,data/raw/GC10-DET/1/img_03_425503800_00017.jpg,data/raw/GC10-DET/lable/img_03_425503800_00017.xml,1,img_03_425503800_00017.jpg,1_chongkong,0,punching_hole,89.0,427.0,207.0,491.0,118.0,64.0,candidate,
img_03_425503800_00017,data/raw/GC10-DET/1/img_03_425503800_00017.jpg,data/raw/GC10-DET/lable/img_03_425503800_00017.xml,1,img_03_425503800_00017.jpg,2_hanfeng,1,welding_line,7.0,232.0,2043.0,332.0,2036.0,100.0,candidate,
img_03_425504800_00012,data/raw/GC10-DET/5/img_03_425504800_00012.jpg,data/raw/GC10-DET/lable/img_03_425504800_00012.xml,5,img_03_425504800_00012.jpg,5_youban,4,oil_spot,1424.0,33.0,1628.0,264.0,204.0,231.0,candidate,
img_03_425504800_00018,data/raw/GC10-DET/1/img_03_425504800_00018.jpg,data/raw/GC10-DET/lable/img_03_425504800_00018.xml,1,img_03_425504800_00018.jpg,1_chongkong,0,punching_hole,95.0,204.0,202.0,260.0,107.0,56.0,candidate,
img_03_425504800_00018,data/raw/GC10-DET/1/img_03_425504800_00018.jpg,data/raw/GC10-DET/lable/img_03_425504800_00018.xml,1,img_03_425504800_00018.jpg,2_hanfeng,1,welding_line,5.0,33.0,2038.0,89.0,2033.0,56.0,candidate,
img_03_425505000_00018,data/raw/GC10-DET/1/img_03_425505000_00018.jpg,data/raw/GC10-DET/lable/img_03_425505000_00018.xml,1,img_03_425505000_00018.jpg,1_chongkong,0,punching_hole,87.0,591.0,195.0,657.0,108.0,66.0,candidate,
img_03_425505000_00018,data/raw/GC10-DET/1/img_03_425505000_00018.jpg,data/raw/GC10-DET/lable/img_03_425505000_00018.xml,1,img_03_425505000_00018.jpg,2_hanfeng,1,welding_line,3.0,401.0,2037.0,503.0,2034.0,102.0,candidate,
img_03_425505000_00110,data/raw/GC10-DET/4/img_03_425505000_00110.jpg,data/raw/GC10-DET/lable/img_03_425505000_00110.xml,4,img_03_425505000_00110.jpg,4_shuiban,3,water_spot,549.0,732.0,796.0,1000.0,247.0,268.0,candidate,
img_03_425505100_00017,data/raw/GC10-DET/1/img_03_425505100_00017.jpg,data/raw/GC10-DET/lable/img_03_425505100_00017.xml,1,img_03_425505100_00017.jpg,1_chongkong,0,punching_hole,99.0,58.0,210.0,125.0,111.0,67.0,candidate,
img_03_425505400_00017,data/raw/GC10-DET/2/img_03_425505400_00017.jpg,data/raw/GC10-DET/lable/img_03_425505400_00017.xml,2,img_03_425505400_00017.jpg,2_hanfeng,1,welding_line,10.0,404.0,2048.0,471.0,2038.0,67.0,candidate,
img_03_425505400_00017,data/raw/GC10-DET/2/img_03_425505400_00017.jpg,data/raw/GC10-DET/lable/img_03_425505400_00017.xml,2,img_03_425505400_00017.jpg,1_chongkong,0,punching_hole,103.0,578.0,243.0,644.0,140.0,66.0,candidate,
img_03_425505400_00075,data/raw/GC10-DET/4/img_03_425505400_00075.jpg,data/raw/GC10-DET/lable/img_03_425505400_00075.xml,4,img_03_425505400_00075.jpg,4_shuiban,3,water_spot,538.0,388.0,820.0,734.0,282.0,346.0,candidate,
img_03_425505400_01015,data/raw/GC10-DET/6/img_03_425505400_01015.jpg,data/raw/GC10-DET/lable/img_03_425505400_01015.xml,6,img_03_425505400_01015.jpg,6_siban,5,silk_spot,618.0,475.0,1284.0,871.0,666.0,396.0,candidate,
img_03_425505400_01021,data/raw/GC10-DET/6/img_03_425505400_01021.jpg,data/raw/GC10-DET/lable/img_03_425505400_01021.xml,6,img_03_425505400_01021.jpg,6_siban,5,silk_spot,499.0,99.0,666.0,352.0,167.0,253.0,candidate,
img_03_425505400_01021,data/raw/GC10-DET/6/img_03_425505400_01021.jpg,data/raw/GC10-DET/lable/img_03_425505400_01021.xml,6,img_03_425505400_01021.jpg,6_siban,5,silk_spot,1008.0,91.0,1249.0,483.0,241.0,392.0,candidate,
img_03_425505400_01021,data/raw/GC10-DET/6/img_03_425505400_01021.jpg,data/raw/GC10-DET/lable/img_03_425505400_01021.xml,6,img_03_425505400_01021.jpg,6_siban,5,silk_spot,1166.0,650.0,1374.0,947.0,208.0,297.0,candidate,
img_03_425505400_01033,data/raw/GC10-DET/6/img_03_425505400_01033.jpg,data/raw/GC10-DET/lable/img_03_425505400_01033.xml,6,img_03_425505400_01033.jpg,6_siban,5,silk_spot,631.0,271.0,822.0,724.0,191.0,453.0,candidate,
img_03_425505400_01033,data/raw/GC10-DET/6/img_03_425505400_01033.jpg,data/raw/GC10-DET/lable/img_03_425505400_01033.xml,6,img_03_425505400_01033.jpg,6_siban,5,silk_spot,261.0,288.0,448.0,617.0,187.0,329.0,candidate,
img_03_425505400_01033,data/raw/GC10-DET/6/img_03_425505400_01033.jpg,data/raw/GC10-DET/lable/img_03_425505400_01033.xml,6,img_03_425505400_01033.jpg,6_siban,5,silk_spot,62.0,216.0,189.0,471.0,127.0,255.0,candidate,
img_03_425505400_01033,data/raw/GC10-DET/6/img_03_425505400_01033.jpg,data/raw/GC10-DET/lable/img_03_425505400_01033.xml,6,img_03_425505400_01033.jpg,6_siban,5,silk_spot,548.0,30.0,712.0,247.0,164.0,217.0,candidate,
img_03_425505500_00018,data/raw/GC10-DET/1/img_03_425505500_00018.jpg,data/raw/GC10-DET/lable/img_03_425505500_00018.xml,1,img_03_425505500_00018.jpg,1_chongkong,0,punching_hole,92.0,191.0,202.0,245.0,110.0,54.0,candidate,
img_03_425505500_00018,data/raw/GC10-DET/1/img_03_425505500_00018.jpg,data/raw/GC10-DET/lable/img_03_425505500_00018.xml,1,img_03_425505500_00018.jpg,2_hanfeng,1,welding_line,2.0,6.0,2046.0,71.0,2044.0,65.0,candidate,
img_03_425505500_00298,data/raw/GC10-DET/4/img_03_425505500_00298.jpg,data/raw/GC10-DET/lable/img_03_425505500_00298.xml,4,img_03_425505500_00298.jpg,4_shuiban,3,water_spot,615.0,281.0,1005.0,799.0,390.0,518.0,candidate,
img_03_425505700_00018,data/raw/GC10-DET/2/img_03_425505700_00018.jpg,data/raw/GC10-DET/lable/img_03_425505700_00018.xml,2,img_03_425505700_00018.jpg,2_hanfeng,1,welding_line,12.0,280.0,2048.0,352.0,2036.0,72.0,candidate,
img_03_425505700_00018,data/raw/GC10-DET/2/img_03_425505700_00018.jpg,data/raw/GC10-DET/lable/img_03_425505700_00018.xml,2,img_03_425505700_00018.jpg,1_chongkong,0,punching_hole,95.0,457.0,222.0,516.0,127.0,59.0,candidate,
img_03_425505900_00018,data/raw/GC10-DET/1/img_03_425505900_00018.jpg,data/raw/GC10-DET/lable/img_03_425505900_00018.xml,1,img_03_425505900_00018.jpg,1_chongkong,0,punching_hole,94.0,25.0,203.0,88.0,109.0,63.0,candidate,
img_03_425506300_00018,data/raw/GC10-DET/2/img_03_425506300_00018.jpg,data/raw/GC10-DET/lable/img_03_425506300_00018.xml,2,img_03_425506300_00018.jpg,1_chongkong,0,punching_hole,94.0,688.0,207.0,753.0,113.0,65.0,candidate,
img_03_425506300_00018,data/raw/GC10-DET/2/img_03_425506300_00018.jpg,data/raw/GC10-DET/lable/img_03_425506300_00018.xml,2,img_03_425506300_00018.jpg,2_hanfeng,1,welding_line,10.0,514.0,2048.0,588.0,2038.0,74.0,candidate,
img_03_425506400_00018,data/raw/GC10-DET/1/img_03_425506400_00018.jpg,data/raw/GC10-DET/lable/img_03_425506400_00018.xml,1,img_03_425506400_00018.jpg,1_chongkong,0,punching_hole,90.0,737.0,194.0,798.0,104.0,61.0,candidate,
img_03_425506400_00018,data/raw/GC10-DET/1/img_03_425506400_00018.jpg,data/raw/GC10-DET/lable/img_03_425506400_00018.xml,1,img_03_425506400_00018.jpg,2_hanfeng,1,welding_line,1.0,549.0,2045.0,625.0,2044.0,76.0,candidate,
img_03_425507000_00018,data/raw/GC10-DET/1/img_03_425507000_00018.jpg,data/raw/GC10-DET/lable/img_03_425507000_00018.xml,1,img_03_425507000_00018.jpg,1_chongkong,0,punching_hole,100.0,704.0,218.0,771.0,118.0,67.0,candidate,
img_03_425507000_00018,data/raw/GC10-DET/1/img_03_425507000_00018.jpg,data/raw/GC10-DET/lable/img_03_425507000_00018.xml,1,img_03_425507000_00018.jpg,2_hanfeng,1,welding_line,3.0,532.0,2045.0,600.0,2042.0,68.0,candidate,
img_03_425507000_00872,data/raw/GC10-DET/5/img_03_425507000_00872.jpg,data/raw/GC10-DET/lable/img_03_425507000_00872.xml,5,img_03_425507000_00872.jpg,5_youban,4,oil_spot,31.0,139.0,108.0,198.0,77.0,59.0,candidate,
img_03_425507000_00872,data/raw/GC10-DET/5/img_03_425507000_00872.jpg,data/raw/GC10-DET/lable/img_03_425507000_00872.xml,5,img_03_425507000_00872.jpg,5_youban,4,oil_spot,27.0,545.0,132.0,636.0,105.0,91.0,candidate,
img_03_425507000_00876,data/raw/GC10-DET/5/img_03_425507000_00876.jpg,data/raw/GC10-DET/lable/img_03_425507000_00876.xml,5,img_03_425507000_00876.jpg,5_youban,4,oil_spot,29.0,818.0,127.0,907.0,98.0,89.0,candidate,
img_03_425507000_00882,data/raw/GC10-DET/5/img_03_425507000_00882.jpg,data/raw/GC10-DET/lable/img_03_425507000_00882.xml,5,img_03_425507000_00882.jpg,5_youban,4,oil_spot,29.0,651.0,129.0,732.0,100.0,81.0,candidate,
img_03_425507000_00882,data/raw/GC10-DET/5/img_03_425507000_00882.jpg,data/raw/GC10-DET/lable/img_03_425507000_00882.xml,5,img_03_425507000_00882.jpg,5_youban,4,oil_spot,20.0,836.0,135.0,911.0,115.0,75.0,candidate,
img_03_425507000_00894,data/raw/GC10-DET/5/img_03_425507000_00894.jpg,data/raw/GC10-DET/lable/img_03_425507000_00894.xml,5,img_03_425507000_00894.jpg,5_youban,4,oil_spot,25.0,351.0,128.0,451.0,103.0,100.0,candidate,
img_03_425507000_00894,data/raw/GC10-DET/5/img_03_425507000_00894.jpg,data/raw/GC10-DET/lable/img_03_425507000_00894.xml,5,img_03_425507000_00894.jpg,5_youban,4,oil_spot,18.0,537.0,140.0,615.0,122.0,78.0,candidate,
img_03_425507000_00900,data/raw/GC10-DET/5/img_03_425507000_00900.jpg,data/raw/GC10-DET/lable/img_03_425507000_00900.xml,5,img_03_425507000_00900.jpg,5_youban,4,oil_spot,28.0,214.0,121.0,308.0,93.0,94.0,candidate,
img_03_425507000_00919,data/raw/GC10-DET/5/img_03_425507000_00919.jpg,data/raw/GC10-DET/lable/img_03_425507000_00919.xml,5,img_03_425507000_00919.jpg,5_youban,4,oil_spot,20.0,789.0,121.0,891.0,101.0,102.0,candidate,
img_03_425507000_00925,data/raw/GC10-DET/5/img_03_425507000_00925.jpg,data/raw/GC10-DET/lable/img_03_425507000_00925.xml,5,img_03_425507000_00925.jpg,5_youban,4,oil_spot,24.0,645.0,118.0,745.0,94.0,100.0,candidate,
img_03_425507200_00018,data/raw/GC10-DET/1/img_03_425507200_00018.jpg,data/raw/GC10-DET/lable/img_03_425507200_00018.xml,1,img_03_425507200_00018.jpg,1_chongkong,0,punching_hole,95.0,566.0,213.0,622.0,118.0,56.0,candidate,
img_03_425507200_00018,data/raw/GC10-DET/1/img_03_425507200_00018.jpg,data/raw/GC10-DET/lable/img_03_425507200_00018.xml,1,img_03_425507200_00018.jpg,2_hanfeng,1,welding_line,10.0,381.0,2040.0,447.0,2030.0,66.0,candidate,
img_03_425507400_00018,data/raw/GC10-DET/1/img_03_425507400_00018.jpg,data/raw/GC10-DET/lable/img_03_425507400_00018.xml,1,img_03_425507400_00018.jpg,1_chongkong,0,punching_hole,105.0,494.0,208.0,562.0,103.0,68.0,candidate,
img_03_425507400_00018,data/raw/GC10-DET/1/img_03_425507400_00018.jpg,data/raw/GC10-DET/lable/img_03_425507400_00018.xml,1,img_03_425507400_00018.jpg,2_hanfeng,1,welding_line,10.0,316.0,2042.0,393.0,2032.0,77.0,candidate,
img_03_425507600_00018,data/raw/GC10-DET/2/img_03_425507600_00018.jpg,data/raw/GC10-DET/lable/img_03_425507600_00018.xml,2,img_03_425507600_00018.jpg,2_hanfeng,1,welding_line,1.0,366.0,2048.0,437.0,2047.0,71.0,candidate,
img_03_425507600_00018,data/raw/GC10-DET/2/img_03_425507600_00018.jpg,data/raw/GC10-DET/lable/img_03_425507600_00018.xml,2,img_03_425507600_00018.jpg,1_chongkong,0,punching_hole,77.0,544.0,217.0,614.0,140.0,70.0,candidate,
img_03_425508100_00017,data/raw/GC10-DET/1/img_03_425508100_00017.jpg,data/raw/GC10-DET/lable/img_03_425508100_00017.xml,1,img_03_425508100_00017.jpg,1_chongkong,0,punching_hole,85.0,1.0,212.0,45.0,127.0,44.0,candidate,
img_03_425508200_00018,data/raw/GC10-DET/1/img_03_425508200_00018.jpg,data/raw/GC10-DET/lable/img_03_425508200_00018.xml,1,img_03_425508200_00018.jpg,1_chongkong,0,punching_hole,99.0,178.0,210.0,247.0,111.0,69.0,candidate,
img_03_425508200_00018,data/raw/GC10-DET/1/img_03_425508200_00018.jpg,data/raw/GC10-DET/lable/img_03_425508200_00018.xml,1,img_03_425508200_00018.jpg,2_hanfeng,1,welding_line,3.0,5.0,2048.0,64.0,2045.0,59.0,candidate,
img_03_425508300_00320,data/raw/GC10-DET/6/img_03_425508300_00320.jpg,data/raw/GC10-DET/lable/img_03_425508300_00320.xml,6,img_03_425508300_00320.jpg,6_siban,5,silk_spot,931.0,357.0,1276.0,862.0,345.0,505.0,candidate,
img_03_425508300_00320,data/raw/GC10-DET/6/img_03_425508300_00320.jpg,data/raw/GC10-DET/lable/img_03_425508300_00320.xml,6,img_03_425508300_00320.jpg,6_siban,5,silk_spot,1435.0,117.0,1794.0,419.0,359.0,302.0,candidate,
img_03_425508400_00378,data/raw/GC10-DET/6/img_03_425508400_00378.jpg,data/raw/GC10-DET/lable/img_03_425508400_00378.xml,6,img_03_425508400_00378.jpg,6_siban,5,silk_spot,438.0,57.0,602.0,775.0,164.0,718.0,candidate,
img_03_425508400_00378,data/raw/GC10-DET/6/img_03_425508400_00378.jpg,data/raw/GC10-DET/lable/img_03_425508400_00378.xml,6,img_03_425508400_00378.jpg,6_siban,5,silk_spot,676.0,575.0,795.0,817.0,119.0,242.0,candidate,
img_03_425508400_00378,data/raw/GC10-DET/6/img_03_425508400_00378.jpg,data/raw/GC10-DET/lable/img_03_425508400_00378.xml,6,img_03_425508400_00378.jpg,6_siban,5,silk_spot,984.0,73.0,1235.0,991.0,251.0,918.0,candidate,
img_03_425508400_00380,data/raw/GC10-DET/6/img_03_425508400_00380.jpg,data/raw/GC10-DET/lable/img_03_425508400_00380.xml,6,img_03_425508400_00380.jpg,6_siban,5,silk_spot,738.0,48.0,954.0,429.0,216.0,381.0,candidate,
img_03_425508400_00380,data/raw/GC10-DET/6/img_03_425508400_00380.jpg,data/raw/GC10-DET/lable/img_03_425508400_00380.xml,6,img_03_425508400_00380.jpg,6_siban,5,silk_spot,1307.0,9.0,1507.0,186.0,200.0,177.0,candidate,
img_03_425508400_00380,data/raw/GC10-DET/6/img_03_425508400_00380.jpg,data/raw/GC10-DET/lable/img_03_425508400_00380.xml,6,img_03_425508400_00380.jpg,6_siban,5,silk_spot,1566.0,340.0,1671.0,593.0,105.0,253.0,candidate,
img_03_425508400_00380,data/raw/GC10-DET/6/img_03_425508400_00380.jpg,data/raw/GC10-DET/lable/img_03_425508400_00380.xml,6,img_03_425508400_00380.jpg,6_siban,5,silk_spot,1513.0,788.0,1576.0,998.0,63.0,210.0,candidate,
img_03_425508400_00380,data/raw/GC10-DET/6/img_03_425508400_00380.jpg,data/raw/GC10-DET/lable/img_03_425508400_00380.xml,6,img_03_425508400_00380.jpg,6_siban,5,silk_spot,1684.0,640.0,1871.0,852.0,187.0,212.0,candidate,
img_03_425609500_00001,data/raw/GC10-DET/1/img_03_425609500_00001.jpg,data/raw/GC10-DET/lable/img_03_425609500_00001.xml,1,img_03_425609500_00001.jpg,1_chongkong,0,punching_hole,85.0,906.0,210.0,980.0,125.0,74.0,candidate,
img_03_425609500_00001,data/raw/GC10-DET/1/img_03_425609500_00001.jpg,data/raw/GC10-DET/lable/img_03_425609500_00001.xml,1,img_03_425609500_00001.jpg,2_hanfeng,1,welding_line,2.0,740.0,2043.0,808.0,2041.0,68.0,candidate,
img_03_425609500_00001,data/raw/GC10-DET/1/img_03_425609500_00001.jpg,data/raw/GC10-DET/lable/img_03_425609500_00001.xml,1,img_03_425609500_00001.jpg,6_siban,5,silk_spot,45.0,17.0,2013.0,630.0,1968.0,613.0,candidate,
img_03_425609500_00746,data/raw/GC10-DET/1/img_03_425609500_00746.jpg,data/raw/GC10-DET/lable/img_03_425609500_00746.xml,1,img_03_425609500_00746.jpg,1_chongkong,0,punching_hole,81.0,71.0,194.0,139.0,113.0,68.0,candidate,
img_03_425613500_00001,data/raw/GC10-DET/1/img_03_425613500_00001.jpg,data/raw/GC10-DET/lable/img_03_425613500_00001.xml,1,img_03_425613500_00001.jpg,1_chongkong,0,punching_hole,95.0,89.0,222.0,147.0,127.0,58.0,candidate,
img_03_425613500_00597,data/raw/GC10-DET/2/img_03_425613500_00597.jpg,data/raw/GC10-DET/lable/img_03_425613500_00597.xml,2,img_03_425613500_00597.jpg,2_hanfeng,1,welding_line,5.0,19.0,2048.0,95.0,2043.0,76.0,candidate,
img_03_425613500_00597,data/raw/GC10-DET/2/img_03_425613500_00597.jpg,data/raw/GC10-DET/lable/img_03_425613500_00597.xml,2,img_03_425613500_00597.jpg,1_chongkong,0,punching_hole,87.0,183.0,240.0,258.0,153.0,75.0,candidate,
img_03_425613600_00582,data/raw/GC10-DET/1/img_03_425613600_00582.jpg,data/raw/GC10-DET/lable/img_03_425613600_00582.xml,1,img_03_425613600_00582.jpg,1_chongkong,0,punching_hole,82.0,147.0,195.0,212.0,113.0,65.0,candidate,
img_03_425613700_00782,data/raw/GC10-DET/1/img_03_425613700_00782.jpg,data/raw/GC10-DET/lable/img_03_425613700_00782.xml,1,img_03_425613700_00782.jpg,1_chongkong,0,punching_hole,72.0,44.0,189.0,103.0,117.0,59.0,candidate,
img_03_425613700_00782,data/raw/GC10-DET/1/img_03_425613700_00782.jpg,data/raw/GC10-DET/lable/img_03_425613700_00782.xml,1,img_03_425613700_00782.jpg,5_youban,4,oil_spot,878.0,186.0,1307.0,352.0,429.0,166.0,candidate,
img_03_425613700_00782,data/raw/GC10-DET/1/img_03_425613700_00782.jpg,data/raw/GC10-DET/lable/img_03_425613700_00782.xml,1,img_03_425613700_00782.jpg,5_youban,4,oil_spot,1784.0,36.0,1838.0,81.0,54.0,45.0,candidate,
img_03_425613800_00022,data/raw/GC10-DET/10/img_03_425613800_00022.jpg,data/raw/GC10-DET/lable/img_03_425613800_00022.xml,10,img_03_425613800_00022.jpg,9_zhehen,8,crease,359.0,707.0,1971.0,880.0,1612.0,173.0,candidate,
img_03_425613800_00026,data/raw/GC10-DET/10/img_03_425613800_00026.jpg,data/raw/GC10-DET/lable/img_03_425613800_00026.xml,10,img_03_425613800_00026.jpg,9_zhehen,8,crease,279.0,634.0,1813.0,747.0,1534.0,113.0,candidate,
img_03_425613800_00786,data/raw/GC10-DET/1/img_03_425613800_00786.jpg,data/raw/GC10-DET/lable/img_03_425613800_00786.xml,1,img_03_425613800_00786.jpg,1_chongkong,0,punching_hole,94.0,1.0,197.0,42.0,103.0,41.0,candidate,
img_03_425614400_00001,data/raw/GC10-DET/2/img_03_425614400_00001.jpg,data/raw/GC10-DET/lable/img_03_425614400_00001.xml,2,img_03_425614400_00001.jpg,2_hanfeng,1,welding_line,18.0,553.0,2048.0,597.0,2030.0,44.0,candidate,
img_03_425614400_00001,data/raw/GC10-DET/2/img_03_425614400_00001.jpg,data/raw/GC10-DET/lable/img_03_425614400_00001.xml,2,img_03_425614400_00001.jpg,1_chongkong,0,punching_hole,67.0,717.0,225.0,780.0,158.0,63.0,candidate,
img_03_425614600_00001,data/raw/GC10-DET/2/img_03_425614600_00001.jpg,data/raw/GC10-DET/lable/img_03_425614600_00001.xml,2,img_03_425614600_00001.jpg,2_hanfeng,1,welding_line,17.0,245.0,2045.0,312.0,2028.0,67.0,candidate,
img_03_425614600_00001,data/raw/GC10-DET/2/img_03_425614600_00001.jpg,data/raw/GC10-DET/lable/img_03_425614600_00001.xml,2,img_03_425614600_00001.jpg,1_chongkong,0,punching_hole,82.0,414.0,215.0,471.0,133.0,57.0,candidate,
img_03_425614700_00001,data/raw/GC10-DET/1/img_03_425614700_00001.jpg,data/raw/GC10-DET/lable/img_03_425614700_00001.xml,1,img_03_425614700_00001.jpg,1_chongkong,0,punching_hole,82.0,648.0,190.0,706.0,108.0,58.0,candidate,
img_03_425614700_00001,data/raw/GC10-DET/1/img_03_425614700_00001.jpg,data/raw/GC10-DET/lable/img_03_425614700_00001.xml,1,img_03_425614700_00001.jpg,2_hanfeng,1,welding_line,7.0,470.0,2044.0,538.0,2037.0,68.0,candidate,
img_03_425614700_00712,data/raw/GC10-DET/1/img_03_425614700_00712.jpg,data/raw/GC10-DET/lable/img_03_425614700_00712.xml,1,img_03_425614700_00712.jpg,1_chongkong,0,punching_hole,105.0,22.0,213.0,80.0,108.0,58.0,candidate,
img_03_425616200_00001,data/raw/GC10-DET/1/img_03_425616200_00001.jpg,data/raw/GC10-DET/lable/img_03_425616200_00001.xml,1,img_03_425616200_00001.jpg,1_chongkong,0,punching_hole,103.0,747.0,208.0,811.0,105.0,64.0,candidate,
img_03_425616200_00001,data/raw/GC10-DET/1/img_03_425616200_00001.jpg,data/raw/GC10-DET/lable/img_03_425616200_00001.xml,1,img_03_425616200_00001.jpg,2_hanfeng,1,welding_line,8.0,565.0,2040.0,641.0,2032.0,76.0,candidate,
img_03_425616500_00769,data/raw/GC10-DET/1/img_03_425616500_00769.jpg,data/raw/GC10-DET/lable/img_03_425616500_00769.xml,1,img_03_425616500_00769.jpg,1_chongkong,0,punching_hole,70.0,1.0,192.0,39.0,122.0,38.0,candidate,
img_03_425620300_00001,data/raw/GC10-DET/3/img_03_425620300_00001.jpg,data/raw/GC10-DET/lable/img_03_425620300_00001.xml,3,img_03_425620300_00001.jpg,2_hanfeng,1,welding_line,1.0,781.0,1962.0,847.0,1961.0,66.0,candidate,
img_03_425620300_00001,data/raw/GC10-DET/3/img_03_425620300_00001.jpg,data/raw/GC10-DET/lable/img_03_425620300_00001.xml,3,img_03_425620300_00001.jpg,1_chongkong,0,punching_hole,94.0,960.0,201.0,1000.0,107.0,40.0,candidate,
img_03_425620300_00001,data/raw/GC10-DET/3/img_03_425620300_00001.jpg,data/raw/GC10-DET/lable/img_03_425620300_00001.xml,3,img_03_425620300_00001.jpg,3_yueyawan,2,crescent_gap,1900.0,575.0,2048.0,995.0,148.0,420.0,candidate,
img_03_425622400_00001,data/raw/GC10-DET/2/img_03_425622400_00001.jpg,data/raw/GC10-DET/lable/img_03_425622400_00001.xml,2,img_03_425622400_00001.jpg,2_hanfeng,1,welding_line,1.0,14.0,2047.0,85.0,2046.0,71.0,candidate,
img_03_425622400_00001,data/raw/GC10-DET/2/img_03_425622400_00001.jpg,data/raw/GC10-DET/lable/img_03_425622400_00001.xml,2,img_03_425622400_00001.jpg,1_chongkong,0,punching_hole,97.0,176.0,223.0,239.0,126.0,63.0,candidate,
img_03_425622700_00002,data/raw/GC10-DET/8/img_03_425622700_00002.jpg,data/raw/GC10-DET/lable/img_03_425622700_00002.xml,8,img_03_425622700_00002.jpg,8_yahen,7,rolled_pit,490.0,406.0,720.0,552.0,230.0,146.0,candidate,
img_03_425637500_00012,data/raw/GC10-DET/7/img_03_425637500_00012.jpg,data/raw/GC10-DET/lable/img_03_425637500_00012.xml,7,img_03_425637500_00012.jpg,7_yiwu,6,inclusion,548.0,550.0,635.0,662.0,87.0,112.0,candidate,
img_03_425637500_00653,data/raw/GC10-DET/1/img_03_425637500_00653.jpg,data/raw/GC10-DET/lable/img_03_425637500_00653.xml,1,img_03_425637500_00653.jpg,1_chongkong,0,punching_hole,84.0,517.0,192.0,580.0,108.0,63.0,candidate,
img_03_425637500_00653,data/raw/GC10-DET/1/img_03_425637500_00653.jpg,data/raw/GC10-DET/lable/img_03_425637500_00653.xml,1,img_03_425637500_00653.jpg,2_hanfeng,1,welding_line,8.0,328.0,2042.0,392.0,2034.0,64.0,candidate,
img_03_425637500_00653,data/raw/GC10-DET/1/img_03_425637500_00653.jpg,data/raw/GC10-DET/lable/img_03_425637500_00653.xml,1,img_03_425637500_00653.jpg,6_siban,5,silk_spot,362.0,400.0,1997.0,979.0,1635.0,579.0,candidate,
img_03_425637700_00842,data/raw/GC10-DET/1/img_03_425637700_00842.jpg,data/raw/GC10-DET/lable/img_03_425637700_00842.xml,1,img_03_425637700_00842.jpg,1_chongkong,0,punching_hole,102.0,724.0,210.0,788.0,108.0,64.0,candidate,
img_03_425637700_00842,data/raw/GC10-DET/1/img_03_425637700_00842.jpg,data/raw/GC10-DET/lable/img_03_425637700_00842.xml,1,img_03_425637700_00842.jpg,2_hanfeng,1,welding_line,23.0,547.0,2038.0,611.0,2015.0,64.0,candidate,
img_03_425637800_00890,data/raw/GC10-DET/1/img_03_425637800_00890.jpg,data/raw/GC10-DET/lable/img_03_425637800_00890.xml,1,img_03_425637800_00890.jpg,1_chongkong,0,punching_hole,89.0,158.0,207.0,216.0,118.0,58.0,candidate,
img_03_425638500_00001,data/raw/GC10-DET/1/img_03_425638500_00001.jpg,data/raw/GC10-DET/lable/img_03_425638500_00001.xml,1,img_03_425638500_00001.jpg,1_chongkong,0,punching_hole,79.0,798.0,187.0,860.0,108.0,62.0,candidate,
img_03_425638500_00001,data/raw/GC10-DET/1/img_03_425638500_00001.jpg,data/raw/GC10-DET/lable/img_03_425638500_00001.xml,1,img_03_425638500_00001.jpg,2_hanfeng,1,welding_line,5.0,616.0,2037.0,673.0,2032.0,57.0,candidate,
img_03_425638500_00716,data/raw/GC10-DET/1/img_03_425638500_00716.jpg,data/raw/GC10-DET/lable/img_03_425638500_00716.xml,1,img_03_425638500_00716.jpg,1_chongkong,0,punching_hole,81.0,3.0,199.0,58.0,118.0,55.0,candidate,
img_03_425639800_00874,data/raw/GC10-DET/1/img_03_425639800_00874.jpg,data/raw/GC10-DET/lable/img_03_425639800_00874.xml,1,img_03_425639800_00874.jpg,1_chongkong,0,punching_hole,94.0,132.0,208.0,193.0,114.0,61.0,candidate,
img_03_425639900_00615,data/raw/GC10-DET/1/img_03_425639900_00615.jpg,data/raw/GC10-DET/lable/img_03_425639900_00615.xml,1,img_03_425639900_00615.jpg,1_chongkong,0,punching_hole,92.0,60.0,203.0,124.0,111.0,64.0,candidate,
img_03_425639900_00615,data/raw/GC10-DET/1/img_03_425639900_00615.jpg,data/raw/GC10-DET/lable/img_03_425639900_00615.xml,1,img_03_425639900_00615.jpg,6_siban,5,silk_spot,232.0,140.0,1978.0,947.0,1746.0,807.0,candidate,
img_03_425640000_00634,data/raw/GC10-DET/1/img_03_425640000_00634.jpg,data/raw/GC10-DET/lable/img_03_425640000_00634.xml,1,img_03_425640000_00634.jpg,1_chongkong,0,punching_hole,82.0,253.0,197.0,327.0,115.0,74.0,candidate,
img_03_425640000_00634,data/raw/GC10-DET/1/img_03_425640000_00634.jpg,data/raw/GC10-DET/lable/img_03_425640000_00634.xml,1,img_03_425640000_00634.jpg,6_siban,5,silk_spot,267.0,197.0,2008.0,965.0,1741.0,768.0,candidate,
img_03_425640100_00875,data/raw/GC10-DET/1/img_03_425640100_00875.jpg,data/raw/GC10-DET/lable/img_03_425640100_00875.xml,1,img_03_425640100_00875.jpg,1_chongkong,0,punching_hole,87.0,740.0,194.0,804.0,107.0,64.0,candidate,
img_03_425640100_00875,data/raw/GC10-DET/1/img_03_425640100_00875.jpg,data/raw/GC10-DET/lable/img_03_425640100_00875.xml,1,img_03_425640100_00875.jpg,2_hanfeng,1,welding_line,1.0,574.0,2040.0,646.0,2039.0,72.0,candidate,
img_03_425640100_00875,data/raw/GC10-DET/1/img_03_425640100_00875.jpg,data/raw/GC10-DET/lable/img_03_425640100_00875.xml,1,img_03_425640100_00875.jpg,8_yahen,7,rolled_pit,118.0,73.0,292.0,235.0,174.0,162.0,candidate,
img_03_425644100_00594,data/raw/GC10-DET/1/img_03_425644100_00594.jpg,data/raw/GC10-DET/lable/img_03_425644100_00594.xml,1,img_03_425644100_00594.jpg,1_chongkong,0,punching_hole,94.0,691.0,199.0,757.0,105.0,66.0,candidate,
img_03_425644100_00594,data/raw/GC10-DET/1/img_03_425644100_00594.jpg,data/raw/GC10-DET/lable/img_03_425644100_00594.xml,1,img_03_425644100_00594.jpg,2_hanfeng,1,welding_line,1.0,516.0,2038.0,581.0,2037.0,65.0,candidate,
img_03_425644200_00680,data/raw/GC10-DET/1/img_03_425644200_00680.jpg,data/raw/GC10-DET/lable/img_03_425644200_00680.xml,1,img_03_425644200_00680.jpg,1_chongkong,0,punching_hole,77.0,93.0,200.0,152.0,123.0,59.0,candidate,
img_03_425644200_00680,data/raw/GC10-DET/1/img_03_425644200_00680.jpg,data/raw/GC10-DET/lable/img_03_425644200_00680.xml,1,img_03_425644200_00680.jpg,6_siban,5,silk_spot,291.0,48.0,557.0,913.0,266.0,865.0,candidate,
img_03_425644600_00001,data/raw/GC10-DET/1/img_03_425644600_00001.jpg,data/raw/GC10-DET/lable/img_03_425644600_00001.xml,1,img_03_425644600_00001.jpg,1_chongkong,0,punching_hole,87.0,452.0,192.0,511.0,105.0,59.0,candidate,
img_03_425644600_00001,data/raw/GC10-DET/1/img_03_425644600_00001.jpg,data/raw/GC10-DET/lable/img_03_425644600_00001.xml,1,img_03_425644600_00001.jpg,2_hanfeng,1,welding_line,8.0,263.0,2040.0,332.0,2032.0,69.0,candidate,
img_03_425644600_00001,data/raw/GC10-DET/1/img_03_425644600_00001.jpg,data/raw/GC10-DET/lable/img_03_425644600_00001.xml,1,img_03_425644600_00001.jpg,7_yiwu,6,inclusion,1769.0,159.0,1819.0,224.0,50.0,65.0,candidate,
img_03_425644600_00001,data/raw/GC10-DET/1/img_03_425644600_00001.jpg,data/raw/GC10-DET/lable/img_03_425644600_00001.xml,1,img_03_425644600_00001.jpg,6_siban,5,silk_spot,227.0,357.0,1842.0,930.0,1615.0,573.0,candidate,
img_03_425644600_00003,data/raw/GC10-DET/8/img_03_425644600_00003.jpg,data/raw/GC10-DET/lable/img_03_425644600_00003.xml,8,img_03_425644600_00003.jpg,8_yahen,7,rolled_pit,271.0,399.0,456.0,540.0,185.0,141.0,candidate,
img_03_425644600_00004,data/raw/GC10-DET/7/img_03_425644600_00004.jpg,data/raw/GC10-DET/lable/img_03_425644600_00004.xml,7,img_03_425644600_00004.jpg,7_yiwu,6,inclusion,1262.0,21.0,1389.0,99.0,127.0,78.0,candidate,
img_03_425644600_00006,data/raw/GC10-DET/7/img_03_425644600_00006.jpg,data/raw/GC10-DET/lable/img_03_425644600_00006.xml,7,img_03_425644600_00006.jpg,7_yiwu,6,inclusion,1281.0,129.0,1387.0,219.0,106.0,90.0,candidate,
img_03_436068100_00003,data/raw/GC10-DET/2/img_03_436068100_00003.jpg,data/raw/GC10-DET/lable/img_03_436068100_00003.xml,2,img_03_436068100_00003.jpg,2_hanfeng,1,welding_line,7.0,52.0,2048.0,114.0,2041.0,62.0,candidate,
img_03_436068100_00003,data/raw/GC10-DET/2/img_03_436068100_00003.jpg,data/raw/GC10-DET/lable/img_03_436068100_00003.xml,2,img_03_436068100_00003.jpg,1_chongkong,0,punching_hole,81.0,204.0,210.0,283.0,129.0,79.0,candidate,
img_03_436068400_00001,data/raw/GC10-DET/2/img_03_436068400_00001.jpg,data/raw/GC10-DET/lable/img_03_436068400_00001.xml,2,img_03_436068400_00001.jpg,2_hanfeng,1,welding_line,17.0,822.0,2048.0,881.0,2031.0,59.0,candidate,
img_03_436068500_00002,data/raw/GC10-DET/8/img_03_436068500_00002.jpg,data/raw/GC10-DET/lable/img_03_436068500_00002.xml,8,img_03_436068500_00002.jpg,7_yiwu,6,inclusion,1490.0,101.0,1602.0,212.0,112.0,111.0,candidate,
img_03_436068500_00002,data/raw/GC10-DET/8/img_03_436068500_00002.jpg,data/raw/GC10-DET/lable/img_03_436068500_00002.xml,8,img_03_436068500_00002.jpg,8_yahen,7,rolled_pit,161.0,57.0,356.0,221.0,195.0,164.0,candidate,
img_03_436068600_00001,data/raw/GC10-DET/2/img_03_436068600_00001.jpg,data/raw/GC10-DET/lable/img_03_436068600_00001.xml,2,img_03_436068600_00001.jpg,2_hanfeng,1,welding_line,5.0,707.0,2048.0,763.0,2043.0,56.0,candidate,
img_03_436068600_00001,data/raw/GC10-DET/2/img_03_436068600_00001.jpg,data/raw/GC10-DET/lable/img_03_436068600_00001.xml,2,img_03_436068600_00001.jpg,1_chongkong,0,punching_hole,95.0,881.0,231.0,944.0,136.0,63.0,candidate,
img_03_436150100_00001,data/raw/GC10-DET/2/img_03_436150100_00001.jpg,data/raw/GC10-DET/lable/img_03_436150100_00001.xml,2,img_03_436150100_00001.jpg,2_hanfeng,1,welding_line,25.0,958.0,2048.0,992.0,2023.0,34.0,candidate,
img_03_436150300_00317,data/raw/GC10-DET/6/img_03_436150300_00317.jpg,data/raw/GC10-DET/lable/img_03_436150300_00317.xml,6,img_03_436150300_00317.jpg,6_siban,5,silk_spot,440.0,530.0,643.0,722.0,203.0,192.0,candidate,
img_03_436150300_00318,data/raw/GC10-DET/6/img_03_436150300_00318.jpg,data/raw/GC10-DET/lable/img_03_436150300_00318.xml,6,img_03_436150300_00318.jpg,6_siban,5,silk_spot,433.0,145.0,694.0,552.0,261.0,407.0,candidate,
img_03_436150300_00320,data/raw/GC10-DET/6/img_03_436150300_00320.jpg,data/raw/GC10-DET/lable/img_03_436150300_00320.xml,6,img_03_436150300_00320.jpg,6_siban,5,silk_spot,448.0,44.0,712.0,899.0,264.0,855.0,candidate,
img_03_436150300_00326,data/raw/GC10-DET/6/img_03_436150300_00326.jpg,data/raw/GC10-DET/lable/img_03_436150300_00326.xml,6,img_03_436150300_00326.jpg,6_siban,5,silk_spot,440.0,16.0,784.0,581.0,344.0,565.0,candidate,
img_03_436150300_00328,data/raw/GC10-DET/6/img_03_436150300_00328.jpg,data/raw/GC10-DET/lable/img_03_436150300_00328.xml,6,img_03_436150300_00328.jpg,6_siban,5,silk_spot,425.0,278.0,690.0,835.0,265.0,557.0,candidate,
img_03_436150300_00329,data/raw/GC10-DET/6/img_03_436150300_00329.jpg,data/raw/GC10-DET/lable/img_03_436150300_00329.xml,6,img_03_436150300_00329.jpg,6_siban,5,silk_spot,464.0,248.0,674.0,660.0,210.0,412.0,candidate,
img_03_436150300_00330,data/raw/GC10-DET/6/img_03_436150300_00330.jpg,data/raw/GC10-DET/lable/img_03_436150300_00330.xml,6,img_03_436150300_00330.jpg,6_siban,5,silk_spot,415.0,578.0,682.0,896.0,267.0,318.0,candidate,
img_03_436150300_00373,data/raw/GC10-DET/6/img_03_436150300_00373.jpg,data/raw/GC10-DET/lable/img_03_436150300_00373.xml,6,img_03_436150300_00373.jpg,6_siban,5,silk_spot,456.0,309.0,702.0,914.0,246.0,605.0,candidate,
img_03_436150300_00388,data/raw/GC10-DET/6/img_03_436150300_00388.jpg,data/raw/GC10-DET/lable/img_03_436150300_00388.xml,6,img_03_436150300_00388.jpg,6_siban,5,silk_spot,103.0,107.0,231.0,491.0,128.0,384.0,candidate,
img_03_436150300_00388,data/raw/GC10-DET/6/img_03_436150300_00388.jpg,data/raw/GC10-DET/lable/img_03_436150300_00388.xml,6,img_03_436150300_00388.jpg,6_siban,5,silk_spot,440.0,148.0,649.0,389.0,209.0,241.0,candidate,
img_03_436152900_00005,data/raw/GC10-DET/5/img_03_436152900_00005.jpg,data/raw/GC10-DET/lable/img_03_436152900_00005.xml,5,img_03_436152900_00005.jpg,5_youban,4,oil_spot,29.0,912.0,133.0,1000.0,104.0,88.0,candidate,
img_03_436152900_00005,data/raw/GC10-DET/5/img_03_436152900_00005.jpg,data/raw/GC10-DET/lable/img_03_436152900_00005.xml,5,img_03_436152900_00005.jpg,5_youban,4,oil_spot,1693.0,18.0,1825.0,122.0,132.0,104.0,candidate,
img_03_436152900_00005,data/raw/GC10-DET/5/img_03_436152900_00005.jpg,data/raw/GC10-DET/lable/img_03_436152900_00005.xml,5,img_03_436152900_00005.jpg,5_youban,4,oil_spot,1885.0,558.0,2003.0,587.0,118.0,29.0,candidate,
img_03_436152900_00005,data/raw/GC10-DET/5/img_03_436152900_00005.jpg,data/raw/GC10-DET/lable/img_03_436152900_00005.xml,5,img_03_436152900_00005.jpg,5_youban,4,oil_spot,1457.0,627.0,1567.0,695.0,110.0,68.0,candidate,
img_03_436152900_00005,data/raw/GC10-DET/5/img_03_436152900_00005.jpg,data/raw/GC10-DET/lable/img_03_436152900_00005.xml,5,img_03_436152900_00005.jpg,5_youban,4,oil_spot,1506.0,916.0,1679.0,994.0,173.0,78.0,candidate,
img_03_436152900_00005,data/raw/GC10-DET/5/img_03_436152900_00005.jpg,data/raw/GC10-DET/lable/img_03_436152900_00005.xml,5,img_03_436152900_00005.jpg,5_youban,4,oil_spot,1697.0,618.0,1750.0,694.0,53.0,76.0,candidate,
img_03_436152900_00522,data/raw/GC10-DET/6/img_03_436152900_00522.jpg,data/raw/GC10-DET/lable/img_03_436152900_00522.xml,6,img_03_436152900_00522.jpg,6_siban,5,silk_spot,710.0,45.0,889.0,262.0,179.0,217.0,candidate,
img_03_436152900_00522,data/raw/GC10-DET/6/img_03_436152900_00522.jpg,data/raw/GC10-DET/lable/img_03_436152900_00522.xml,6,img_03_436152900_00522.jpg,6_siban,5,silk_spot,900.0,491.0,1340.0,896.0,440.0,405.0,candidate,
img_03_436152900_00523,data/raw/GC10-DET/6/img_03_436152900_00523.jpg,data/raw/GC10-DET/lable/img_03_436152900_00523.xml,6,img_03_436152900_00523.jpg,6_siban,5,silk_spot,974.0,176.0,1153.0,409.0,179.0,233.0,candidate,
img_03_436152900_00523,data/raw/GC10-DET/6/img_03_436152900_00523.jpg,data/raw/GC10-DET/lable/img_03_436152900_00523.xml,6,img_03_436152900_00523.jpg,6_siban,5,silk_spot,941.0,553.0,1185.0,848.0,244.0,295.0,candidate,
img_03_436152900_00523,data/raw/GC10-DET/6/img_03_436152900_00523.jpg,data/raw/GC10-DET/lable/img_03_436152900_00523.xml,6,img_03_436152900_00523.jpg,6_siban,5,silk_spot,1205.0,430.0,1392.0,686.0,187.0,256.0,candidate,
img_03_436152900_00523,data/raw/GC10-DET/6/img_03_436152900_00523.jpg,data/raw/GC10-DET/lable/img_03_436152900_00523.xml,6,img_03_436152900_00523.jpg,6_siban,5,silk_spot,341.0,216.0,461.0,371.0,120.0,155.0,candidate,
img_03_436152900_00523,data/raw/GC10-DET/6/img_03_436152900_00523.jpg,data/raw/GC10-DET/lable/img_03_436152900_00523.xml,6,img_03_436152900_00523.jpg,6_siban,5,silk_spot,625.0,93.0,740.0,209.0,115.0,116.0,candidate,
img_03_436152900_00523,data/raw/GC10-DET/6/img_03_436152900_00523.jpg,data/raw/GC10-DET/lable/img_03_436152900_00523.xml,6,img_03_436152900_00523.jpg,6_siban,5,silk_spot,735.0,371.0,830.0,501.0,95.0,130.0,candidate,
img_03_436152900_00524,data/raw/GC10-DET/6/img_03_436152900_00524.jpg,data/raw/GC10-DET/lable/img_03_436152900_00524.xml,6,img_03_436152900_00524.jpg,6_siban,5,silk_spot,871.0,80.0,1056.0,230.0,185.0,150.0,candidate,
img_03_436152900_00524,data/raw/GC10-DET/6/img_03_436152900_00524.jpg,data/raw/GC10-DET/lable/img_03_436152900_00524.xml,6,img_03_436152900_00524.jpg,6_siban,5,silk_spot,995.0,306.0,1148.0,637.0,153.0,331.0,candidate,
img_03_436152900_00524,data/raw/GC10-DET/6/img_03_436152900_00524.jpg,data/raw/GC10-DET/lable/img_03_436152900_00524.xml,6,img_03_436152900_00524.jpg,6_siban,5,silk_spot,1166.0,273.0,1300.0,494.0,134.0,221.0,candidate,
img_03_436152900_00524,data/raw/GC10-DET/6/img_03_436152900_00524.jpg,data/raw/GC10-DET/lable/img_03_436152900_00524.xml,6,img_03_436152900_00524.jpg,6_siban,5,silk_spot,649.0,9.0,894.0,89.0,245.0,80.0,candidate,
img_03_436152900_00525,data/raw/GC10-DET/6/img_03_436152900_00525.jpg,data/raw/GC10-DET/lable/img_03_436152900_00525.xml,6,img_03_436152900_00525.jpg,6_siban,5,silk_spot,712.0,29.0,1005.0,189.0,293.0,160.0,candidate,
img_03_436152900_00525,data/raw/GC10-DET/6/img_03_436152900_00525.jpg,data/raw/GC10-DET/lable/img_03_436152900_00525.xml,6,img_03_436152900_00525.jpg,6_siban,5,silk_spot,1243.0,144.0,1425.0,655.0,182.0,511.0,candidate,
img_03_436152900_00526,data/raw/GC10-DET/6/img_03_436152900_00526.jpg,data/raw/GC10-DET/lable/img_03_436152900_00526.xml,6,img_03_436152900_00526.jpg,6_siban,5,silk_spot,953.0,52.0,1172.0,368.0,219.0,316.0,candidate,
img_03_436152900_00526,data/raw/GC10-DET/6/img_03_436152900_00526.jpg,data/raw/GC10-DET/lable/img_03_436152900_00526.xml,6,img_03_436152900_00526.jpg,6_siban,5,silk_spot,1048.0,432.0,1262.0,919.0,214.0,487.0,candidate,
img_03_436152900_00526,data/raw/GC10-DET/6/img_03_436152900_00526.jpg,data/raw/GC10-DET/lable/img_03_436152900_00526.xml,6,img_03_436152900_00526.jpg,6_siban,5,silk_spot,566.0,557.0,828.0,998.0,262.0,441.0,candidate,
img_03_436152900_00526,data/raw/GC10-DET/6/img_03_436152900_00526.jpg,data/raw/GC10-DET/lable/img_03_436152900_00526.xml,6,img_03_436152900_00526.jpg,6_siban,5,silk_spot,349.0,444.0,499.0,614.0,150.0,170.0,candidate,
img_03_436152900_00529,data/raw/GC10-DET/6/img_03_436152900_00529.jpg,data/raw/GC10-DET/lable/img_03_436152900_00529.xml,6,img_03_436152900_00529.jpg,6_siban,5,silk_spot,574.0,468.0,951.0,919.0,377.0,451.0,candidate,
img_03_436152900_00529,data/raw/GC10-DET/6/img_03_436152900_00529.jpg,data/raw/GC10-DET/lable/img_03_436152900_00529.xml,6,img_03_436152900_00529.jpg,6_siban,5,silk_spot,866.0,11.0,1049.0,134.0,183.0,123.0,candidate,
img_03_436152900_00529,data/raw/GC10-DET/6/img_03_436152900_00529.jpg,data/raw/GC10-DET/lable/img_03_436152900_00529.xml,6,img_03_436152900_00529.jpg,6_siban,5,silk_spot,251.0,750.0,405.0,945.0,154.0,195.0,candidate,
img_03_436152900_00530,data/raw/GC10-DET/6/img_03_436152900_00530.jpg,data/raw/GC10-DET/lable/img_03_436152900_00530.xml,6,img_03_436152900_00530.jpg,6_siban,5,silk_spot,1164.0,650.0,1274.0,847.0,110.0,197.0,candidate,
img_03_436152900_00530,data/raw/GC10-DET/6/img_03_436152900_00530.jpg,data/raw/GC10-DET/lable/img_03_436152900_00530.xml,6,img_03_436152900_00530.jpg,6_siban,5,silk_spot,767.0,775.0,1087.0,960.0,320.0,185.0,candidate,
img_03_436152900_00530,data/raw/GC10-DET/6/img_03_436152900_00530.jpg,data/raw/GC10-DET/lable/img_03_436152900_00530.xml,6,img_03_436152900_00530.jpg,5_youban,4,oil_spot,507.0,632.0,722.0,957.0,215.0,325.0,candidate,
img_03_436152900_00535,data/raw/GC10-DET/6/img_03_436152900_00535.jpg,data/raw/GC10-DET/lable/img_03_436152900_00535.xml,6,img_03_436152900_00535.jpg,6_siban,5,silk_spot,638.0,222.0,944.0,521.0,306.0,299.0,candidate,
img_03_436152900_00535,data/raw/GC10-DET/6/img_03_436152900_00535.jpg,data/raw/GC10-DET/lable/img_03_436152900_00535.xml,6,img_03_436152900_00535.jpg,6_siban,5,silk_spot,915.0,589.0,1056.0,771.0,141.0,182.0,candidate,
img_03_436152900_00543,data/raw/GC10-DET/6/img_03_436152900_00543.jpg,data/raw/GC10-DET/lable/img_03_436152900_00543.xml,6,img_03_436152900_00543.jpg,6_siban,5,silk_spot,415.0,480.0,658.0,835.0,243.0,355.0,candidate,
img_03_436152900_00543,data/raw/GC10-DET/6/img_03_436152900_00543.jpg,data/raw/GC10-DET/lable/img_03_436152900_00543.xml,6,img_03_436152900_00543.jpg,6_siban,5,silk_spot,1025.0,470.0,1362.0,824.0,337.0,354.0,candidate,
img_03_436152900_00543,data/raw/GC10-DET/6/img_03_436152900_00543.jpg,data/raw/GC10-DET/lable/img_03_436152900_00543.xml,6,img_03_436152900_00543.jpg,6_siban,5,silk_spot,879.0,32.0,1062.0,173.0,183.0,141.0,candidate,
img_03_436152900_00543,data/raw/GC10-DET/6/img_03_436152900_00543.jpg,data/raw/GC10-DET/lable/img_03_436152900_00543.xml,6,img_03_436152900_00543.jpg,6_siban,5,silk_spot,12.0,29.0,262.0,266.0,250.0,237.0,candidate,
img_03_436152900_00543,data/raw/GC10-DET/6/img_03_436152900_00543.jpg,data/raw/GC10-DET/lable/img_03_436152900_00543.xml,6,img_03_436152900_00543.jpg,5_youban,4,oil_spot,1859.0,521.0,2048.0,708.0,189.0,187.0,candidate,
img_03_436152900_00543,data/raw/GC10-DET/6/img_03_436152900_00543.jpg,data/raw/GC10-DET/lable/img_03_436152900_00543.xml,6,img_03_436152900_00543.jpg,5_youban,4,oil_spot,1523.0,811.0,1687.0,986.0,164.0,175.0,candidate,
img_03_436152900_00545,data/raw/GC10-DET/6/img_03_436152900_00545.jpg,data/raw/GC10-DET/lable/img_03_436152900_00545.xml,6,img_03_436152900_00545.jpg,6_siban,5,silk_spot,561.0,34.0,1228.0,550.0,667.0,516.0,candidate,
img_03_436152900_00545,data/raw/GC10-DET/6/img_03_436152900_00545.jpg,data/raw/GC10-DET/lable/img_03_436152900_00545.xml,6,img_03_436152900_00545.jpg,5_youban,4,oil_spot,1776.0,462.0,1933.0,621.0,157.0,159.0,candidate,
img_03_436152900_00557,data/raw/GC10-DET/6/img_03_436152900_00557.jpg,data/raw/GC10-DET/lable/img_03_436152900_00557.xml,6,img_03_436152900_00557.jpg,6_siban,5,silk_spot,154.0,240.0,487.0,584.0,333.0,344.0,candidate,
img_03_436152900_00557,data/raw/GC10-DET/6/img_03_436152900_00557.jpg,data/raw/GC10-DET/lable/img_03_436152900_00557.xml,6,img_03_436152900_00557.jpg,6_siban,5,silk_spot,189.0,647.0,679.0,937.0,490.0,290.0,candidate,
img_03_436152900_00557,data/raw/GC10-DET/6/img_03_436152900_00557.jpg,data/raw/GC10-DET/lable/img_03_436152900_00557.xml,6,img_03_436152900_00557.jpg,6_siban,5,silk_spot,944.0,242.0,1108.0,545.0,164.0,303.0,candidate,
img_03_436152900_00557,data/raw/GC10-DET/6/img_03_436152900_00557.jpg,data/raw/GC10-DET/lable/img_03_436152900_00557.xml,6,img_03_436152900_00557.jpg,6_siban,5,silk_spot,1231.0,253.0,1495.0,975.0,264.0,722.0,candidate,
img_03_436152900_00578,data/raw/GC10-DET/6/img_03_436152900_00578.jpg,data/raw/GC10-DET/lable/img_03_436152900_00578.xml,6,img_03_436152900_00578.jpg,6_siban,5,silk_spot,840.0,60.0,1210.0,870.0,370.0,810.0,candidate,
img_03_436152900_00578,data/raw/GC10-DET/6/img_03_436152900_00578.jpg,data/raw/GC10-DET/lable/img_03_436152900_00578.xml,6,img_03_436152900_00578.jpg,6_siban,5,silk_spot,1185.0,112.0,1440.0,478.0,255.0,366.0,candidate,
img_03_436152900_00578,data/raw/GC10-DET/6/img_03_436152900_00578.jpg,data/raw/GC10-DET/lable/img_03_436152900_00578.xml,6,img_03_436152900_00578.jpg,6_siban,5,silk_spot,508.0,345.0,795.0,648.0,287.0,303.0,candidate,
img_03_436152900_00578,data/raw/GC10-DET/6/img_03_436152900_00578.jpg,data/raw/GC10-DET/lable/img_03_436152900_00578.xml,6,img_03_436152900_00578.jpg,6_siban,5,silk_spot,600.0,603.0,928.0,965.0,328.0,362.0,candidate,
img_03_436152900_00578,data/raw/GC10-DET/6/img_03_436152900_00578.jpg,data/raw/GC10-DET/lable/img_03_436152900_00578.xml,6,img_03_436152900_00578.jpg,5_youban,4,oil_spot,1512.0,488.0,1712.0,722.0,200.0,234.0,candidate,
img_03_436152900_00578,data/raw/GC10-DET/6/img_03_436152900_00578.jpg,data/raw/GC10-DET/lable/img_03_436152900_00578.xml,6,img_03_436152900_00578.jpg,5_youban,4,oil_spot,1536.0,316.0,1730.0,470.0,194.0,154.0,candidate,
img_03_436152900_00582,data/raw/GC10-DET/6/img_03_436152900_00582.jpg,data/raw/GC10-DET/lable/img_03_436152900_00582.xml,6,img_03_436152900_00582.jpg,6_siban,5,silk_spot,1043.0,168.0,1308.0,760.0,265.0,592.0,candidate,
img_03_436152900_00582,data/raw/GC10-DET/6/img_03_436152900_00582.jpg,data/raw/GC10-DET/lable/img_03_436152900_00582.xml,6,img_03_436152900_00582.jpg,6_siban,5,silk_spot,489.0,66.0,749.0,519.0,260.0,453.0,candidate,
img_03_436152900_00585,data/raw/GC10-DET/6/img_03_436152900_00585.jpg,data/raw/GC10-DET/lable/img_03_436152900_00585.xml,6,img_03_436152900_00585.jpg,6_siban,5,silk_spot,467.0,224.0,748.0,447.0,281.0,223.0,candidate,
img_03_436152900_00585,data/raw/GC10-DET/6/img_03_436152900_00585.jpg,data/raw/GC10-DET/lable/img_03_436152900_00585.xml,6,img_03_436152900_00585.jpg,6_siban,5,silk_spot,689.0,407.0,967.0,660.0,278.0,253.0,candidate,
img_03_436152900_00585,data/raw/GC10-DET/6/img_03_436152900_00585.jpg,data/raw/GC10-DET/lable/img_03_436152900_00585.xml,6,img_03_436152900_00585.jpg,6_siban,5,silk_spot,1107.0,221.0,1381.0,665.0,274.0,444.0,candidate,
img_03_436152900_00593,data/raw/GC10-DET/6/img_03_436152900_00593.jpg,data/raw/GC10-DET/lable/img_03_436152900_00593.xml,6,img_03_436152900_00593.jpg,6_siban,5,silk_spot,915.0,239.0,1289.0,632.0,374.0,393.0,candidate,
img_03_436152900_00593,data/raw/GC10-DET/6/img_03_436152900_00593.jpg,data/raw/GC10-DET/lable/img_03_436152900_00593.xml,6,img_03_436152900_00593.jpg,6_siban,5,silk_spot,382.0,450.0,654.0,809.0,272.0,359.0,candidate,
img_03_436152900_00593,data/raw/GC10-DET/6/img_03_436152900_00593.jpg,data/raw/GC10-DET/lable/img_03_436152900_00593.xml,6,img_03_436152900_00593.jpg,6_siban,5,silk_spot,720.0,771.0,836.0,984.0,116.0,213.0,candidate,
img_03_436152900_00605,data/raw/GC10-DET/6/img_03_436152900_00605.jpg,data/raw/GC10-DET/lable/img_03_436152900_00605.xml,6,img_03_436152900_00605.jpg,6_siban,5,silk_spot,982.0,403.0,1261.0,829.0,279.0,426.0,candidate,
img_03_436152900_00605,data/raw/GC10-DET/6/img_03_436152900_00605.jpg,data/raw/GC10-DET/lable/img_03_436152900_00605.xml,6,img_03_436152900_00605.jpg,6_siban,5,silk_spot,1099.0,707.0,1297.0,1000.0,198.0,293.0,candidate,
img_03_436152900_00605,data/raw/GC10-DET/6/img_03_436152900_00605.jpg,data/raw/GC10-DET/lable/img_03_436152900_00605.xml,6,img_03_436152900_00605.jpg,6_siban,5,silk_spot,938.0,127.0,1030.0,311.0,92.0,184.0,candidate,
img_03_436152900_00612,data/raw/GC10-DET/6/img_03_436152900_00612.jpg,data/raw/GC10-DET/lable/img_03_436152900_00612.xml,6,img_03_436152900_00612.jpg,6_siban,5,silk_spot,1077.0,121.0,1264.0,486.0,187.0,365.0,candidate,
img_03_436153300_00001,data/raw/GC10-DET/2/img_03_436153300_00001.jpg,data/raw/GC10-DET/lable/img_03_436153300_00001.xml,2,img_03_436153300_00001.jpg,2_hanfeng,1,welding_line,12.0,912.0,2047.0,972.0,2035.0,60.0,candidate,
img_03_436153300_01008,data/raw/GC10-DET/2/img_03_436153300_01008.jpg,data/raw/GC10-DET/lable/img_03_436153300_01008.xml,2,img_03_436153300_01008.jpg,2_hanfeng,1,welding_line,17.0,529.0,2048.0,609.0,2031.0,80.0,candidate,
img_03_436153300_01008,data/raw/GC10-DET/2/img_03_436153300_01008.jpg,data/raw/GC10-DET/lable/img_03_436153300_01008.xml,2,img_03_436153300_01008.jpg,1_chongkong,0,punching_hole,94.0,704.0,241.0,770.0,147.0,66.0,candidate,
img_03_436153600_00680,data/raw/GC10-DET/6/img_03_436153600_00680.jpg,data/raw/GC10-DET/lable/img_03_436153600_00680.xml,6,img_03_436153600_00680.jpg,6_siban,5,silk_spot,710.0,221.0,1499.0,948.0,789.0,727.0,candidate,
img_03_436153600_01213,data/raw/GC10-DET/1/img_03_436153600_01213.jpg,data/raw/GC10-DET/lable/img_03_436153600_01213.xml,1,img_03_436153600_01213.jpg,1_chongkong,0,punching_hole,94.0,121.0,213.0,181.0,119.0,60.0,candidate,
img_03_436156500_01005,data/raw/GC10-DET/4/img_03_436156500_01005.jpg,data/raw/GC10-DET/lable/img_03_436156500_01005.xml,4,img_03_436156500_01005.jpg,4_shuiban,3,water_spot,77.0,557.0,294.0,932.0,217.0,375.0,candidate,
img_03_436156500_01005,data/raw/GC10-DET/4/img_03_436156500_01005.jpg,data/raw/GC10-DET/lable/img_03_436156500_01005.xml,4,img_03_436156500_01005.jpg,4_shuiban,3,water_spot,317.0,245.0,481.0,501.0,164.0,256.0,candidate,
img_03_436164300_00327,data/raw/GC10-DET/4/img_03_436164300_00327.jpg,data/raw/GC10-DET/lable/img_03_436164300_00327.xml,4,img_03_436164300_00327.jpg,4_shuiban,3,water_spot,264.0,140.0,499.0,422.0,235.0,282.0,candidate,
img_03_436164500_00818,data/raw/GC10-DET/4/img_03_436164500_00818.jpg,data/raw/GC10-DET/lable/img_03_436164500_00818.xml,4,img_03_436164500_00818.jpg,4_shuiban,3,water_spot,220.0,591.0,413.0,848.0,193.0,257.0,candidate,
img_03_436164500_01130,data/raw/GC10-DET/4/img_03_436164500_01130.jpg,data/raw/GC10-DET/lable/img_03_436164500_01130.xml,4,img_03_436164500_01130.jpg,4_shuiban,3,water_spot,225.0,135.0,497.0,362.0,272.0,227.0,candidate,
img_03_436164700_00001,data/raw/GC10-DET/2/img_03_436164700_00001.jpg,data/raw/GC10-DET/lable/img_03_436164700_00001.xml,2,img_03_436164700_00001.jpg,2_hanfeng,1,welding_line,3.0,798.0,2048.0,865.0,2045.0,67.0,candidate,
img_03_436164700_00001,data/raw/GC10-DET/2/img_03_436164700_00001.jpg,data/raw/GC10-DET/lable/img_03_436164700_00001.xml,2,img_03_436164700_00001.jpg,1_chongkong,0,punching_hole,85.0,973.0,200.0,1000.0,115.0,27.0,candidate,
img_03_436164700_00257,data/raw/GC10-DET/4/img_03_436164700_00257.jpg,data/raw/GC10-DET/lable/img_03_436164700_00257.xml,4,img_03_436164700_00257.jpg,4_shuiban,3,water_spot,182.0,19.0,376.0,191.0,194.0,172.0,candidate,
img_03_436165200_00707,data/raw/GC10-DET/2/img_03_436165200_00707.jpg,data/raw/GC10-DET/lable/img_03_436165200_00707.xml,2,img_03_436165200_00707.jpg,2_hanfeng,1,welding_line,12.0,732.0,2048.0,799.0,2036.0,67.0,candidate,
img_03_436165200_00707,data/raw/GC10-DET/2/img_03_436165200_00707.jpg,data/raw/GC10-DET/lable/img_03_436165200_00707.xml,2,img_03_436165200_00707.jpg,1_chongkong,0,punching_hole,105.0,899.0,233.0,960.0,128.0,61.0,candidate,
img_03_436184600_00002,data/raw/GC10-DET/2/img_03_436184600_00002.jpg,data/raw/GC10-DET/lable/img_03_436184600_00002.xml,2,img_03_436184600_00002.jpg,2_hanfeng,1,welding_line,20.0,681.0,2048.0,743.0,2028.0,62.0,candidate,
img_03_436184600_00002,data/raw/GC10-DET/2/img_03_436184600_00002.jpg,data/raw/GC10-DET/lable/img_03_436184600_00002.xml,2,img_03_436184600_00002.jpg,1_chongkong,0,punching_hole,95.0,853.0,226.0,917.0,131.0,64.0,candidate,
img_03_436184600_00773,data/raw/GC10-DET/6/img_03_436184600_00773.jpg,data/raw/GC10-DET/lable/img_03_436184600_00773.xml,6,img_03_436184600_00773.jpg,6_siban,5,silk_spot,841.0,148.0,1100.0,319.0,259.0,171.0,candidate,
img_03_436184600_00773,data/raw/GC10-DET/6/img_03_436184600_00773.jpg,data/raw/GC10-DET/lable/img_03_436184600_00773.xml,6,img_03_436184600_00773.jpg,6_siban,5,silk_spot,894.0,422.0,1179.0,791.0,285.0,369.0,candidate,
img_03_436184600_00773,data/raw/GC10-DET/6/img_03_436184600_00773.jpg,data/raw/GC10-DET/lable/img_03_436184600_00773.xml,6,img_03_436184600_00773.jpg,6_siban,5,silk_spot,1281.0,321.0,1726.0,852.0,445.0,531.0,candidate,
img_03_436184600_00776,data/raw/GC10-DET/6/img_03_436184600_00776.jpg,data/raw/GC10-DET/lable/img_03_436184600_00776.xml,6,img_03_436184600_00776.jpg,6_siban,5,silk_spot,748.0,73.0,1553.0,857.0,805.0,784.0,candidate,
img_03_436184600_00778,data/raw/GC10-DET/6/img_03_436184600_00778.jpg,data/raw/GC10-DET/lable/img_03_436184600_00778.xml,6,img_03_436184600_00778.jpg,6_siban,5,silk_spot,705.0,150.0,1085.0,789.0,380.0,639.0,candidate,
img_03_436184600_00778,data/raw/GC10-DET/6/img_03_436184600_00778.jpg,data/raw/GC10-DET/lable/img_03_436184600_00778.xml,6,img_03_436184600_00778.jpg,6_siban,5,silk_spot,1138.0,163.0,1544.0,796.0,406.0,633.0,candidate,
img_03_436184600_00778,data/raw/GC10-DET/6/img_03_436184600_00778.jpg,data/raw/GC10-DET/lable/img_03_436184600_00778.xml,6,img_03_436184600_00778.jpg,6_siban,5,silk_spot,1587.0,139.0,1866.0,791.0,279.0,652.0,candidate,
img_03_436184600_00779,data/raw/GC10-DET/6/img_03_436184600_00779.jpg,data/raw/GC10-DET/lable/img_03_436184600_00779.xml,6,img_03_436184600_00779.jpg,6_siban,5,silk_spot,1043.0,147.0,1436.0,758.0,393.0,611.0,candidate,
img_03_436184600_00779,data/raw/GC10-DET/6/img_03_436184600_00779.jpg,data/raw/GC10-DET/lable/img_03_436184600_00779.xml,6,img_03_436184600_00779.jpg,6_siban,5,silk_spot,1490.0,139.0,1787.0,752.0,297.0,613.0,candidate,
img_03_436184600_00782,data/raw/GC10-DET/6/img_03_436184600_00782.jpg,data/raw/GC10-DET/lable/img_03_436184600_00782.xml,6,img_03_436184600_00782.jpg,6_siban,5,silk_spot,1041.0,91.0,1792.0,886.0,751.0,795.0,candidate,
img_03_436184600_00782,data/raw/GC10-DET/6/img_03_436184600_00782.jpg,data/raw/GC10-DET/lable/img_03_436184600_00782.xml,6,img_03_436184600_00782.jpg,6_siban,5,silk_spot,417.0,252.0,712.0,591.0,295.0,339.0,candidate,
img_03_436184600_00786,data/raw/GC10-DET/6/img_03_436184600_00786.jpg,data/raw/GC10-DET/lable/img_03_436184600_00786.xml,6,img_03_436184600_00786.jpg,6_siban,5,silk_spot,1230.0,147.0,1610.0,435.0,380.0,288.0,candidate,
img_03_436184600_00786,data/raw/GC10-DET/6/img_03_436184600_00786.jpg,data/raw/GC10-DET/lable/img_03_436184600_00786.xml,6,img_03_436184600_00786.jpg,6_siban,5,silk_spot,1285.0,481.0,1761.0,783.0,476.0,302.0,candidate,
img_03_436184600_00792,data/raw/GC10-DET/6/img_03_436184600_00792.jpg,data/raw/GC10-DET/lable/img_03_436184600_00792.xml,6,img_03_436184600_00792.jpg,6_siban,5,silk_spot,330.0,352.0,682.0,663.0,352.0,311.0,candidate,
img_03_436184600_00792,data/raw/GC10-DET/6/img_03_436184600_00792.jpg,data/raw/GC10-DET/lable/img_03_436184600_00792.xml,6,img_03_436184600_00792.jpg,6_siban,5,silk_spot,1246.0,303.0,1631.0,658.0,385.0,355.0,candidate,
img_03_436184600_00792,data/raw/GC10-DET/6/img_03_436184600_00792.jpg,data/raw/GC10-DET/lable/img_03_436184600_00792.xml,6,img_03_436184600_00792.jpg,6_siban,5,silk_spot,1323.0,80.0,1605.0,263.0,282.0,183.0,candidate,
img_03_436184600_00793,data/raw/GC10-DET/6/img_03_436184600_00793.jpg,data/raw/GC10-DET/lable/img_03_436184600_00793.xml,6,img_03_436184600_00793.jpg,6_siban,5,silk_spot,840.0,83.0,1118.0,288.0,278.0,205.0,candidate,
img_03_436184600_00793,data/raw/GC10-DET/6/img_03_436184600_00793.jpg,data/raw/GC10-DET/lable/img_03_436184600_00793.xml,6,img_03_436184600_00793.jpg,6_siban,5,silk_spot,1471.0,157.0,1785.0,678.0,314.0,521.0,candidate,
img_03_436184600_00794,data/raw/GC10-DET/6/img_03_436184600_00794.jpg,data/raw/GC10-DET/lable/img_03_436184600_00794.xml,6,img_03_436184600_00794.jpg,6_siban,5,silk_spot,840.0,273.0,1081.0,714.0,241.0,441.0,candidate,
img_03_436184600_00795,data/raw/GC10-DET/6/img_03_436184600_00795.jpg,data/raw/GC10-DET/lable/img_03_436184600_00795.xml,6,img_03_436184600_00795.jpg,6_siban,5,silk_spot,1341.0,158.0,1635.0,493.0,294.0,335.0,candidate,
img_03_436184600_00795,data/raw/GC10-DET/6/img_03_436184600_00795.jpg,data/raw/GC10-DET/lable/img_03_436184600_00795.xml,6,img_03_436184600_00795.jpg,6_siban,5,silk_spot,900.0,191.0,1277.0,345.0,377.0,154.0,candidate,
img_03_436184600_00797,data/raw/GC10-DET/6/img_03_436184600_00797.jpg,data/raw/GC10-DET/lable/img_03_436184600_00797.xml,6,img_03_436184600_00797.jpg,6_siban,5,silk_spot,858.0,63.0,1154.0,304.0,296.0,241.0,candidate,
img_03_436184600_00797,data/raw/GC10-DET/6/img_03_436184600_00797.jpg,data/raw/GC10-DET/lable/img_03_436184600_00797.xml,6,img_03_436184600_00797.jpg,6_siban,5,silk_spot,1271.0,322.0,1625.0,571.0,354.0,249.0,candidate,
img_03_436184600_00797,data/raw/GC10-DET/6/img_03_436184600_00797.jpg,data/raw/GC10-DET/lable/img_03_436184600_00797.xml,6,img_03_436184600_00797.jpg,6_siban,5,silk_spot,1302.0,619.0,1610.0,870.0,308.0,251.0,candidate,
img_03_436184600_00799,data/raw/GC10-DET/6/img_03_436184600_00799.jpg,data/raw/GC10-DET/lable/img_03_436184600_00799.xml,6,img_03_436184600_00799.jpg,6_siban,5,silk_spot,1226.0,71.0,1531.0,284.0,305.0,213.0,candidate,
img_03_436184600_00799,data/raw/GC10-DET/6/img_03_436184600_00799.jpg,data/raw/GC10-DET/lable/img_03_436184600_00799.xml,6,img_03_436184600_00799.jpg,6_siban,5,silk_spot,903.0,295.0,1425.0,546.0,522.0,251.0,candidate,
img_03_436184600_00800,data/raw/GC10-DET/6/img_03_436184600_00800.jpg,data/raw/GC10-DET/lable/img_03_436184600_00800.xml,6,img_03_436184600_00800.jpg,6_siban,5,silk_spot,1126.0,222.0,1407.0,325.0,281.0,103.0,candidate,
img_03_436184600_00800,data/raw/GC10-DET/6/img_03_436184600_00800.jpg,data/raw/GC10-DET/lable/img_03_436184600_00800.xml,6,img_03_436184600_00800.jpg,6_siban,5,silk_spot,964.0,62.0,1081.0,166.0,117.0,104.0,candidate,
img_03_436184600_00800,data/raw/GC10-DET/6/img_03_436184600_00800.jpg,data/raw/GC10-DET/lable/img_03_436184600_00800.xml,6,img_03_436184600_00800.jpg,6_siban,5,silk_spot,976.0,339.0,1135.0,480.0,159.0,141.0,candidate,
img_03_436184600_00800,data/raw/GC10-DET/6/img_03_436184600_00800.jpg,data/raw/GC10-DET/lable/img_03_436184600_00800.xml,6,img_03_436184600_00800.jpg,6_siban,5,silk_spot,1243.0,457.0,1507.0,673.0,264.0,216.0,candidate,
img_03_436185000_00003,data/raw/GC10-DET/2/img_03_436185000_00003.jpg,data/raw/GC10-DET/lable/img_03_436185000_00003.xml,2,img_03_436185000_00003.jpg,2_hanfeng,1,welding_line,13.0,647.0,2040.0,722.0,2027.0,75.0,candidate,
img_03_436185000_00003,data/raw/GC10-DET/2/img_03_436185000_00003.jpg,data/raw/GC10-DET/lable/img_03_436185000_00003.xml,2,img_03_436185000_00003.jpg,1_chongkong,0,punching_hole,76.0,819.0,192.0,870.0,116.0,51.0,candidate,
img_03_436185500_00005,data/raw/GC10-DET/2/img_03_436185500_00005.jpg,data/raw/GC10-DET/lable/img_03_436185500_00005.xml,2,img_03_436185500_00005.jpg,2_hanfeng,1,welding_line,11.0,963.0,2037.0,993.0,2026.0,30.0,candidate,
img_03_436185500_00212,data/raw/GC10-DET/4/img_03_436185500_00212.jpg,data/raw/GC10-DET/lable/img_03_436185500_00212.xml,4,img_03_436185500_00212.jpg,4_shuiban,3,water_spot,364.0,81.0,561.0,271.0,197.0,190.0,candidate,
img_03_436185700_00002,data/raw/GC10-DET/2/img_03_436185700_00002.jpg,data/raw/GC10-DET/lable/img_03_436185700_00002.xml,2,img_03_436185700_00002.jpg,2_hanfeng,1,welding_line,10.0,732.0,2023.0,803.0,2013.0,71.0,candidate,
img_03_436185700_00002,data/raw/GC10-DET/2/img_03_436185700_00002.jpg,data/raw/GC10-DET/lable/img_03_436185700_00002.xml,2,img_03_436185700_00002.jpg,1_chongkong,0,punching_hole,84.0,894.0,203.0,966.0,119.0,72.0,candidate,
img_03_4401440300_00347,data/raw/GC10-DET/7/img_03_4401440300_00347.jpg,data/raw/GC10-DET/lable/img_03_4401440300_00347.xml,7,img_03_4401440300_00347.jpg,4_shuiban,3,water_spot,1281.0,573.0,1390.0,650.0,109.0,77.0,candidate,
img_03_4401440300_00347,data/raw/GC10-DET/7/img_03_4401440300_00347.jpg,data/raw/GC10-DET/lable/img_03_4401440300_00347.xml,7,img_03_4401440300_00347.jpg,4_shuiban,3,water_spot,1040.0,946.0,1102.0,990.0,62.0,44.0,candidate,
img_03_4401440300_00347,data/raw/GC10-DET/7/img_03_4401440300_00347.jpg,data/raw/GC10-DET/lable/img_03_4401440300_00347.xml,7,img_03_4401440300_00347.jpg,4_shuiban,3,water_spot,1230.0,925.0,1310.0,991.0,80.0,66.0,candidate,
img_03_4402117000_00003,data/raw/GC10-DET/8/img_03_4402117000_00003.jpg,data/raw/GC10-DET/lable/img_03_4402117000_00003.xml,8,img_03_4402117000_00003.jpg,8_yahen,7,rolled_pit,903.0,78.0,1089.0,186.0,186.0,108.0,candidate,
img_03_4402117000_00003,data/raw/GC10-DET/8/img_03_4402117000_00003.jpg,data/raw/GC10-DET/lable/img_03_4402117000_00003.xml,8,img_03_4402117000_00003.jpg,8_yahen,7,rolled_pit,382.0,57.0,582.0,219.0,200.0,162.0,candidate,
img_03_4402117000_00003,data/raw/GC10-DET/8/img_03_4402117000_00003.jpg,data/raw/GC10-DET/lable/img_03_4402117000_00003.xml,8,img_03_4402117000_00003.jpg,8_yahen,7,rolled_pit,387.0,383.0,553.0,470.0,166.0,87.0,candidate,
img_03_4402117000_00003,data/raw/GC10-DET/8/img_03_4402117000_00003.jpg,data/raw/GC10-DET/lable/img_03_4402117000_00003.xml,8,img_03_4402117000_00003.jpg,8_yahen,7,rolled_pit,418.0,637.0,579.0,766.0,161.0,129.0,candidate,
img_03_4402117400_00003,data/raw/GC10-DET/8/img_03_4402117400_00003.jpg,data/raw/GC10-DET/lable/img_03_4402117400_00003.xml,8,img_03_4402117400_00003.jpg,8_yahen,7,rolled_pit,54.0,719.0,305.0,880.0,251.0,161.0,candidate,
img_03_4402270500_00004,data/raw/GC10-DET/9/img_03_4402270500_00004.jpg,data/raw/GC10-DET/lable/img_03_4402270500_00004.xml,9,img_03_4402270500_00004.jpg,4_shuiban,3,water_spot,79.0,57.0,1476.0,199.0,1397.0,142.0,candidate,
img_03_4402329000_00001,data/raw/GC10-DET/8/img_03_4402329000_00001.jpg,data/raw/GC10-DET/lable/img_03_4402329000_00001.xml,8,img_03_4402329000_00001.jpg,8_yahen,7,rolled_pit,22.0,306.0,1877.0,666.0,1855.0,360.0,candidate,
img_03_4402541500_01471,data/raw/GC10-DET/4/img_03_4402541500_01471.jpg,data/raw/GC10-DET/lable/img_03_4402541500_01471.xml,4,img_03_4402541500_01471.jpg,4_shuiban,3,water_spot,1.0,410.0,169.0,724.0,168.0,314.0,candidate,
img_03_4402624500_00002,data/raw/GC10-DET/8/img_03_4402624500_00002.jpg,data/raw/GC10-DET/lable/img_03_4402624500_00002.xml,8,img_03_4402624500_00002.jpg,8_yahen,7,rolled_pit,15.0,224.0,289.0,345.0,274.0,121.0,candidate,
img_03_4402624500_00002,data/raw/GC10-DET/8/img_03_4402624500_00002.jpg,data/raw/GC10-DET/lable/img_03_4402624500_00002.xml,8,img_03_4402624500_00002.jpg,8_yahen,7,rolled_pit,1553.0,242.0,1817.0,340.0,264.0,98.0,candidate,
img_03_4402624500_00002,data/raw/GC10-DET/8/img_03_4402624500_00002.jpg,data/raw/GC10-DET/lable/img_03_4402624500_00002.xml,8,img_03_4402624500_00002.jpg,8_yahen,7,rolled_pit,44.0,845.0,589.0,1000.0,545.0,155.0,candidate,
img_03_4402724500_01238,data/raw/GC10-DET/8/img_03_4402724500_01238.jpg,data/raw/GC10-DET/lable/img_03_4402724500_01238.xml,8,img_03_4402724500_01238.jpg,8_yahen,7,rolled_pit,1303.0,242.0,1448.0,319.0,145.0,77.0,candidate,
img_03_4402724500_01238,data/raw/GC10-DET/8/img_03_4402724500_01238.jpg,data/raw/GC10-DET/lable/img_03_4402724500_01238.xml,8,img_03_4402724500_01238.jpg,8_yahen,7,rolled_pit,622.0,881.0,813.0,999.0,191.0,118.0,candidate,
img_03_4402724500_01242,data/raw/GC10-DET/8/img_03_4402724500_01242.jpg,data/raw/GC10-DET/lable/img_03_4402724500_01242.xml,8,img_03_4402724500_01242.jpg,8_yahen,7,rolled_pit,1279.0,247.0,1403.0,348.0,124.0,101.0,candidate,
img_03_4402724500_01242,data/raw/GC10-DET/8/img_03_4402724500_01242.jpg,data/raw/GC10-DET/lable/img_03_4402724500_01242.xml,8,img_03_4402724500_01242.jpg,8_yahen,7,rolled_pit,1171.0,380.0,1325.0,507.0,154.0,127.0,candidate,
img_03_4402724500_01242,data/raw/GC10-DET/8/img_03_4402724500_01242.jpg,data/raw/GC10-DET/lable/img_03_4402724500_01242.xml,8,img_03_4402724500_01242.jpg,8_yahen,7,rolled_pit,1233.0,468.0,1344.0,555.0,111.0,87.0,candidate,
img_03_4402724500_01242,data/raw/GC10-DET/8/img_03_4402724500_01242.jpg,data/raw/GC10-DET/lable/img_03_4402724500_01242.xml,8,img_03_4402724500_01242.jpg,8_yahen,7,rolled_pit,1171.0,563.0,1338.0,676.0,167.0,113.0,candidate,
img_03_4402724500_01242,data/raw/GC10-DET/8/img_03_4402724500_01242.jpg,data/raw/GC10-DET/lable/img_03_4402724500_01242.xml,8,img_03_4402724500_01242.jpg,8_yahen,7,rolled_pit,1226.0,784.0,1362.0,939.0,136.0,155.0,candidate,
img_03_4402724500_01242,data/raw/GC10-DET/8/img_03_4402724500_01242.jpg,data/raw/GC10-DET/lable/img_03_4402724500_01242.xml,8,img_03_4402724500_01242.jpg,8_yahen,7,rolled_pit,1636.0,273.0,1784.0,366.0,148.0,93.0,candidate,
img_03_4402724500_01243,data/raw/GC10-DET/8/img_03_4402724500_01243.jpg,data/raw/GC10-DET/lable/img_03_4402724500_01243.xml,8,img_03_4402724500_01243.jpg,8_yahen,7,rolled_pit,1243.0,781.0,1413.0,981.0,170.0,200.0,candidate,
img_03_4402724500_01243,data/raw/GC10-DET/8/img_03_4402724500_01243.jpg,data/raw/GC10-DET/lable/img_03_4402724500_01243.xml,8,img_03_4402724500_01243.jpg,8_yahen,7,rolled_pit,1749.0,837.0,1890.0,927.0,141.0,90.0,candidate,
img_03_4402724500_01245,data/raw/GC10-DET/8/img_03_4402724500_01245.jpg,data/raw/GC10-DET/lable/img_03_4402724500_01245.xml,8,img_03_4402724500_01245.jpg,8_yahen,7,rolled_pit,1436.0,717.0,1574.0,834.0,138.0,117.0,candidate,
img_03_4402724500_01245,data/raw/GC10-DET/8/img_03_4402724500_01245.jpg,data/raw/GC10-DET/lable/img_03_4402724500_01245.xml,8,img_03_4402724500_01245.jpg,8_yahen,7,rolled_pit,1320.0,847.0,1476.0,912.0,156.0,65.0,candidate,
img_03_4402724500_01245,data/raw/GC10-DET/8/img_03_4402724500_01245.jpg,data/raw/GC10-DET/lable/img_03_4402724500_01245.xml,8,img_03_4402724500_01245.jpg,8_yahen,7,rolled_pit,1308.0,914.0,1487.0,999.0,179.0,85.0,candidate,
img_03_4402766600_00002,data/raw/GC10-DET/2/img_03_4402766600_00002.jpg,data/raw/GC10-DET/lable/img_03_4402766600_00002.xml,2,img_03_4402766600_00002.jpg,2_hanfeng,1,welding_line,3.0,701.0,2048.0,775.0,2045.0,74.0,candidate,
img_03_4402766600_00002,data/raw/GC10-DET/2/img_03_4402766600_00002.jpg,data/raw/GC10-DET/lable/img_03_4402766600_00002.xml,2,img_03_4402766600_00002.jpg,1_chongkong,0,punching_hole,90.0,871.0,222.0,940.0,132.0,69.0,candidate,
img_03_4402766800_00010,data/raw/GC10-DET/4/img_03_4402766800_00010.jpg,data/raw/GC10-DET/lable/img_03_4402766800_00010.xml,4,img_03_4402766800_00010.jpg,4_shuiban,3,water_spot,774.0,6.0,1101.0,228.0,327.0,222.0,candidate,
img_03_4402766900_00001,data/raw/GC10-DET/8/img_03_4402766900_00001.jpg,data/raw/GC10-DET/lable/img_03_4402766900_00001.xml,8,img_03_4402766900_00001.jpg,8_yahen,7,rolled_pit,341.0,252.0,617.0,694.0,276.0,442.0,candidate,
img_03_4402785000_00001,data/raw/GC10-DET/2/img_03_4402785000_00001.jpg,data/raw/GC10-DET/lable/img_03_4402785000_00001.xml,2,img_03_4402785000_00001.jpg,2_hanfeng,1,welding_line,13.0,850.0,2048.0,899.0,2035.0,49.0,candidate,
img_03_4403465900_00023,data/raw/GC10-DET/5/img_03_4403465900_00023.jpg,data/raw/GC10-DET/lable/img_03_4403465900_00023.xml,5,img_03_4403465900_00023.jpg,5_youban,4,oil_spot,1856.0,684.0,1928.0,757.0,72.0,73.0,candidate,
img_03_4403465900_00023,data/raw/GC10-DET/5/img_03_4403465900_00023.jpg,data/raw/GC10-DET/lable/img_03_4403465900_00023.xml,5,img_03_4403465900_00023.jpg,5_youban,4,oil_spot,1910.0,118.0,1935.0,340.0,25.0,222.0,candidate,
img_03_4403465900_00023,data/raw/GC10-DET/5/img_03_4403465900_00023.jpg,data/raw/GC10-DET/lable/img_03_4403465900_00023.xml,5,img_03_4403465900_00023.jpg,5_youban,4,oil_spot,1893.0,487.0,1933.0,698.0,40.0,211.0,candidate,
img_03_4403466500_00029,data/raw/GC10-DET/4/img_03_4403466500_00029.jpg,data/raw/GC10-DET/lable/img_03_4403466500_00029.xml,4,img_03_4403466500_00029.jpg,5_youban,4,oil_spot,1710.0,30.0,1862.0,148.0,152.0,118.0,candidate,
img_03_4403466500_00029,data/raw/GC10-DET/4/img_03_4403466500_00029.jpg,data/raw/GC10-DET/lable/img_03_4403466500_00029.xml,4,img_03_4403466500_00029.jpg,5_youban,4,oil_spot,1723.0,781.0,1848.0,1000.0,125.0,219.0,candidate,
img_03_4403466600_00018,data/raw/GC10-DET/4/img_03_4403466600_00018.jpg,data/raw/GC10-DET/lable/img_03_4403466600_00018.xml,4,img_03_4403466600_00018.jpg,5_youban,4,oil_spot,1712.0,206.0,1835.0,363.0,123.0,157.0,candidate,
img_03_4403466600_00018,data/raw/GC10-DET/4/img_03_4403466600_00018.jpg,data/raw/GC10-DET/lable/img_03_4403466600_00018.xml,4,img_03_4403466600_00018.jpg,5_youban,4,oil_spot,1740.0,760.0,1841.0,919.0,101.0,159.0,candidate,
img_03_4403715000_00003,data/raw/GC10-DET/8/img_03_4403715000_00003.jpg,data/raw/GC10-DET/lable/img_03_4403715000_00003.xml,8,img_03_4403715000_00003.jpg,8_yahen,7,rolled_pit,1.0,49.0,718.0,404.0,717.0,355.0,candidate,
img_03_4403956700_00007,data/raw/GC10-DET/8/img_03_4403956700_00007.jpg,data/raw/GC10-DET/lable/img_03_4403956700_00007.xml,8,img_03_4403956700_00007.jpg,8_yahen,7,rolled_pit,554.0,694.0,831.0,821.0,277.0,127.0,candidate,
img_03_4403956700_00007,data/raw/GC10-DET/8/img_03_4403956700_00007.jpg,data/raw/GC10-DET/lable/img_03_4403956700_00007.xml,8,img_03_4403956700_00007.jpg,8_yahen,7,rolled_pit,799.0,866.0,1018.0,924.0,219.0,58.0,candidate,
img_03_4404374100_01295,data/raw/GC10-DET/10/img_03_4404374100_01295.jpg,data/raw/GC10-DET/lable/img_03_4404374100_01295.xml,10,img_03_4404374100_01295.jpg,10_yaozhed,9,waist_folding,74.0,91.0,1426.0,927.0,1352.0,836.0,candidate,
img_03_4404374300_00045,data/raw/GC10-DET/10/img_03_4404374300_00045.jpg,data/raw/GC10-DET/lable/img_03_4404374300_00045.xml,10,img_03_4404374300_00045.jpg,10_yaozhed,9,waist_folding,295.0,129.0,1610.0,952.0,1315.0,823.0,candidate,
img_03_4404376300_00098,data/raw/GC10-DET/4/img_03_4404376300_00098.jpg,data/raw/GC10-DET/lable/img_03_4404376300_00098.xml,4,img_03_4404376300_00098.jpg,4_shuiban,3,water_spot,1223.0,678.0,1374.0,930.0,151.0,252.0,candidate,
img_03_4404580600_00513,data/raw/GC10-DET/6/img_03_4404580600_00513.jpg,data/raw/GC10-DET/lable/img_03_4404580600_00513.xml,6,img_03_4404580600_00513.jpg,6_siban,5,silk_spot,1123.0,163.0,1497.0,578.0,374.0,415.0,candidate,
img_03_4404580600_00513,data/raw/GC10-DET/6/img_03_4404580600_00513.jpg,data/raw/GC10-DET/lable/img_03_4404580600_00513.xml,6,img_03_4404580600_00513.jpg,6_siban,5,silk_spot,582.0,206.0,1105.0,725.0,523.0,519.0,candidate,
img_03_4404580600_00513,data/raw/GC10-DET/6/img_03_4404580600_00513.jpg,data/raw/GC10-DET/lable/img_03_4404580600_00513.xml,6,img_03_4404580600_00513.jpg,6_siban,5,silk_spot,1235.0,589.0,1635.0,907.0,400.0,318.0,candidate,
img_03_4404580600_00513,data/raw/GC10-DET/6/img_03_4404580600_00513.jpg,data/raw/GC10-DET/lable/img_03_4404580600_00513.xml,6,img_03_4404580600_00513.jpg,6_siban,5,silk_spot,740.0,37.0,1061.0,152.0,321.0,115.0,candidate,
img_03_4404580600_00527,data/raw/GC10-DET/6/img_03_4404580600_00527.jpg,data/raw/GC10-DET/lable/img_03_4404580600_00527.xml,6,img_03_4404580600_00527.jpg,6_siban,5,silk_spot,812.0,173.0,1372.0,755.0,560.0,582.0,candidate,
img_03_4404580600_00527,data/raw/GC10-DET/6/img_03_4404580600_00527.jpg,data/raw/GC10-DET/lable/img_03_4404580600_00527.xml,6,img_03_4404580600_00527.jpg,6_siban,5,silk_spot,1400.0,96.0,1725.0,847.0,325.0,751.0,candidate,
img_03_4404612700_00049,data/raw/GC10-DET/10/img_03_4404612700_00049.jpg,data/raw/GC10-DET/lable/img_03_4404612700_00049.xml,10,img_03_4404612700_00049.jpg,10_yaozhed,9,waist_folding,148.0,37.0,1890.0,970.0,1742.0,933.0,candidate,
img_03_4404892800_01027,data/raw/GC10-DET/2/img_03_4404892800_01027.jpg,data/raw/GC10-DET/lable/img_03_4404892800_01027.xml,2,img_03_4404892800_01027.jpg,1_chongkong,0,punching_hole,58.0,180.0,202.0,247.0,144.0,67.0,candidate,
img_03_4405000700_00831,data/raw/GC10-DET/4/img_03_4405000700_00831.jpg,data/raw/GC10-DET/lable/img_03_4405000700_00831.xml,4,img_03_4405000700_00831.jpg,4_shuiban,3,water_spot,876.0,144.0,1007.0,973.0,131.0,829.0,candidate,
img_03_4405356500_00897,data/raw/GC10-DET/2/img_03_4405356500_00897.jpg,data/raw/GC10-DET/lable/img_03_4405356500_00897.xml,2,img_03_4405356500_00897.jpg,2_hanfeng,1,welding_line,22.0,575.0,2048.0,633.0,2026.0,58.0,candidate,
img_03_4405356500_00897,data/raw/GC10-DET/2/img_03_4405356500_00897.jpg,data/raw/GC10-DET/lable/img_03_4405356500_00897.xml,2,img_03_4405356500_00897.jpg,1_chongkong,0,punching_hole,71.0,737.0,200.0,806.0,129.0,69.0,candidate,
img_03_4405964400_00010,data/raw/GC10-DET/9/img_03_4405964400_00010.jpg,data/raw/GC10-DET/lable/img_03_4405964400_00010.xml,9,img_03_4405964400_00010.jpg,8_yahen,7,rolled_pit,712.0,688.0,876.0,984.0,164.0,296.0,candidate,
img_03_4405964900_00010,data/raw/GC10-DET/9/img_03_4405964900_00010.jpg,data/raw/GC10-DET/lable/img_03_4405964900_00010.xml,9,img_03_4405964900_00010.jpg,8_yahen,7,rolled_pit,477.0,114.0,661.0,378.0,184.0,264.0,candidate,
img_03_4405964900_00010,data/raw/GC10-DET/9/img_03_4405964900_00010.jpg,data/raw/GC10-DET/lable/img_03_4405964900_00010.xml,9,img_03_4405964900_00010.jpg,8_yahen,7,rolled_pit,441.0,565.0,703.0,829.0,262.0,264.0,candidate,
img_03_4406424600_00002,data/raw/GC10-DET/1/img_03_4406424600_00002.jpg,data/raw/GC10-DET/lable/img_03_4406424600_00002.xml,1,img_03_4406424600_00002.jpg,1_chongkong,0,punching_hole,59.0,734.0,169.0,801.0,110.0,67.0,candidate,
img_03_4406424600_00002,data/raw/GC10-DET/1/img_03_4406424600_00002.jpg,data/raw/GC10-DET/lable/img_03_4406424600_00002.xml,1,img_03_4406424600_00002.jpg,6_siban,5,silk_spot,29.0,32.0,1965.0,547.0,1936.0,515.0,candidate,
img_03_4406424600_00002,data/raw/GC10-DET/1/img_03_4406424600_00002.jpg,data/raw/GC10-DET/lable/img_03_4406424600_00002.xml,1,img_03_4406424600_00002.jpg,2_hanfeng,1,welding_line,5.0,555.0,2035.0,619.0,2030.0,64.0,candidate,
img_03_4406425000_00001,data/raw/GC10-DET/1/img_03_4406425000_00001.jpg,data/raw/GC10-DET/lable/img_03_4406425000_00001.xml,1,img_03_4406425000_00001.jpg,1_chongkong,0,punching_hole,67.0,575.0,181.0,634.0,114.0,59.0,candidate,
img_03_4406425000_00001,data/raw/GC10-DET/1/img_03_4406425000_00001.jpg,data/raw/GC10-DET/lable/img_03_4406425000_00001.xml,1,img_03_4406425000_00001.jpg,2_hanfeng,1,welding_line,10.0,387.0,2034.0,457.0,2024.0,70.0,candidate,
img_03_4406425000_00001,data/raw/GC10-DET/1/img_03_4406425000_00001.jpg,data/raw/GC10-DET/lable/img_03_4406425000_00001.xml,1,img_03_4406425000_00001.jpg,6_siban,5,silk_spot,359.0,482.0,1284.0,987.0,925.0,505.0,candidate,
img_03_4406425000_00001,data/raw/GC10-DET/1/img_03_4406425000_00001.jpg,data/raw/GC10-DET/lable/img_03_4406425000_00001.xml,1,img_03_4406425000_00001.jpg,5_youban,4,oil_spot,1897.0,767.0,2024.0,913.0,127.0,146.0,candidate,
img_03_4406425200_00001,data/raw/GC10-DET/1/img_03_4406425200_00001.jpg,data/raw/GC10-DET/lable/img_03_4406425200_00001.xml,1,img_03_4406425200_00001.jpg,1_chongkong,0,punching_hole,81.0,327.0,195.0,391.0,114.0,64.0,candidate,
img_03_4406425200_00001,data/raw/GC10-DET/1/img_03_4406425200_00001.jpg,data/raw/GC10-DET/lable/img_03_4406425200_00001.xml,1,img_03_4406425200_00001.jpg,2_hanfeng,1,welding_line,10.0,144.0,2043.0,211.0,2033.0,67.0,candidate,
img_03_4406562900_00002,data/raw/GC10-DET/1/img_03_4406562900_00002.jpg,data/raw/GC10-DET/lable/img_03_4406562900_00002.xml,1,img_03_4406562900_00002.jpg,1_chongkong,0,punching_hole,92.0,3.0,202.0,52.0,110.0,49.0,candidate,
img_03_4406562900_00002,data/raw/GC10-DET/1/img_03_4406562900_00002.jpg,data/raw/GC10-DET/lable/img_03_4406562900_00002.xml,1,img_03_4406562900_00002.jpg,5_youban,4,oil_spot,851.0,147.0,1186.0,951.0,335.0,804.0,candidate,
img_03_4406562900_00002,data/raw/GC10-DET/1/img_03_4406562900_00002.jpg,data/raw/GC10-DET/lable/img_03_4406562900_00002.xml,1,img_03_4406562900_00002.jpg,5_youban,4,oil_spot,672.0,563.0,775.0,789.0,103.0,226.0,candidate,
img_03_4406562900_00002,data/raw/GC10-DET/1/img_03_4406562900_00002.jpg,data/raw/GC10-DET/lable/img_03_4406562900_00002.xml,1,img_03_4406562900_00002.jpg,5_youban,4,oil_spot,413.0,65.0,537.0,360.0,124.0,295.0,candidate,
img_03_4406645900_00001,data/raw/GC10-DET/2/img_03_4406645900_00001.jpg,data/raw/GC10-DET/lable/img_03_4406645900_00001.xml,2,img_03_4406645900_00001.jpg,2_hanfeng,1,welding_line,15.0,411.0,2028.0,473.0,2013.0,62.0,candidate,
img_03_4406645900_00001,data/raw/GC10-DET/2/img_03_4406645900_00001.jpg,data/raw/GC10-DET/lable/img_03_4406645900_00001.xml,2,img_03_4406645900_00001.jpg,1_chongkong,0,punching_hole,56.0,580.0,187.0,648.0,131.0,68.0,candidate,
img_03_4406645900_00009,data/raw/GC10-DET/6/img_03_4406645900_00009.jpg,data/raw/GC10-DET/lable/img_03_4406645900_00009.xml,6,img_03_4406645900_00009.jpg,5_youban,4,oil_spot,661.0,368.0,1277.0,935.0,616.0,567.0,candidate,
img_03_4406645900_00017,data/raw/GC10-DET/6/img_03_4406645900_00017.jpg,data/raw/GC10-DET/lable/img_03_4406645900_00017.xml,6,img_03_4406645900_00017.jpg,5_youban,4,oil_spot,523.0,873.0,738.0,962.0,215.0,89.0,candidate,
img_03_4406645900_00298,data/raw/GC10-DET/7/img_03_4406645900_00298.jpg,data/raw/GC10-DET/lable/img_03_4406645900_00298.xml,7,img_03_4406645900_00298.jpg,6_siban,5,silk_spot,495.0,68.0,891.0,897.0,396.0,829.0,candidate,
img_03_4406645900_00364,data/raw/GC10-DET/6/img_03_4406645900_00364.jpg,data/raw/GC10-DET/lable/img_03_4406645900_00364.xml,6,img_03_4406645900_00364.jpg,6_siban,5,silk_spot,556.0,60.0,874.0,242.0,318.0,182.0,candidate,
img_03_4406645900_00381,data/raw/GC10-DET/6/img_03_4406645900_00381.jpg,data/raw/GC10-DET/lable/img_03_4406645900_00381.xml,6,img_03_4406645900_00381.jpg,6_siban,5,silk_spot,128.0,165.0,331.0,283.0,203.0,118.0,candidate,
img_03_4406645900_00407,data/raw/GC10-DET/6/img_03_4406645900_00407.jpg,data/raw/GC10-DET/lable/img_03_4406645900_00407.xml,6,img_03_4406645900_00407.jpg,6_siban,5,silk_spot,1191.0,514.0,1462.0,726.0,271.0,212.0,candidate,
img_03_4406645900_00418,data/raw/GC10-DET/6/img_03_4406645900_00418.jpg,data/raw/GC10-DET/lable/img_03_4406645900_00418.xml,6,img_03_4406645900_00418.jpg,6_siban,5,silk_spot,454.0,216.0,669.0,548.0,215.0,332.0,candidate,
img_03_4406645900_00454,data/raw/GC10-DET/6/img_03_4406645900_00454.jpg,data/raw/GC10-DET/lable/img_03_4406645900_00454.xml,6,img_03_4406645900_00454.jpg,6_siban,5,silk_spot,423.0,621.0,846.0,927.0,423.0,306.0,candidate,
img_03_4406645900_00542,data/raw/GC10-DET/6/img_03_4406645900_00542.jpg,data/raw/GC10-DET/lable/img_03_4406645900_00542.xml,6,img_03_4406645900_00542.jpg,6_siban,5,silk_spot,1825.0,301.0,2048.0,567.0,223.0,266.0,candidate,
img_03_4406645900_00544,data/raw/GC10-DET/6/img_03_4406645900_00544.jpg,data/raw/GC10-DET/lable/img_03_4406645900_00544.xml,6,img_03_4406645900_00544.jpg,6_siban,5,silk_spot,330.0,452.0,767.0,899.0,437.0,447.0,candidate,
img_03_4406742300_00001,data/raw/GC10-DET/1/img_03_4406742300_00001.jpg,data/raw/GC10-DET/lable/img_03_4406742300_00001.xml,1,img_03_4406742300_00001.jpg,1_chongkong,0,punching_hole,87.0,1.0,199.0,58.0,112.0,57.0,candidate,
img_03_4406743300_00001,data/raw/GC10-DET/2/img_03_4406743300_00001.jpg,data/raw/GC10-DET/lable/img_03_4406743300_00001.xml,2,img_03_4406743300_00001.jpg,2_hanfeng,1,welding_line,15.0,375.0,2048.0,451.0,2033.0,76.0,candidate,
img_03_4406743300_00001,data/raw/GC10-DET/2/img_03_4406743300_00001.jpg,data/raw/GC10-DET/lable/img_03_4406743300_00001.xml,2,img_03_4406743300_00001.jpg,1_chongkong,0,punching_hole,85.0,544.0,231.0,609.0,146.0,65.0,candidate,
img_03_4406772100_00001,data/raw/GC10-DET/1/img_03_4406772100_00001.jpg,data/raw/GC10-DET/lable/img_03_4406772100_00001.xml,1,img_03_4406772100_00001.jpg,1_chongkong,0,punching_hole,85.0,139.0,197.0,203.0,112.0,64.0,candidate,
img_03_4406783500_00009,data/raw/GC10-DET/9/img_03_4406783500_00009.jpg,data/raw/GC10-DET/lable/img_03_4406783500_00009.xml,9,img_03_4406783500_00009.jpg,9_zhehen,8,crease,1.0,54.0,200.0,184.0,199.0,130.0,candidate,
img_03_4406783500_00009,data/raw/GC10-DET/9/img_03_4406783500_00009.jpg,data/raw/GC10-DET/lable/img_03_4406783500_00009.xml,9,img_03_4406783500_00009.jpg,9_zhehen,8,crease,1.0,354.0,246.0,483.0,245.0,129.0,candidate,
img_03_4406783500_00009,data/raw/GC10-DET/9/img_03_4406783500_00009.jpg,data/raw/GC10-DET/lable/img_03_4406783500_00009.xml,9,img_03_4406783500_00009.jpg,9_zhehen,8,crease,1.0,624.0,372.0,760.0,371.0,136.0,candidate,
img_03_4406846600_00001,data/raw/GC10-DET/1/img_03_4406846600_00001.jpg,data/raw/GC10-DET/lable/img_03_4406846600_00001.xml,1,img_03_4406846600_00001.jpg,1_chongkong,0,punching_hole,62.0,368.0,167.0,445.0,105.0,77.0,candidate,
img_03_4406846600_00001,data/raw/GC10-DET/1/img_03_4406846600_00001.jpg,data/raw/GC10-DET/lable/img_03_4406846600_00001.xml,1,img_03_4406846600_00001.jpg,2_hanfeng,1,welding_line,19.0,184.0,2024.0,273.0,2005.0,89.0,candidate,
img_03_SIS001491_00285,data/raw/GC10-DET/6/img_03_SIS001491_00285.jpg,data/raw/GC10-DET/lable/img_03_SIS001491_00285.xml,6,img_03_SIS001491_00285.jpg,6_siban,5,silk_spot,30.0,103.0,210.0,316.0,180.0,213.0,candidate,
img_03_SIS001491_00361,data/raw/GC10-DET/6/img_03_SIS001491_00361.jpg,data/raw/GC10-DET/lable/img_03_SIS001491_00361.xml,6,img_03_SIS001491_00361.jpg,6_siban,5,silk_spot,1.0,599.0,324.0,927.0,323.0,328.0,candidate,
img_03_SIS001494_00049,data/raw/GC10-DET/6/img_03_SIS001494_00049.jpg,data/raw/GC10-DET/lable/img_03_SIS001494_00049.xml,6,img_03_SIS001494_00049.jpg,6_siban,5,silk_spot,577.0,212.0,1169.0,676.0,592.0,464.0,candidate,
img_03_SIS001533_00036,data/raw/GC10-DET/6/img_03_SIS001533_00036.jpg,data/raw/GC10-DET/lable/img_03_SIS001533_00036.xml,6,img_03_SIS001533_00036.jpg,6_siban,5,silk_spot,190.0,183.0,454.0,373.0,264.0,190.0,candidate,
img_03_SIS001533_00036,data/raw/GC10-DET/6/img_03_SIS001533_00036.jpg,data/raw/GC10-DET/lable/img_03_SIS001533_00036.xml,6,img_03_SIS001533_00036.jpg,6_siban,5,silk_spot,1400.0,219.0,1584.0,404.0,184.0,185.0,candidate,
img_03_SIS001533_00310,data/raw/GC10-DET/6/img_03_SIS001533_00310.jpg,data/raw/GC10-DET/lable/img_03_SIS001533_00310.xml,6,img_03_SIS001533_00310.jpg,6_siban,5,silk_spot,1.0,421.0,236.0,716.0,235.0,295.0,candidate,
img_03_SIS001533_00329,data/raw/GC10-DET/6/img_03_SIS001533_00329.jpg,data/raw/GC10-DET/lable/img_03_SIS001533_00329.xml,6,img_03_SIS001533_00329.jpg,6_siban,5,silk_spot,151.0,25.0,403.0,283.0,252.0,258.0,candidate,
img_03_SIS001540_00771,data/raw/GC10-DET/4/img_03_SIS001540_00771.jpg,data/raw/GC10-DET/lable/img_03_SIS001540_00771.xml,4,img_03_SIS001540_00771.jpg,4_shuiban,3,water_spot,300.0,24.0,610.0,953.0,310.0,929.0,candidate,
img_03_SIS001540_00772,data/raw/GC10-DET/4/img_03_SIS001540_00772.jpg,data/raw/GC10-DET/lable/img_03_SIS001540_00772.xml,4,img_03_SIS001540_00772.jpg,4_shuiban,3,water_spot,271.0,21.0,562.0,986.0,291.0,965.0,candidate,
img_03_SIS001540_00773,data/raw/GC10-DET/4/img_03_SIS001540_00773.jpg,data/raw/GC10-DET/lable/img_03_SIS001540_00773.xml,4,img_03_SIS001540_00773.jpg,4_shuiban,3,water_spot,290.0,7.0,618.0,976.0,328.0,969.0,candidate,
img_03_SIS001540_00775,data/raw/GC10-DET/4/img_03_SIS001540_00775.jpg,data/raw/GC10-DET/lable/img_03_SIS001540_00775.xml,4,img_03_SIS001540_00775.jpg,4_shuiban,3,water_spot,284.0,22.0,588.0,1000.0,304.0,978.0,candidate,
img_03_SIS001540_00776,data/raw/GC10-DET/4/img_03_SIS001540_00776.jpg,data/raw/GC10-DET/lable/img_03_SIS001540_00776.xml,4,img_03_SIS001540_00776.jpg,4_shuiban,3,water_spot,295.0,17.0,599.0,960.0,304.0,943.0,candidate,
img_03_SIS001540_00778,data/raw/GC10-DET/4/img_03_SIS001540_00778.jpg,data/raw/GC10-DET/lable/img_03_SIS001540_00778.xml,4,img_03_SIS001540_00778.jpg,4_shuiban,3,water_spot,261.0,4.0,641.0,994.0,380.0,990.0,candidate,
img_03_SIS001540_00782,data/raw/GC10-DET/4/img_03_SIS001540_00782.jpg,data/raw/GC10-DET/lable/img_03_SIS001540_00782.xml,4,img_03_SIS001540_00782.jpg,4_shuiban,3,water_spot,248.0,58.0,705.0,999.0,457.0,941.0,candidate,
img_03_SIS001540_00785,data/raw/GC10-DET/4/img_03_SIS001540_00785.jpg,data/raw/GC10-DET/lable/img_03_SIS001540_00785.xml,4,img_03_SIS001540_00785.jpg,4_shuiban,3,water_spot,269.0,25.0,584.0,965.0,315.0,940.0,candidate,
img_03_SIS001540_00786,data/raw/GC10-DET/4/img_03_SIS001540_00786.jpg,data/raw/GC10-DET/lable/img_03_SIS001540_00786.xml,4,img_03_SIS001540_00786.jpg,4_shuiban,3,water_spot,258.0,22.0,556.0,966.0,298.0,944.0,candidate,
img_03_SIS001540_00788,data/raw/GC10-DET/4/img_03_SIS001540_00788.jpg,data/raw/GC10-DET/lable/img_03_SIS001540_00788.xml,4,img_03_SIS001540_00788.jpg,4_shuiban,3,water_spot,258.0,48.0,576.0,963.0,318.0,915.0,candidate,
img_03_SIS001540_00789,data/raw/GC10-DET/4/img_03_SIS001540_00789.jpg,data/raw/GC10-DET/lable/img_03_SIS001540_00789.xml,4,img_03_SIS001540_00789.jpg,4_shuiban,3,water_spot,251.0,17.0,631.0,962.0,380.0,945.0,candidate,
img_03_SIS001540_00792,data/raw/GC10-DET/4/img_03_SIS001540_00792.jpg,data/raw/GC10-DET/lable/img_03_SIS001540_00792.xml,4,img_03_SIS001540_00792.jpg,4_shuiban,3,water_spot,264.0,52.0,626.0,973.0,362.0,921.0,candidate,
img_03_SIS001540_00794,data/raw/GC10-DET/4/img_03_SIS001540_00794.jpg,data/raw/GC10-DET/lable/img_03_SIS001540_00794.xml,4,img_03_SIS001540_00794.jpg,4_shuiban,3,water_spot,250.0,49.0,575.0,884.0,325.0,835.0,candidate,
img_03_SIS001540_00798,data/raw/GC10-DET/4/img_03_SIS001540_00798.jpg,data/raw/GC10-DET/lable/img_03_SIS001540_00798.xml,4,img_03_SIS001540_00798.jpg,4_shuiban,3,water_spot,297.0,25.0,656.0,958.0,359.0,933.0,candidate,
img_03_SIS001540_00800,data/raw/GC10-DET/4/img_03_SIS001540_00800.jpg,data/raw/GC10-DET/lable/img_03_SIS001540_00800.xml,4,img_03_SIS001540_00800.jpg,4_shuiban,3,water_spot,310.0,4.0,724.0,1000.0,414.0,996.0,candidate,
img_03_SIS001540_00801,data/raw/GC10-DET/4/img_03_SIS001540_00801.jpg,data/raw/GC10-DET/lable/img_03_SIS001540_00801.xml,4,img_03_SIS001540_00801.jpg,4_shuiban,3,water_spot,264.0,44.0,598.0,1000.0,334.0,956.0,candidate,
img_03_SIS001540_00805,data/raw/GC10-DET/4/img_03_SIS001540_00805.jpg,data/raw/GC10-DET/lable/img_03_SIS001540_00805.xml,4,img_03_SIS001540_00805.jpg,4_shuiban,3,water_spot,264.0,73.0,592.0,1000.0,328.0,927.0,candidate,
img_03_SIS001540_00809,data/raw/GC10-DET/4/img_03_SIS001540_00809.jpg,data/raw/GC10-DET/lable/img_03_SIS001540_00809.xml,4,img_03_SIS001540_00809.jpg,4_shuiban,3,water_spot,241.0,1.0,578.0,949.0,337.0,948.0,candidate,
img_03_SIS001540_00810,data/raw/GC10-DET/4/img_03_SIS001540_00810.jpg,data/raw/GC10-DET/lable/img_03_SIS001540_00810.xml,4,img_03_SIS001540_00810.jpg,4_shuiban,3,water_spot,248.0,32.0,534.0,1000.0,286.0,968.0,candidate,
img_03_SIS001546_00029,data/raw/GC10-DET/5/img_03_SIS001546_00029.jpg,data/raw/GC10-DET/lable/img_03_SIS001546_00029.xml,5,img_03_SIS001546_00029.jpg,5_youban,4,oil_spot,329.0,333.0,652.0,622.0,323.0,289.0,candidate,
img_03_SIS001546_00029,data/raw/GC10-DET/5/img_03_SIS001546_00029.jpg,data/raw/GC10-DET/lable/img_03_SIS001546_00029.xml,5,img_03_SIS001546_00029.jpg,5_youban,4,oil_spot,1272.0,214.0,1645.0,600.0,373.0,386.0,candidate,
img_03_SIS001546_00029,data/raw/GC10-DET/5/img_03_SIS001546_00029.jpg,data/raw/GC10-DET/lable/img_03_SIS001546_00029.xml,5,img_03_SIS001546_00029.jpg,5_youban,4,oil_spot,338.0,62.0,485.0,172.0,147.0,110.0,candidate,
img_03_SIS001546_00029,data/raw/GC10-DET/5/img_03_SIS001546_00029.jpg,data/raw/GC10-DET/lable/img_03_SIS001546_00029.xml,5,img_03_SIS001546_00029.jpg,5_youban,4,oil_spot,517.0,9.0,649.0,187.0,132.0,178.0,candidate,
img_03_SIS001546_00031,data/raw/GC10-DET/5/img_03_SIS001546_00031.jpg,data/raw/GC10-DET/lable/img_03_SIS001546_00031.xml,5,img_03_SIS001546_00031.jpg,5_youban,4,oil_spot,349.0,16.0,399.0,87.0,50.0,71.0,candidate,
img_03_SIS001546_00031,data/raw/GC10-DET/5/img_03_SIS001546_00031.jpg,data/raw/GC10-DET/lable/img_03_SIS001546_00031.xml,5,img_03_SIS001546_00031.jpg,5_youban,4,oil_spot,467.0,5.0,628.0,122.0,161.0,117.0,candidate,
img_03_SIS001546_00031,data/raw/GC10-DET/5/img_03_SIS001546_00031.jpg,data/raw/GC10-DET/lable/img_03_SIS001546_00031.xml,5,img_03_SIS001546_00031.jpg,5_youban,4,oil_spot,315.0,264.0,631.0,564.0,316.0,300.0,candidate,
img_03_SIS001546_00031,data/raw/GC10-DET/5/img_03_SIS001546_00031.jpg,data/raw/GC10-DET/lable/img_03_SIS001546_00031.xml,5,img_03_SIS001546_00031.jpg,5_youban,4,oil_spot,306.0,858.0,656.0,1000.0,350.0,142.0,candidate,
img_03_SIS001546_00031,data/raw/GC10-DET/5/img_03_SIS001546_00031.jpg,data/raw/GC10-DET/lable/img_03_SIS001546_00031.xml,5,img_03_SIS001546_00031.jpg,5_youban,4,oil_spot,1257.0,788.0,1398.0,864.0,141.0,76.0,candidate,
img_03_SIS001546_00031,data/raw/GC10-DET/5/img_03_SIS001546_00031.jpg,data/raw/GC10-DET/lable/img_03_SIS001546_00031.xml,5,img_03_SIS001546_00031.jpg,5_youban,4,oil_spot,1255.0,122.0,1652.0,514.0,397.0,392.0,candidate,
img_03_SIS001546_00041,data/raw/GC10-DET/5/img_03_SIS001546_00041.jpg,data/raw/GC10-DET/lable/img_03_SIS001546_00041.xml,5,img_03_SIS001546_00041.jpg,5_youban,4,oil_spot,265.0,7.0,589.0,261.0,324.0,254.0,candidate,
img_03_SIS001546_00041,data/raw/GC10-DET/5/img_03_SIS001546_00041.jpg,data/raw/GC10-DET/lable/img_03_SIS001546_00041.xml,5,img_03_SIS001546_00041.jpg,5_youban,4,oil_spot,1210.0,2.0,1643.0,223.0,433.0,221.0,candidate,
img_03_SIS001546_00060,data/raw/GC10-DET/5/img_03_SIS001546_00060.jpg,data/raw/GC10-DET/lable/img_03_SIS001546_00060.xml,5,img_03_SIS001546_00060.jpg,5_youban,4,oil_spot,217.0,161.0,572.0,698.0,355.0,537.0,candidate,
img_03_SIS001546_00060,data/raw/GC10-DET/5/img_03_SIS001546_00060.jpg,data/raw/GC10-DET/lable/img_03_SIS001546_00060.xml,5,img_03_SIS001546_00060.jpg,5_youban,4,oil_spot,1195.0,244.0,1550.0,659.0,355.0,415.0,candidate,
img_03_SIS001559_00006,data/raw/GC10-DET/9/img_03_SIS001559_00006.jpg,data/raw/GC10-DET/lable/img_03_SIS001559_00006.xml,9,img_03_SIS001559_00006.jpg,4_shuiban,3,water_spot,741.0,234.0,1382.0,435.0,641.0,201.0,candidate,
img_03_SIS001559_00006,data/raw/GC10-DET/9/img_03_SIS001559_00006.jpg,data/raw/GC10-DET/lable/img_03_SIS001559_00006.xml,9,img_03_SIS001559_00006.jpg,7_yiwu,6,inclusion,590.0,558.0,658.0,684.0,68.0,126.0,candidate,
img_03_SIS001561_01569,data/raw/GC10-DET/3/img_03_SIS001561_01569.jpg,data/raw/GC10-DET/lable/img_03_SIS001561_01569.xml,3,img_03_SIS001561_01569.jpg,2_hanfeng,1,welding_line,1.0,121.0,1712.0,211.0,1711.0,90.0,candidate,
img_03_SIS001561_01569,data/raw/GC10-DET/3/img_03_SIS001561_01569.jpg,data/raw/GC10-DET/lable/img_03_SIS001561_01569.xml,3,img_03_SIS001561_01569.jpg,1_chongkong,0,punching_hole,74.0,275.0,241.0,363.0,167.0,88.0,candidate,
img_03_SIS001561_01569,data/raw/GC10-DET/3/img_03_SIS001561_01569.jpg,data/raw/GC10-DET/lable/img_03_SIS001561_01569.xml,3,img_03_SIS001561_01569.jpg,3_yueyawan,2,crescent_gap,1620.0,1.0,1858.0,475.0,238.0,474.0,candidate,
img_03_SIS001577_00013,data/raw/GC10-DET/6/img_03_SIS001577_00013.jpg,data/raw/GC10-DET/lable/img_03_SIS001577_00013.xml,6,img_03_SIS001577_00013.jpg,6_siban,5,silk_spot,1481.0,58.0,1838.0,439.0,357.0,381.0,candidate,
img_03_SIS001577_00019,data/raw/GC10-DET/6/img_03_SIS001577_00019.jpg,data/raw/GC10-DET/lable/img_03_SIS001577_00019.xml,6,img_03_SIS001577_00019.jpg,6_siban,5,silk_spot,1181.0,73.0,1431.0,298.0,250.0,225.0,candidate,
img_03_SIS001577_00019,data/raw/GC10-DET/6/img_03_SIS001577_00019.jpg,data/raw/GC10-DET/lable/img_03_SIS001577_00019.xml,6,img_03_SIS001577_00019.jpg,6_siban,5,silk_spot,1561.0,358.0,1949.0,629.0,388.0,271.0,candidate,
img_03_SIS001577_00019,data/raw/GC10-DET/6/img_03_SIS001577_00019.jpg,data/raw/GC10-DET/lable/img_03_SIS001577_00019.xml,6,img_03_SIS001577_00019.jpg,6_siban,5,silk_spot,1503.0,663.0,1990.0,873.0,487.0,210.0,candidate,
img_03_SIS001577_00019,data/raw/GC10-DET/6/img_03_SIS001577_00019.jpg,data/raw/GC10-DET/lable/img_03_SIS001577_00019.xml,6,img_03_SIS001577_00019.jpg,6_siban,5,silk_spot,1213.0,509.0,1382.0,676.0,169.0,167.0,candidate,
img_03_SIS001577_00019,data/raw/GC10-DET/6/img_03_SIS001577_00019.jpg,data/raw/GC10-DET/lable/img_03_SIS001577_00019.xml,6,img_03_SIS001577_00019.jpg,6_siban,5,silk_spot,1564.0,34.0,1858.0,278.0,294.0,244.0,candidate,
img_04_3402617700_00395,data/raw/GC10-DET/5/img_04_3402617700_00395.jpg,data/raw/GC10-DET/lable/img_04_3402617700_00395.xml,5,img_04_3402617700_00395.jpg,5_youban,4,oil_spot,24.0,919.0,146.0,1000.0,122.0,81.0,candidate,
img_04_3402617700_01009,data/raw/GC10-DET/3/img_04_3402617700_01009.jpg,data/raw/GC10-DET/lable/img_04_3402617700_01009.xml,3,img_04_3402617700_01009.jpg,3_yueyawan,2,crescent_gap,192.0,317.0,479.0,874.0,287.0,557.0,candidate,
img_04_3402617700_01009,data/raw/GC10-DET/3/img_04_3402617700_01009.jpg,data/raw/GC10-DET/lable/img_04_3402617700_01009.xml,3,img_04_3402617700_01009.jpg,2_hanfeng,1,welding_line,1.0,566.0,285.0,668.0,284.0,102.0,candidate,
img_04_3402618000_00001,data/raw/GC10-DET/3/img_04_3402618000_00001.jpg,data/raw/GC10-DET/lable/img_04_3402618000_00001.xml,3,img_04_3402618000_00001.jpg,3_yueyawan,2,crescent_gap,158.0,850.0,339.0,1000.0,181.0,150.0,candidate,
img_04_3436787300_00002,data/raw/GC10-DET/2/img_04_3436787300_00002.jpg,data/raw/GC10-DET/lable/img_04_3436787300_00002.xml,2,img_04_3436787300_00002.jpg,2_hanfeng,1,welding_line,8.0,747.0,554.0,803.0,546.0,56.0,candidate,
img_04_3436814900_00223,data/raw/GC10-DET/6/img_04_3436814900_00223.jpg,data/raw/GC10-DET/lable/img_04_3436814900_00223.xml,6,img_04_3436814900_00223.jpg,6_siban,5,silk_spot,239.0,523.0,671.0,864.0,432.0,341.0,candidate,
img_04_3436814900_00223,data/raw/GC10-DET/6/img_04_3436814900_00223.jpg,data/raw/GC10-DET/lable/img_04_3436814900_00223.xml,6,img_04_3436814900_00223.jpg,6_siban,5,silk_spot,331.0,245.0,584.0,435.0,253.0,190.0,candidate,
img_04_3437009100_00002,data/raw/GC10-DET/2/img_04_3437009100_00002.jpg,data/raw/GC10-DET/lable/img_04_3437009100_00002.xml,2,img_04_3437009100_00002.jpg,2_hanfeng,1,welding_line,8.0,737.0,1212.0,817.0,1204.0,80.0,candidate,
img_04_424714400_00324,data/raw/GC10-DET/7/img_04_424714400_00324.jpg,data/raw/GC10-DET/lable/img_04_424714400_00324.xml,7,img_04_424714400_00324.jpg,7_yiwu,6,inclusion,5.0,175.0,81.0,244.0,76.0,69.0,candidate,
img_04_424714400_00325,data/raw/GC10-DET/7/img_04_424714400_00325.jpg,data/raw/GC10-DET/lable/img_04_424714400_00325.xml,7,img_04_424714400_00325.jpg,7_yiwu,6,inclusion,23.0,283.0,58.0,327.0,35.0,44.0,candidate,
img_04_424798500_00304,data/raw/GC10-DET/4/img_04_424798500_00304.jpg,data/raw/GC10-DET/lable/img_04_424798500_00304.xml,4,img_04_424798500_00304.jpg,4_shuiban,3,water_spot,336.0,186.0,453.0,562.0,117.0,376.0,candidate,
img_04_424799200_00001,data/raw/GC10-DET/3/img_04_424799200_00001.jpg,data/raw/GC10-DET/lable/img_04_424799200_00001.xml,3,img_04_424799200_00001.jpg,3_yueyawan,2,crescent_gap,223.0,729.0,479.0,1000.0,256.0,271.0,candidate,
img_04_424799300_01133,data/raw/GC10-DET/3/img_04_424799300_01133.jpg,data/raw/GC10-DET/lable/img_04_424799300_01133.xml,3,img_04_424799300_01133.jpg,3_yueyawan,2,crescent_gap,208.0,599.0,532.0,1000.0,324.0,401.0,candidate,
img_04_424799300_01133,data/raw/GC10-DET/3/img_04_424799300_01133.jpg,data/raw/GC10-DET/lable/img_04_424799300_01133.xml,3,img_04_424799300_01133.jpg,2_hanfeng,1,welding_line,7.0,880.0,317.0,948.0,310.0,68.0,candidate,
img_04_424799400_01080,data/raw/GC10-DET/3/img_04_424799400_01080.jpg,data/raw/GC10-DET/lable/img_04_424799400_01080.xml,3,img_04_424799400_01080.jpg,3_yueyawan,2,crescent_gap,267.0,171.0,558.0,766.0,291.0,595.0,candidate,
img_04_424799400_01080,data/raw/GC10-DET/3/img_04_424799400_01080.jpg,data/raw/GC10-DET/lable/img_04_424799400_01080.xml,3,img_04_424799400_01080.jpg,2_hanfeng,1,welding_line,5.0,416.0,354.0,498.0,349.0,82.0,candidate,
img_04_424799600_00001,data/raw/GC10-DET/3/img_04_424799600_00001.jpg,data/raw/GC10-DET/lable/img_04_424799600_00001.xml,3,img_04_424799600_00001.jpg,3_yueyawan,2,crescent_gap,276.0,1.0,584.0,532.0,308.0,531.0,candidate,
img_04_424799600_00001,data/raw/GC10-DET/3/img_04_424799600_00001.jpg,data/raw/GC10-DET/lable/img_04_424799600_00001.xml,3,img_04_424799600_00001.jpg,2_hanfeng,1,welding_line,5.0,147.0,346.0,216.0,341.0,69.0,candidate,
img_04_424825700_00001,data/raw/GC10-DET/3/img_04_424825700_00001.jpg,data/raw/GC10-DET/lable/img_04_424825700_00001.xml,3,img_04_424825700_00001.jpg,3_yueyawan,2,crescent_gap,736.0,762.0,978.0,1000.0,242.0,238.0,candidate,
img_04_424826100_00001,data/raw/GC10-DET/3/img_04_424826100_00001.jpg,data/raw/GC10-DET/lable/img_04_424826100_00001.xml,3,img_04_424826100_00001.jpg,3_yueyawan,2,crescent_gap,695.0,712.0,933.0,1000.0,238.0,288.0,candidate,
img_04_424826100_00528,data/raw/GC10-DET/4/img_04_424826100_00528.jpg,data/raw/GC10-DET/lable/img_04_424826100_00528.xml,4,img_04_424826100_00528.jpg,4_shuiban,3,water_spot,10.0,699.0,112.0,858.0,102.0,159.0,candidate,
img_04_424826800_00003,data/raw/GC10-DET/3/img_04_424826800_00003.jpg,data/raw/GC10-DET/lable/img_04_424826800_00003.xml,3,img_04_424826800_00003.jpg,3_yueyawan,2,crescent_gap,682.0,786.0,933.0,1000.0,251.0,214.0,candidate,
img_04_425003700_00002,data/raw/GC10-DET/3/img_04_425003700_00002.jpg,data/raw/GC10-DET/lable/img_04_425003700_00002.xml,3,img_04_425003700_00002.jpg,3_yueyawan,2,crescent_gap,1.0,87.0,343.0,453.0,342.0,366.0,candidate,
img_04_425005700_00163,data/raw/GC10-DET/6/img_04_425005700_00163.jpg,data/raw/GC10-DET/lable/img_04_425005700_00163.xml,6,img_04_425005700_00163.jpg,6_siban,5,silk_spot,622.0,350.0,1182.0,884.0,560.0,534.0,candidate,
img_04_425005700_00169,data/raw/GC10-DET/6/img_04_425005700_00169.jpg,data/raw/GC10-DET/lable/img_04_425005700_00169.xml,6,img_04_425005700_00169.jpg,6_siban,5,silk_spot,713.0,230.0,1148.0,781.0,435.0,551.0,candidate,
img_04_425237600_00360,data/raw/GC10-DET/4/img_04_425237600_00360.jpg,data/raw/GC10-DET/lable/img_04_425237600_00360.xml,4,img_04_425237600_00360.jpg,4_shuiban,3,water_spot,592.0,775.0,843.0,1000.0,251.0,225.0,candidate,
img_04_425237600_00367,data/raw/GC10-DET/4/img_04_425237600_00367.jpg,data/raw/GC10-DET/lable/img_04_425237600_00367.xml,4,img_04_425237600_00367.jpg,4_shuiban,3,water_spot,528.0,357.0,1015.0,883.0,487.0,526.0,candidate,
img_04_425237600_00408,data/raw/GC10-DET/4/img_04_425237600_00408.jpg,data/raw/GC10-DET/lable/img_04_425237600_00408.xml,4,img_04_425237600_00408.jpg,4_shuiban,3,water_spot,503.0,214.0,946.0,789.0,443.0,575.0,candidate,
img_04_425237800_01032,data/raw/GC10-DET/3/img_04_425237800_01032.jpg,data/raw/GC10-DET/lable/img_04_425237800_01032.xml,3,img_04_425237800_01032.jpg,3_yueyawan,2,crescent_gap,1548.0,1.0,1899.0,265.0,351.0,264.0,candidate,
img_04_425242900_00141,data/raw/GC10-DET/4/img_04_425242900_00141.jpg,data/raw/GC10-DET/lable/img_04_425242900_00141.xml,4,img_04_425242900_00141.jpg,4_shuiban,3,water_spot,1318.0,621.0,1497.0,929.0,179.0,308.0,candidate,
img_04_425242900_00141,data/raw/GC10-DET/4/img_04_425242900_00141.jpg,data/raw/GC10-DET/lable/img_04_425242900_00141.xml,4,img_04_425242900_00141.jpg,6_siban,5,silk_spot,291.0,116.0,1081.0,970.0,790.0,854.0,candidate,
img_04_425243100_00677,data/raw/GC10-DET/6/img_04_425243100_00677.jpg,data/raw/GC10-DET/lable/img_04_425243100_00677.xml,6,img_04_425243100_00677.jpg,6_siban,5,silk_spot,471.0,86.0,1033.0,922.0,562.0,836.0,candidate,
img_04_425243200_00125,data/raw/GC10-DET/6/img_04_425243200_00125.jpg,data/raw/GC10-DET/lable/img_04_425243200_00125.xml,6,img_04_425243200_00125.jpg,6_siban,5,silk_spot,354.0,178.0,800.0,770.0,446.0,592.0,candidate,
img_04_425243200_00438,data/raw/GC10-DET/6/img_04_425243200_00438.jpg,data/raw/GC10-DET/lable/img_04_425243200_00438.xml,6,img_04_425243200_00438.jpg,6_siban,5,silk_spot,387.0,132.0,920.0,753.0,533.0,621.0,candidate,
img_04_425243200_00562,data/raw/GC10-DET/6/img_04_425243200_00562.jpg,data/raw/GC10-DET/lable/img_04_425243200_00562.xml,6,img_04_425243200_00562.jpg,6_siban,5,silk_spot,428.0,84.0,944.0,735.0,516.0,651.0,candidate,
img_04_425243200_00566,data/raw/GC10-DET/6/img_04_425243200_00566.jpg,data/raw/GC10-DET/lable/img_04_425243200_00566.xml,6,img_04_425243200_00566.jpg,6_siban,5,silk_spot,174.0,116.0,884.0,844.0,710.0,728.0,candidate,
img_04_425243200_00567,data/raw/GC10-DET/6/img_04_425243200_00567.jpg,data/raw/GC10-DET/lable/img_04_425243200_00567.xml,6,img_04_425243200_00567.jpg,6_siban,5,silk_spot,315.0,81.0,892.0,903.0,577.0,822.0,candidate,
img_04_425380400_00732,data/raw/GC10-DET/7/img_04_425380400_00732.jpg,data/raw/GC10-DET/lable/img_04_425380400_00732.xml,7,img_04_425380400_00732.jpg,6_siban,5,silk_spot,671.0,24.0,884.0,990.0,213.0,966.0,candidate,
img_04_425380900_00001,data/raw/GC10-DET/2/img_04_425380900_00001.jpg,data/raw/GC10-DET/lable/img_04_425380900_00001.xml,2,img_04_425380900_00001.jpg,2_hanfeng,1,welding_line,7.0,632.0,1582.0,707.0,1575.0,75.0,candidate,
img_04_425382400_00001,data/raw/GC10-DET/2/img_04_425382400_00001.jpg,data/raw/GC10-DET/lable/img_04_425382400_00001.xml,2,img_04_425382400_00001.jpg,2_hanfeng,1,welding_line,5.0,244.0,1367.0,327.0,1362.0,83.0,candidate,
img_04_425382600_00050,data/raw/GC10-DET/7/img_04_425382600_00050.jpg,data/raw/GC10-DET/lable/img_04_425382600_00050.xml,7,img_04_425382600_00050.jpg,7_yiwu,6,inclusion,753.0,369.0,795.0,429.0,42.0,60.0,candidate,
img_04_425382600_00050,data/raw/GC10-DET/7/img_04_425382600_00050.jpg,data/raw/GC10-DET/lable/img_04_425382600_00050.xml,7,img_04_425382600_00050.jpg,7_yiwu,6,inclusion,255.0,514.0,318.0,594.0,63.0,80.0,candidate,
img_04_425391100_00017,data/raw/GC10-DET/2/img_04_425391100_00017.jpg,data/raw/GC10-DET/lable/img_04_425391100_00017.xml,2,img_04_425391100_00017.jpg,2_hanfeng,1,welding_line,8.0,435.0,1372.0,530.0,1364.0,95.0,candidate,
img_04_425391600_00018,data/raw/GC10-DET/2/img_04_425391600_00018.jpg,data/raw/GC10-DET/lable/img_04_425391600_00018.xml,2,img_04_425391600_00018.jpg,2_hanfeng,1,welding_line,8.0,776.0,1367.0,881.0,1359.0,105.0,candidate,
img_04_425392000_00021,data/raw/GC10-DET/7/img_04_425392000_00021.jpg,data/raw/GC10-DET/lable/img_04_425392000_00021.xml,7,img_04_425392000_00021.jpg,7_yiwu,6,inclusion,446.0,491.0,582.0,558.0,136.0,67.0,candidate,
img_04_425392000_00021,data/raw/GC10-DET/7/img_04_425392000_00021.jpg,data/raw/GC10-DET/lable/img_04_425392000_00021.xml,7,img_04_425392000_00021.jpg,6_siban,5,silk_spot,465.0,24.0,675.0,371.0,210.0,347.0,candidate,
img_04_425392100_00022,data/raw/GC10-DET/7/img_04_425392100_00022.jpg,data/raw/GC10-DET/lable/img_04_425392100_00022.xml,7,img_04_425392100_00022.jpg,7_yiwu,6,inclusion,164.0,430.0,243.0,522.0,79.0,92.0,candidate,
img_04_425392100_00022,data/raw/GC10-DET/7/img_04_425392100_00022.jpg,data/raw/GC10-DET/lable/img_04_425392100_00022.xml,7,img_04_425392100_00022.jpg,6_siban,5,silk_spot,273.0,117.0,989.0,812.0,716.0,695.0,candidate,
img_04_425392100_00023,data/raw/GC10-DET/7/img_04_425392100_00023.jpg,data/raw/GC10-DET/lable/img_04_425392100_00023.xml,7,img_04_425392100_00023.jpg,7_yiwu,6,inclusion,1077.0,250.0,1305.0,421.0,228.0,171.0,candidate,
img_04_425392100_00023,data/raw/GC10-DET/7/img_04_425392100_00023.jpg,data/raw/GC10-DET/lable/img_04_425392100_00023.xml,7,img_04_425392100_00023.jpg,6_siban,5,silk_spot,134.0,74.0,1010.0,889.0,876.0,815.0,candidate,
img_04_425392200_00018,data/raw/GC10-DET/2/img_04_425392200_00018.jpg,data/raw/GC10-DET/lable/img_04_425392200_00018.xml,2,img_04_425392200_00018.jpg,2_hanfeng,1,welding_line,10.0,844.0,1164.0,934.0,1154.0,90.0,candidate,
img_04_425392600_00021,data/raw/GC10-DET/7/img_04_425392600_00021.jpg,data/raw/GC10-DET/lable/img_04_425392600_00021.xml,7,img_04_425392600_00021.jpg,7_yiwu,6,inclusion,540.0,427.0,611.0,482.0,71.0,55.0,candidate,
img_04_425501700_00017,data/raw/GC10-DET/3/img_04_425501700_00017.jpg,data/raw/GC10-DET/lable/img_04_425501700_00017.xml,3,img_04_425501700_00017.jpg,3_yueyawan,2,crescent_gap,1467.0,1.0,1705.0,276.0,238.0,275.0,candidate,
img_04_425501700_00018,data/raw/GC10-DET/3/img_04_425501700_00018.jpg,data/raw/GC10-DET/lable/img_04_425501700_00018.xml,3,img_04_425501700_00018.jpg,3_yueyawan,2,crescent_gap,1466.0,698.0,1694.0,1000.0,228.0,302.0,candidate,
img_04_425501800_00017,data/raw/GC10-DET/3/img_04_425501800_00017.jpg,data/raw/GC10-DET/lable/img_04_425501800_00017.xml,3,img_04_425501800_00017.jpg,3_yueyawan,2,crescent_gap,1414.0,1.0,1718.0,463.0,304.0,462.0,candidate,
img_04_425501800_00018,data/raw/GC10-DET/3/img_04_425501800_00018.jpg,data/raw/GC10-DET/lable/img_04_425501800_00018.xml,3,img_04_425501800_00018.jpg,3_yueyawan,2,crescent_gap,1351.0,724.0,1663.0,1000.0,312.0,276.0,candidate,
img_04_425501900_00018,data/raw/GC10-DET/3/img_04_425501900_00018.jpg,data/raw/GC10-DET/lable/img_04_425501900_00018.xml,3,img_04_425501900_00018.jpg,3_yueyawan,2,crescent_gap,1362.0,4.0,1600.0,625.0,238.0,621.0,candidate,
img_04_425501900_00018,data/raw/GC10-DET/3/img_04_425501900_00018.jpg,data/raw/GC10-DET/lable/img_04_425501900_00018.xml,3,img_04_425501900_00018.jpg,2_hanfeng,1,welding_line,15.0,253.0,1472.0,334.0,1457.0,81.0,candidate,
img_04_425502100_00017,data/raw/GC10-DET/3/img_04_425502100_00017.jpg,data/raw/GC10-DET/lable/img_04_425502100_00017.xml,3,img_04_425502100_00017.jpg,3_yueyawan,2,crescent_gap,1136.0,1.0,1513.0,286.0,377.0,285.0,candidate,
img_04_425502100_00018,data/raw/GC10-DET/2/img_04_425502100_00018.jpg,data/raw/GC10-DET/lable/img_04_425502100_00018.xml,2,img_04_425502100_00018.jpg,2_hanfeng,1,welding_line,13.0,873.0,1218.0,944.0,1205.0,71.0,candidate,
img_04_425502300_00017,data/raw/GC10-DET/3/img_04_425502300_00017.jpg,data/raw/GC10-DET/lable/img_04_425502300_00017.xml,3,img_04_425502300_00017.jpg,3_yueyawan,2,crescent_gap,1097.0,1.0,1326.0,252.0,229.0,251.0,candidate,
img_04_425502300_00018,data/raw/GC10-DET/3/img_04_425502300_00018.jpg,data/raw/GC10-DET/lable/img_04_425502300_00018.xml,3,img_04_425502300_00018.jpg,3_yueyawan,2,crescent_gap,1078.0,640.0,1317.0,996.0,239.0,356.0,candidate,
img_04_425502300_00018,data/raw/GC10-DET/3/img_04_425502300_00018.jpg,data/raw/GC10-DET/lable/img_04_425502300_00018.xml,3,img_04_425502300_00018.jpg,2_hanfeng,1,welding_line,2.0,888.0,1123.0,945.0,1121.0,57.0,candidate,
img_04_425502600_00017,data/raw/GC10-DET/3/img_04_425502600_00017.jpg,data/raw/GC10-DET/lable/img_04_425502600_00017.xml,3,img_04_425502600_00017.jpg,3_yueyawan,2,crescent_gap,1069.0,181.0,1384.0,797.0,315.0,616.0,candidate,
img_04_425502600_00017,data/raw/GC10-DET/3/img_04_425502600_00017.jpg,data/raw/GC10-DET/lable/img_04_425502600_00017.xml,3,img_04_425502600_00017.jpg,2_hanfeng,1,welding_line,2.0,399.0,1109.0,465.0,1107.0,66.0,candidate,
img_04_425502700_00016,data/raw/GC10-DET/3/img_04_425502700_00016.jpg,data/raw/GC10-DET/lable/img_04_425502700_00016.xml,3,img_04_425502700_00016.jpg,3_yueyawan,2,crescent_gap,1059.0,1.0,1263.0,232.0,204.0,231.0,candidate,
img_04_425502700_00017,data/raw/GC10-DET/3/img_04_425502700_00017.jpg,data/raw/GC10-DET/lable/img_04_425502700_00017.xml,3,img_04_425502700_00017.jpg,3_yueyawan,2,crescent_gap,989.0,578.0,1253.0,1000.0,264.0,422.0,candidate,
img_04_425502700_00017,data/raw/GC10-DET/3/img_04_425502700_00017.jpg,data/raw/GC10-DET/lable/img_04_425502700_00017.xml,3,img_04_425502700_00017.jpg,2_hanfeng,1,welding_line,12.0,875.0,1133.0,953.0,1121.0,78.0,candidate,
img_04_425503000_00017,data/raw/GC10-DET/3/img_04_425503000_00017.jpg,data/raw/GC10-DET/lable/img_04_425503000_00017.xml,3,img_04_425503000_00017.jpg,3_yueyawan,2,crescent_gap,1062.0,1.0,1333.0,533.0,271.0,532.0,candidate,
img_04_425503000_00017,data/raw/GC10-DET/3/img_04_425503000_00017.jpg,data/raw/GC10-DET/lable/img_04_425503000_00017.xml,3,img_04_425503000_00017.jpg,2_hanfeng,1,welding_line,13.0,227.0,1123.0,291.0,1110.0,64.0,candidate,
img_04_425503200_00019,data/raw/GC10-DET/7/img_04_425503200_00019.jpg,data/raw/GC10-DET/lable/img_04_425503200_00019.xml,7,img_04_425503200_00019.jpg,7_yiwu,6,inclusion,804.0,390.0,885.0,439.0,81.0,49.0,candidate,
img_04_425503500_00018,data/raw/GC10-DET/3/img_04_425503500_00018.jpg,data/raw/GC10-DET/lable/img_04_425503500_00018.xml,3,img_04_425503500_00018.jpg,2_hanfeng,1,welding_line,1.0,490.0,1097.0,593.0,1096.0,103.0,candidate,
img_04_425503500_00018,data/raw/GC10-DET/3/img_04_425503500_00018.jpg,data/raw/GC10-DET/lable/img_04_425503500_00018.xml,3,img_04_425503500_00018.jpg,3_yueyawan,2,crescent_gap,1010.0,183.0,1303.0,819.0,293.0,636.0,candidate,
img_04_425503600_00017,data/raw/GC10-DET/3/img_04_425503600_00017.jpg,data/raw/GC10-DET/lable/img_04_425503600_00017.xml,3,img_04_425503600_00017.jpg,2_hanfeng,1,welding_line,5.0,194.0,1100.0,288.0,1095.0,94.0,candidate,
img_04_425503600_00017,data/raw/GC10-DET/3/img_04_425503600_00017.jpg,data/raw/GC10-DET/lable/img_04_425503600_00017.xml,3,img_04_425503600_00017.jpg,3_yueyawan,2,crescent_gap,1046.0,1.0,1326.0,544.0,280.0,543.0,candidate,
img_04_425503600_00019,data/raw/GC10-DET/5/img_04_425503600_00019.jpg,data/raw/GC10-DET/lable/img_04_425503600_00019.xml,5,img_04_425503600_00019.jpg,5_youban,4,oil_spot,14.0,489.0,668.0,555.0,654.0,66.0,candidate,
img_04_425503600_00019,data/raw/GC10-DET/5/img_04_425503600_00019.jpg,data/raw/GC10-DET/lable/img_04_425503600_00019.xml,5,img_04_425503600_00019.jpg,5_youban,4,oil_spot,829.0,33.0,1140.0,194.0,311.0,161.0,candidate,
img_04_425504800_00018,data/raw/GC10-DET/2/img_04_425504800_00018.jpg,data/raw/GC10-DET/lable/img_04_425504800_00018.xml,2,img_04_425504800_00018.jpg,2_hanfeng,1,welding_line,10.0,394.0,1071.0,491.0,1061.0,97.0,candidate,
img_04_425505000_00018,data/raw/GC10-DET/3/img_04_425505000_00018.jpg,data/raw/GC10-DET/lable/img_04_425505000_00018.xml,3,img_04_425505000_00018.jpg,3_yueyawan,2,crescent_gap,567.0,491.0,858.0,1000.0,291.0,509.0,candidate,
img_04_425505000_00018,data/raw/GC10-DET/3/img_04_425505000_00018.jpg,data/raw/GC10-DET/lable/img_04_425505000_00018.xml,3,img_04_425505000_00018.jpg,2_hanfeng,1,welding_line,12.0,789.0,694.0,865.0,682.0,76.0,candidate,
img_04_425505400_00017,data/raw/GC10-DET/3/img_04_425505400_00017.jpg,data/raw/GC10-DET/lable/img_04_425505400_00017.xml,3,img_04_425505400_00017.jpg,2_hanfeng,1,welding_line,3.0,766.0,669.0,845.0,666.0,79.0,candidate,
img_04_425505400_00017,data/raw/GC10-DET/3/img_04_425505400_00017.jpg,data/raw/GC10-DET/lable/img_04_425505400_00017.xml,3,img_04_425505400_00017.jpg,3_yueyawan,2,crescent_gap,530.0,535.0,876.0,998.0,346.0,463.0,candidate,
img_04_425506300_00019,data/raw/GC10-DET/2/img_04_425506300_00019.jpg,data/raw/GC10-DET/lable/img_04_425506300_00019.xml,2,img_04_425506300_00019.jpg,2_hanfeng,1,welding_line,12.0,876.0,859.0,955.0,847.0,79.0,candidate,
img_04_425508100_00018,data/raw/GC10-DET/2/img_04_425508100_00018.jpg,data/raw/GC10-DET/lable/img_04_425508100_00018.xml,2,img_04_425508100_00018.jpg,2_hanfeng,1,welding_line,2.0,162.0,964.0,257.0,962.0,95.0,candidate,
img_04_425508400_00018,data/raw/GC10-DET/2/img_04_425508400_00018.jpg,data/raw/GC10-DET/lable/img_04_425508400_00018.xml,2,img_04_425508400_00018.jpg,2_hanfeng,1,welding_line,18.0,658.0,849.0,740.0,831.0,82.0,candidate,
img_04_425508600_00017,data/raw/GC10-DET/2/img_04_425508600_00017.jpg,data/raw/GC10-DET/lable/img_04_425508600_00017.xml,2,img_04_425508600_00017.jpg,2_hanfeng,1,welding_line,1.0,214.0,892.0,317.0,891.0,103.0,candidate,
img_04_425608200_00001,data/raw/GC10-DET/3/img_04_425608200_00001.jpg,data/raw/GC10-DET/lable/img_04_425608200_00001.xml,3,img_04_425608200_00001.jpg,2_hanfeng,1,welding_line,10.0,866.0,1502.0,950.0,1492.0,84.0,candidate,
img_04_425608200_00001,data/raw/GC10-DET/3/img_04_425608200_00001.jpg,data/raw/GC10-DET/lable/img_04_425608200_00001.xml,3,img_04_425608200_00001.jpg,3_yueyawan,2,crescent_gap,1338.0,478.0,1728.0,1000.0,390.0,522.0,candidate,
img_04_425609500_00001,data/raw/GC10-DET/3/img_04_425609500_00001.jpg,data/raw/GC10-DET/lable/img_04_425609500_00001.xml,3,img_04_425609500_00001.jpg,2_hanfeng,1,welding_line,10.0,732.0,1223.0,844.0,1213.0,112.0,candidate,
img_04_425609500_00001,data/raw/GC10-DET/3/img_04_425609500_00001.jpg,data/raw/GC10-DET/lable/img_04_425609500_00001.xml,3,img_04_425609500_00001.jpg,3_yueyawan,2,crescent_gap,1076.0,440.0,1424.0,1000.0,348.0,560.0,candidate,
img_04_425613500_00001,data/raw/GC10-DET/3/img_04_425613500_00001.jpg,data/raw/GC10-DET/lable/img_04_425613500_00001.xml,3,img_04_425613500_00001.jpg,3_yueyawan,2,crescent_gap,635.0,1.0,859.0,224.0,224.0,223.0,candidate,
img_04_425613500_00002,data/raw/GC10-DET/3/img_04_425613500_00002.jpg,data/raw/GC10-DET/lable/img_04_425613500_00002.xml,3,img_04_425613500_00002.jpg,3_yueyawan,2,crescent_gap,603.0,645.0,854.0,1000.0,251.0,355.0,candidate,
img_04_425613500_00002,data/raw/GC10-DET/3/img_04_425613500_00002.jpg,data/raw/GC10-DET/lable/img_04_425613500_00002.xml,3,img_04_425613500_00002.jpg,2_hanfeng,1,welding_line,3.0,914.0,689.0,984.0,686.0,70.0,candidate,
img_04_425613500_00311,data/raw/GC10-DET/4/img_04_425613500_00311.jpg,data/raw/GC10-DET/lable/img_04_425613500_00311.xml,4,img_04_425613500_00311.jpg,4_shuiban,3,water_spot,448.0,104.0,771.0,525.0,323.0,421.0,candidate,
img_04_425613700_00585,data/raw/GC10-DET/4/img_04_425613700_00585.jpg,data/raw/GC10-DET/lable/img_04_425613700_00585.xml,4,img_04_425613700_00585.jpg,4_shuiban,3,water_spot,462.0,9.0,613.0,211.0,151.0,202.0,candidate,
img_04_425614600_00001,data/raw/GC10-DET/2/img_04_425614600_00001.jpg,data/raw/GC10-DET/lable/img_04_425614600_00001.xml,2,img_04_425614600_00001.jpg,2_hanfeng,1,welding_line,1.0,225.0,900.0,325.0,899.0,100.0,candidate,
img_04_425616200_00001,data/raw/GC10-DET/3/img_04_425616200_00001.jpg,data/raw/GC10-DET/lable/img_04_425616200_00001.xml,3,img_04_425616200_00001.jpg,3_yueyawan,2,crescent_gap,5.0,558.0,448.0,629.0,443.0,71.0,candidate,
img_04_425616200_00001,data/raw/GC10-DET/3/img_04_425616200_00001.jpg,data/raw/GC10-DET/lable/img_04_425616200_00001.xml,3,img_04_425616200_00001.jpg,3_yueyawan,2,crescent_gap,383.0,302.0,690.0,842.0,307.0,540.0,candidate,
img_04_425616200_00712,data/raw/GC10-DET/3/img_04_425616200_00712.jpg,data/raw/GC10-DET/lable/img_04_425616200_00712.xml,3,img_04_425616200_00712.jpg,3_yueyawan,2,crescent_gap,323.0,216.0,676.0,793.0,353.0,577.0,candidate,
img_04_425616200_00712,data/raw/GC10-DET/3/img_04_425616200_00712.jpg,data/raw/GC10-DET/lable/img_04_425616200_00712.xml,3,img_04_425616200_00712.jpg,2_hanfeng,1,welding_line,8.0,486.0,433.0,583.0,425.0,97.0,candidate,
img_04_425622400_00001,data/raw/GC10-DET/3/img_04_425622400_00001.jpg,data/raw/GC10-DET/lable/img_04_425622400_00001.xml,3,img_04_425622400_00001.jpg,3_yueyawan,2,crescent_gap,138.0,1.0,387.0,293.0,249.0,292.0,candidate,
img_04_425622400_00001,data/raw/GC10-DET/3/img_04_425622400_00001.jpg,data/raw/GC10-DET/lable/img_04_425622400_00001.xml,3,img_04_425622400_00001.jpg,2_hanfeng,1,welding_line,5.0,16.0,212.0,60.0,207.0,44.0,candidate,
img_04_425622400_00002,data/raw/GC10-DET/3/img_04_425622400_00002.jpg,data/raw/GC10-DET/lable/img_04_425622400_00002.xml,3,img_04_425622400_00002.jpg,3_yueyawan,2,crescent_gap,115.0,684.0,369.0,1000.0,254.0,316.0,candidate,
img_04_425637500_00653,data/raw/GC10-DET/2/img_04_425637500_00653.jpg,data/raw/GC10-DET/lable/img_04_425637500_00653.xml,2,img_04_425637500_00653.jpg,2_hanfeng,1,welding_line,7.0,324.0,1290.0,407.0,1283.0,83.0,candidate,
img_04_425637700_00842,data/raw/GC10-DET/3/img_04_425637700_00842.jpg,data/raw/GC10-DET/lable/img_04_425637700_00842.xml,3,img_04_425637700_00842.jpg,3_yueyawan,2,crescent_gap,1190.0,244.0,1482.0,870.0,292.0,626.0,candidate,
img_04_425637700_00842,data/raw/GC10-DET/3/img_04_425637700_00842.jpg,data/raw/GC10-DET/lable/img_04_425637700_00842.xml,3,img_04_425637700_00842.jpg,2_hanfeng,1,welding_line,26.0,539.0,1299.0,619.0,1273.0,80.0,candidate,
img_04_425637800_00890,data/raw/GC10-DET/3/img_04_425637800_00890.jpg,data/raw/GC10-DET/lable/img_04_425637800_00890.xml,3,img_04_425637800_00890.jpg,3_yueyawan,2,crescent_gap,1194.0,1.0,1423.0,262.0,229.0,261.0,candidate,
img_04_425637900_00001,data/raw/GC10-DET/3/img_04_425637900_00001.jpg,data/raw/GC10-DET/lable/img_04_425637900_00001.xml,3,img_04_425637900_00001.jpg,3_yueyawan,2,crescent_gap,1167.0,675.0,1423.0,1000.0,256.0,325.0,candidate,
img_04_425640100_00001,data/raw/GC10-DET/3/img_04_425640100_00001.jpg,data/raw/GC10-DET/lable/img_04_425640100_00001.xml,3,img_04_425640100_00001.jpg,3_yueyawan,2,crescent_gap,1082.0,744.0,1366.0,1000.0,284.0,256.0,candidate,
img_04_425640100_00875,data/raw/GC10-DET/3/img_04_425640100_00875.jpg,data/raw/GC10-DET/lable/img_04_425640100_00875.xml,3,img_04_425640100_00875.jpg,3_yueyawan,2,crescent_gap,1092.0,262.0,1415.0,857.0,323.0,595.0,candidate,
img_04_425640100_00875,data/raw/GC10-DET/3/img_04_425640100_00875.jpg,data/raw/GC10-DET/lable/img_04_425640100_00875.xml,3,img_04_425640100_00875.jpg,2_hanfeng,1,welding_line,12.0,555.0,1174.0,647.0,1162.0,92.0,candidate,
img_04_431854200_00007,data/raw/GC10-DET/5/img_04_431854200_00007.jpg,data/raw/GC10-DET/lable/img_04_431854200_00007.xml,5,img_04_431854200_00007.jpg,5_youban,4,oil_spot,1278.0,5.0,1400.0,241.0,122.0,236.0,candidate,
img_04_431854200_00007,data/raw/GC10-DET/5/img_04_431854200_00007.jpg,data/raw/GC10-DET/lable/img_04_431854200_00007.xml,5,img_04_431854200_00007.jpg,5_youban,4,oil_spot,1458.0,7.0,1564.0,198.0,106.0,191.0,candidate,
img_04_431854200_00007,data/raw/GC10-DET/5/img_04_431854200_00007.jpg,data/raw/GC10-DET/lable/img_04_431854200_00007.xml,5,img_04_431854200_00007.jpg,5_youban,4,oil_spot,1295.0,455.0,1417.0,689.0,122.0,234.0,candidate,
img_04_431854200_00007,data/raw/GC10-DET/5/img_04_431854200_00007.jpg,data/raw/GC10-DET/lable/img_04_431854200_00007.xml,5,img_04_431854200_00007.jpg,5_youban,4,oil_spot,1258.0,807.0,1399.0,939.0,141.0,132.0,candidate,
img_04_431854200_00007,data/raw/GC10-DET/5/img_04_431854200_00007.jpg,data/raw/GC10-DET/lable/img_04_431854200_00007.xml,5,img_04_431854200_00007.jpg,5_youban,4,oil_spot,1482.0,811.0,1563.0,897.0,81.0,86.0,candidate,
img_04_431854200_00007,data/raw/GC10-DET/5/img_04_431854200_00007.jpg,data/raw/GC10-DET/lable/img_04_431854200_00007.xml,5,img_04_431854200_00007.jpg,5_youban,4,oil_spot,1225.0,957.0,1413.0,1000.0,188.0,43.0,candidate,
img_04_431854700_00086,data/raw/GC10-DET/5/img_04_431854700_00086.jpg,data/raw/GC10-DET/lable/img_04_431854700_00086.xml,5,img_04_431854700_00086.jpg,5_youban,4,oil_spot,793.0,12.0,975.0,180.0,182.0,168.0,candidate,
img_04_431854700_00287,data/raw/GC10-DET/5/img_04_431854700_00287.jpg,data/raw/GC10-DET/lable/img_04_431854700_00287.xml,5,img_04_431854700_00287.jpg,5_youban,4,oil_spot,732.0,605.0,945.0,759.0,213.0,154.0,candidate,
img_04_431854700_00287,data/raw/GC10-DET/5/img_04_431854700_00287.jpg,data/raw/GC10-DET/lable/img_04_431854700_00287.xml,5,img_04_431854700_00287.jpg,5_youban,4,oil_spot,225.0,1.0,982.0,570.0,757.0,569.0,candidate,
img_04_431854700_00287,data/raw/GC10-DET/5/img_04_431854700_00287.jpg,data/raw/GC10-DET/lable/img_04_431854700_00287.xml,5,img_04_431854700_00287.jpg,5_youban,4,oil_spot,1035.0,15.0,1264.0,977.0,229.0,962.0,candidate,
img_04_431854700_00385,data/raw/GC10-DET/5/img_04_431854700_00385.jpg,data/raw/GC10-DET/lable/img_04_431854700_00385.xml,5,img_04_431854700_00385.jpg,5_youban,4,oil_spot,686.0,183.0,850.0,370.0,164.0,187.0,candidate,
img_04_431854700_00385,data/raw/GC10-DET/5/img_04_431854700_00385.jpg,data/raw/GC10-DET/lable/img_04_431854700_00385.xml,5,img_04_431854700_00385.jpg,6_siban,5,silk_spot,888.0,66.0,1338.0,968.0,450.0,902.0,candidate,
img_04_431854700_00657,data/raw/GC10-DET/5/img_04_431854700_00657.jpg,data/raw/GC10-DET/lable/img_04_431854700_00657.xml,5,img_04_431854700_00657.jpg,5_youban,4,oil_spot,470.0,140.0,772.0,420.0,302.0,280.0,candidate,
img_04_431854700_00657,data/raw/GC10-DET/5/img_04_431854700_00657.jpg,data/raw/GC10-DET/lable/img_04_431854700_00657.xml,5,img_04_431854700_00657.jpg,6_siban,5,silk_spot,849.0,32.0,1288.0,964.0,439.0,932.0,candidate,
img_04_431854700_00670,data/raw/GC10-DET/5/img_04_431854700_00670.jpg,data/raw/GC10-DET/lable/img_04_431854700_00670.xml,5,img_04_431854700_00670.jpg,5_youban,4,oil_spot,626.0,19.0,846.0,148.0,220.0,129.0,candidate,
img_04_431854700_00670,data/raw/GC10-DET/5/img_04_431854700_00670.jpg,data/raw/GC10-DET/lable/img_04_431854700_00670.xml,5,img_04_431854700_00670.jpg,6_siban,5,silk_spot,893.0,4.0,1340.0,987.0,447.0,983.0,candidate,
img_04_431854700_00686,data/raw/GC10-DET/5/img_04_431854700_00686.jpg,data/raw/GC10-DET/lable/img_04_431854700_00686.xml,5,img_04_431854700_00686.jpg,5_youban,4,oil_spot,986.0,540.0,1200.0,689.0,214.0,149.0,candidate,
img_04_431854700_00686,data/raw/GC10-DET/5/img_04_431854700_00686.jpg,data/raw/GC10-DET/lable/img_04_431854700_00686.xml,5,img_04_431854700_00686.jpg,5_youban,4,oil_spot,1145.0,7.0,1281.0,518.0,136.0,511.0,candidate,
img_04_431854700_00686,data/raw/GC10-DET/5/img_04_431854700_00686.jpg,data/raw/GC10-DET/lable/img_04_431854700_00686.xml,5,img_04_431854700_00686.jpg,5_youban,4,oil_spot,1168.0,719.0,1282.0,995.0,114.0,276.0,candidate,
img_04_431855000_00121,data/raw/GC10-DET/5/img_04_431855000_00121.jpg,data/raw/GC10-DET/lable/img_04_431855000_00121.xml,5,img_04_431855000_00121.jpg,5_youban,4,oil_spot,524.0,26.0,837.0,298.0,313.0,272.0,candidate,
img_04_431855000_00127,data/raw/GC10-DET/5/img_04_431855000_00127.jpg,data/raw/GC10-DET/lable/img_04_431855000_00127.xml,5,img_04_431855000_00127.jpg,5_youban,4,oil_spot,581.0,20.0,763.0,209.0,182.0,189.0,candidate,
img_04_432220200_00001,data/raw/GC10-DET/2/img_04_432220200_00001.jpg,data/raw/GC10-DET/lable/img_04_432220200_00001.xml,2,img_04_432220200_00001.jpg,2_hanfeng,1,welding_line,3.0,671.0,700.0,771.0,697.0,100.0,candidate,
img_04_435974400_00005,data/raw/GC10-DET/5/img_04_435974400_00005.jpg,data/raw/GC10-DET/lable/img_04_435974400_00005.xml,5,img_04_435974400_00005.jpg,5_youban,4,oil_spot,1063.0,382.0,1140.0,470.0,77.0,88.0,candidate,
img_04_435974400_00005,data/raw/GC10-DET/5/img_04_435974400_00005.jpg,data/raw/GC10-DET/lable/img_04_435974400_00005.xml,5,img_04_435974400_00005.jpg,5_youban,4,oil_spot,940.0,598.0,1053.0,702.0,113.0,104.0,candidate,
img_04_436068100_00003,data/raw/GC10-DET/2/img_04_436068100_00003.jpg,data/raw/GC10-DET/lable/img_04_436068100_00003.xml,2,img_04_436068100_00003.jpg,2_hanfeng,1,welding_line,1.0,30.0,823.0,117.0,822.0,87.0,candidate,
img_04_436068100_00077,data/raw/GC10-DET/6/img_04_436068100_00077.jpg,data/raw/GC10-DET/lable/img_04_436068100_00077.xml,6,img_04_436068100_00077.jpg,6_siban,5,silk_spot,41.0,93.0,287.0,819.0,246.0,726.0,candidate,
img_04_436068100_00089,data/raw/GC10-DET/6/img_04_436068100_00089.jpg,data/raw/GC10-DET/lable/img_04_436068100_00089.xml,6,img_04_436068100_00089.jpg,6_siban,5,silk_spot,25.0,55.0,233.0,881.0,208.0,826.0,candidate,
img_04_436068600_00001,data/raw/GC10-DET/3/img_04_436068600_00001.jpg,data/raw/GC10-DET/lable/img_04_436068600_00001.xml,3,img_04_436068600_00001.jpg,2_hanfeng,1,welding_line,7.0,693.0,538.0,766.0,531.0,73.0,candidate,
img_04_436068600_00001,data/raw/GC10-DET/3/img_04_436068600_00001.jpg,data/raw/GC10-DET/lable/img_04_436068600_00001.xml,3,img_04_436068600_00001.jpg,3_yueyawan,2,crescent_gap,451.0,463.0,728.0,1000.0,277.0,537.0,candidate,
img_04_436068700_00001,data/raw/GC10-DET/3/img_04_436068700_00001.jpg,data/raw/GC10-DET/lable/img_04_436068700_00001.xml,3,img_04_436068700_00001.jpg,3_yueyawan,2,crescent_gap,525.0,832.0,712.0,1000.0,187.0,168.0,candidate,
img_04_436162900_00016,data/raw/GC10-DET/4/img_04_436162900_00016.jpg,data/raw/GC10-DET/lable/img_04_436162900_00016.xml,4,img_04_436162900_00016.jpg,4_shuiban,3,water_spot,658.0,6.0,817.0,209.0,159.0,203.0,candidate,
img_04_436163100_00005,data/raw/GC10-DET/5/img_04_436163100_00005.jpg,data/raw/GC10-DET/lable/img_04_436163100_00005.xml,5,img_04_436163100_00005.jpg,5_youban,4,oil_spot,650.0,700.0,827.0,887.0,177.0,187.0,candidate,
img_04_436163100_00005,data/raw/GC10-DET/5/img_04_436163100_00005.jpg,data/raw/GC10-DET/lable/img_04_436163100_00005.xml,5,img_04_436163100_00005.jpg,5_youban,4,oil_spot,586.0,419.0,667.0,683.0,81.0,264.0,candidate,
img_04_436163100_00005,data/raw/GC10-DET/5/img_04_436163100_00005.jpg,data/raw/GC10-DET/lable/img_04_436163100_00005.xml,5,img_04_436163100_00005.jpg,5_youban,4,oil_spot,600.0,266.0,671.0,319.0,71.0,53.0,candidate,
img_04_436163100_00005,data/raw/GC10-DET/5/img_04_436163100_00005.jpg,data/raw/GC10-DET/lable/img_04_436163100_00005.xml,5,img_04_436163100_00005.jpg,5_youban,4,oil_spot,825.0,139.0,903.0,318.0,78.0,179.0,candidate,
img_04_436163100_00006,data/raw/GC10-DET/5/img_04_436163100_00006.jpg,data/raw/GC10-DET/lable/img_04_436163100_00006.xml,5,img_04_436163100_00006.jpg,5_youban,4,oil_spot,633.0,1.0,820.0,129.0,187.0,128.0,candidate,
img_04_436163100_00006,data/raw/GC10-DET/5/img_04_436163100_00006.jpg,data/raw/GC10-DET/lable/img_04_436163100_00006.xml,5,img_04_436163100_00006.jpg,5_youban,4,oil_spot,1.0,502.0,290.0,622.0,289.0,120.0,candidate,
img_04_436163100_00006,data/raw/GC10-DET/5/img_04_436163100_00006.jpg,data/raw/GC10-DET/lable/img_04_436163100_00006.xml,5,img_04_436163100_00006.jpg,5_youban,4,oil_spot,579.0,487.0,746.0,682.0,167.0,195.0,candidate,
img_04_436163100_00006,data/raw/GC10-DET/5/img_04_436163100_00006.jpg,data/raw/GC10-DET/lable/img_04_436163100_00006.xml,5,img_04_436163100_00006.jpg,5_youban,4,oil_spot,796.0,509.0,899.0,707.0,103.0,198.0,candidate,
img_04_436163100_00006,data/raw/GC10-DET/5/img_04_436163100_00006.jpg,data/raw/GC10-DET/lable/img_04_436163100_00006.xml,5,img_04_436163100_00006.jpg,5_youban,4,oil_spot,811.0,777.0,903.0,864.0,92.0,87.0,candidate,
img_04_436163100_00006,data/raw/GC10-DET/5/img_04_436163100_00006.jpg,data/raw/GC10-DET/lable/img_04_436163100_00006.xml,5,img_04_436163100_00006.jpg,5_youban,4,oil_spot,792.0,902.0,890.0,998.0,98.0,96.0,candidate,
img_04_436163100_00006,data/raw/GC10-DET/5/img_04_436163100_00006.jpg,data/raw/GC10-DET/lable/img_04_436163100_00006.xml,5,img_04_436163100_00006.jpg,5_youban,4,oil_spot,14.0,898.0,282.0,994.0,268.0,96.0,candidate,
img_04_436163100_00007,data/raw/GC10-DET/5/img_04_436163100_00007.jpg,data/raw/GC10-DET/lable/img_04_436163100_00007.xml,5,img_04_436163100_00007.jpg,5_youban,4,oil_spot,585.0,127.0,638.0,211.0,53.0,84.0,candidate,
img_04_436163100_00007,data/raw/GC10-DET/5/img_04_436163100_00007.jpg,data/raw/GC10-DET/lable/img_04_436163100_00007.xml,5,img_04_436163100_00007.jpg,5_youban,4,oil_spot,582.0,579.0,671.0,907.0,89.0,328.0,candidate,
img_04_436163100_00007,data/raw/GC10-DET/5/img_04_436163100_00007.jpg,data/raw/GC10-DET/lable/img_04_436163100_00007.xml,5,img_04_436163100_00007.jpg,5_youban,4,oil_spot,652.0,858.0,824.0,1000.0,172.0,142.0,candidate,
img_04_436163100_00008,data/raw/GC10-DET/5/img_04_436163100_00008.jpg,data/raw/GC10-DET/lable/img_04_436163100_00008.xml,5,img_04_436163100_00008.jpg,5_youban,4,oil_spot,597.0,23.0,810.0,447.0,213.0,424.0,candidate,
img_04_436163100_00008,data/raw/GC10-DET/5/img_04_436163100_00008.jpg,data/raw/GC10-DET/lable/img_04_436163100_00008.xml,5,img_04_436163100_00008.jpg,5_youban,4,oil_spot,583.0,897.0,724.0,994.0,141.0,97.0,candidate,
img_04_436163100_00009,data/raw/GC10-DET/5/img_04_436163100_00009.jpg,data/raw/GC10-DET/lable/img_04_436163100_00009.xml,5,img_04_436163100_00009.jpg,5_youban,4,oil_spot,577.0,343.0,733.0,470.0,156.0,127.0,candidate,
img_04_436163100_00009,data/raw/GC10-DET/5/img_04_436163100_00009.jpg,data/raw/GC10-DET/lable/img_04_436163100_00009.xml,5,img_04_436163100_00009.jpg,5_youban,4,oil_spot,568.0,614.0,747.0,711.0,179.0,97.0,candidate,
img_04_436163100_00009,data/raw/GC10-DET/5/img_04_436163100_00009.jpg,data/raw/GC10-DET/lable/img_04_436163100_00009.xml,5,img_04_436163100_00009.jpg,5_youban,4,oil_spot,571.0,752.0,653.0,991.0,82.0,239.0,candidate,
img_04_436163100_00010,data/raw/GC10-DET/5/img_04_436163100_00010.jpg,data/raw/GC10-DET/lable/img_04_436163100_00010.xml,5,img_04_436163100_00010.jpg,5_youban,4,oil_spot,582.0,9.0,665.0,175.0,83.0,166.0,candidate,
img_04_436163100_00010,data/raw/GC10-DET/5/img_04_436163100_00010.jpg,data/raw/GC10-DET/lable/img_04_436163100_00010.xml,5,img_04_436163100_00010.jpg,5_youban,4,oil_spot,636.0,161.0,811.0,584.0,175.0,423.0,candidate,
img_04_436163100_00010,data/raw/GC10-DET/5/img_04_436163100_00010.jpg,data/raw/GC10-DET/lable/img_04_436163100_00010.xml,5,img_04_436163100_00010.jpg,5_youban,4,oil_spot,579.0,589.0,732.0,918.0,153.0,329.0,candidate,
img_04_436163100_00012,data/raw/GC10-DET/5/img_04_436163100_00012.jpg,data/raw/GC10-DET/lable/img_04_436163100_00012.xml,5,img_04_436163100_00012.jpg,5_youban,4,oil_spot,578.0,69.0,636.0,347.0,58.0,278.0,candidate,
img_04_436163100_00012,data/raw/GC10-DET/5/img_04_436163100_00012.jpg,data/raw/GC10-DET/lable/img_04_436163100_00012.xml,5,img_04_436163100_00012.jpg,5_youban,4,oil_spot,647.0,318.0,820.0,780.0,173.0,462.0,candidate,
img_04_436163100_00021,data/raw/GC10-DET/5/img_04_436163100_00021.jpg,data/raw/GC10-DET/lable/img_04_436163100_00021.xml,5,img_04_436163100_00021.jpg,5_youban,4,oil_spot,614.0,612.0,747.0,732.0,133.0,120.0,candidate,
img_04_436163100_00033,data/raw/GC10-DET/5/img_04_436163100_00033.jpg,data/raw/GC10-DET/lable/img_04_436163100_00033.xml,5,img_04_436163100_00033.jpg,5_youban,4,oil_spot,622.0,650.0,729.0,745.0,107.0,95.0,candidate,
img_04_436163100_00033,data/raw/GC10-DET/5/img_04_436163100_00033.jpg,data/raw/GC10-DET/lable/img_04_436163100_00033.xml,5,img_04_436163100_00033.jpg,6_siban,5,silk_spot,3.0,49.0,595.0,807.0,592.0,758.0,candidate,
img_04_436163100_00039,data/raw/GC10-DET/5/img_04_436163100_00039.jpg,data/raw/GC10-DET/lable/img_04_436163100_00039.xml,5,img_04_436163100_00039.jpg,5_youban,4,oil_spot,624.0,648.0,721.0,748.0,97.0,100.0,candidate,
img_04_436163100_00055,data/raw/GC10-DET/5/img_04_436163100_00055.jpg,data/raw/GC10-DET/lable/img_04_436163100_00055.xml,5,img_04_436163100_00055.jpg,5_youban,4,oil_spot,653.0,459.0,763.0,570.0,110.0,111.0,candidate,
img_04_436164000_00006,data/raw/GC10-DET/2/img_04_436164000_00006.jpg,data/raw/GC10-DET/lable/img_04_436164000_00006.xml,2,img_04_436164000_00006.jpg,2_hanfeng,1,welding_line,12.0,625.0,789.0,706.0,777.0,81.0,candidate,
img_04_436165600_00004,data/raw/GC10-DET/2/img_04_436165600_00004.jpg,data/raw/GC10-DET/lable/img_04_436165600_00004.xml,2,img_04_436165600_00004.jpg,2_hanfeng,1,welding_line,12.0,509.0,695.0,593.0,683.0,84.0,candidate,
img_04_4401672100_00003,data/raw/GC10-DET/9/img_04_4401672100_00003.jpg,data/raw/GC10-DET/lable/img_04_4401672100_00003.xml,9,img_04_4401672100_00003.jpg,8_yahen,7,rolled_pit,7.0,355.0,938.0,596.0,931.0,241.0,candidate,
img_04_4401672100_00003,data/raw/GC10-DET/9/img_04_4401672100_00003.jpg,data/raw/GC10-DET/lable/img_04_4401672100_00003.xml,9,img_04_4401672100_00003.jpg,8_yahen,7,rolled_pit,12.0,676.0,926.0,939.0,914.0,263.0,candidate,
img_04_4402116700_00002,data/raw/GC10-DET/9/img_04_4402116700_00002.jpg,data/raw/GC10-DET/lable/img_04_4402116700_00002.xml,9,img_04_4402116700_00002.jpg,9_zhehen,8,crease,71.0,517.0,944.0,629.0,873.0,112.0,candidate,
img_04_4402117000_00004,data/raw/GC10-DET/9/img_04_4402117000_00004.jpg,data/raw/GC10-DET/lable/img_04_4402117000_00004.xml,9,img_04_4402117000_00004.jpg,9_zhehen,8,crease,36.0,255.0,872.0,344.0,836.0,89.0,candidate,
img_04_4402117000_00004,data/raw/GC10-DET/9/img_04_4402117000_00004.jpg,data/raw/GC10-DET/lable/img_04_4402117000_00004.xml,9,img_04_4402117000_00004.jpg,9_zhehen,8,crease,51.0,817.0,858.0,935.0,807.0,118.0,candidate,
img_04_4402117300_00001,data/raw/GC10-DET/2/img_04_4402117300_00001.jpg,data/raw/GC10-DET/lable/img_04_4402117300_00001.xml,2,img_04_4402117300_00001.jpg,2_hanfeng,1,welding_line,18.0,801.0,853.0,903.0,835.0,102.0,candidate,
img_04_4402540800_01484,data/raw/GC10-DET/2/img_04_4402540800_01484.jpg,data/raw/GC10-DET/lable/img_04_4402540800_01484.xml,2,img_04_4402540800_01484.jpg,2_hanfeng,1,welding_line,1.0,537.0,915.0,621.0,914.0,84.0,candidate,
img_04_4402541000_00001,data/raw/GC10-DET/2/img_04_4402541000_00001.jpg,data/raw/GC10-DET/lable/img_04_4402541000_00001.xml,2,img_04_4402541000_00001.jpg,2_hanfeng,1,welding_line,7.0,499.0,887.0,581.0,880.0,82.0,candidate,
img_04_4402622500_00355,data/raw/GC10-DET/7/img_04_4402622500_00355.jpg,data/raw/GC10-DET/lable/img_04_4402622500_00355.xml,7,img_04_4402622500_00355.jpg,7_yiwu,6,inclusion,1044.0,334.0,1090.0,373.0,46.0,39.0,candidate,
img_04_4402622500_00357,data/raw/GC10-DET/7/img_04_4402622500_00357.jpg,data/raw/GC10-DET/lable/img_04_4402622500_00357.xml,7,img_04_4402622500_00357.jpg,7_yiwu,6,inclusion,318.0,599.0,351.0,633.0,33.0,34.0,candidate,
img_04_4402622500_00362,data/raw/GC10-DET/7/img_04_4402622500_00362.jpg,data/raw/GC10-DET/lable/img_04_4402622500_00362.xml,7,img_04_4402622500_00362.jpg,7_yiwu,6,inclusion,409.0,293.0,490.0,375.0,81.0,82.0,candidate,
img_04_4402622500_00362,data/raw/GC10-DET/7/img_04_4402622500_00362.jpg,data/raw/GC10-DET/lable/img_04_4402622500_00362.xml,7,img_04_4402622500_00362.jpg,7_yiwu,6,inclusion,343.0,203.0,433.0,268.0,90.0,65.0,candidate,
img_04_4402622500_00364,data/raw/GC10-DET/7/img_04_4402622500_00364.jpg,data/raw/GC10-DET/lable/img_04_4402622500_00364.xml,7,img_04_4402622500_00364.jpg,7_yiwu,6,inclusion,218.0,34.0,281.0,91.0,63.0,57.0,candidate,
img_04_4402622500_00364,data/raw/GC10-DET/7/img_04_4402622500_00364.jpg,data/raw/GC10-DET/lable/img_04_4402622500_00364.xml,7,img_04_4402622500_00364.jpg,7_yiwu,6,inclusion,64.0,7.0,113.0,45.0,49.0,38.0,candidate,
img_04_4402622500_00364,data/raw/GC10-DET/7/img_04_4402622500_00364.jpg,data/raw/GC10-DET/lable/img_04_4402622500_00364.xml,7,img_04_4402622500_00364.jpg,7_yiwu,6,inclusion,439.0,521.0,526.0,605.0,87.0,84.0,candidate,
img_04_4402622500_00371,data/raw/GC10-DET/7/img_04_4402622500_00371.jpg,data/raw/GC10-DET/lable/img_04_4402622500_00371.xml,7,img_04_4402622500_00371.jpg,7_yiwu,6,inclusion,124.0,269.0,193.0,469.0,69.0,200.0,candidate,
img_04_4402622500_00371,data/raw/GC10-DET/7/img_04_4402622500_00371.jpg,data/raw/GC10-DET/lable/img_04_4402622500_00371.xml,7,img_04_4402622500_00371.jpg,7_yiwu,6,inclusion,123.0,100.0,169.0,218.0,46.0,118.0,candidate,
img_04_4402622500_00373,data/raw/GC10-DET/7/img_04_4402622500_00373.jpg,data/raw/GC10-DET/lable/img_04_4402622500_00373.xml,7,img_04_4402622500_00373.jpg,7_yiwu,6,inclusion,107.0,111.0,167.0,198.0,60.0,87.0,candidate,
img_04_4402622500_00373,data/raw/GC10-DET/7/img_04_4402622500_00373.jpg,data/raw/GC10-DET/lable/img_04_4402622500_00373.xml,7,img_04_4402622500_00373.jpg,7_yiwu,6,inclusion,72.0,495.0,223.0,976.0,151.0,481.0,candidate,
img_04_4402622500_00374,data/raw/GC10-DET/7/img_04_4402622500_00374.jpg,data/raw/GC10-DET/lable/img_04_4402622500_00374.xml,7,img_04_4402622500_00374.jpg,7_yiwu,6,inclusion,81.0,909.0,140.0,1000.0,59.0,91.0,candidate,
img_04_4402622500_00374,data/raw/GC10-DET/7/img_04_4402622500_00374.jpg,data/raw/GC10-DET/lable/img_04_4402622500_00374.xml,7,img_04_4402622500_00374.jpg,7_yiwu,6,inclusion,49.0,18.0,127.0,479.0,78.0,461.0,candidate,
img_04_4402622500_00375,data/raw/GC10-DET/7/img_04_4402622500_00375.jpg,data/raw/GC10-DET/lable/img_04_4402622500_00375.xml,7,img_04_4402622500_00375.jpg,7_yiwu,6,inclusion,140.0,362.0,226.0,462.0,86.0,100.0,candidate,
img_04_4402622500_00375,data/raw/GC10-DET/7/img_04_4402622500_00375.jpg,data/raw/GC10-DET/lable/img_04_4402622500_00375.xml,7,img_04_4402622500_00375.jpg,7_yiwu,6,inclusion,89.0,530.0,146.0,633.0,57.0,103.0,candidate,
img_04_4402622500_00375,data/raw/GC10-DET/7/img_04_4402622500_00375.jpg,data/raw/GC10-DET/lable/img_04_4402622500_00375.xml,7,img_04_4402622500_00375.jpg,7_yiwu,6,inclusion,61.0,753.0,164.0,922.0,103.0,169.0,candidate,
img_04_4402622500_00376,data/raw/GC10-DET/7/img_04_4402622500_00376.jpg,data/raw/GC10-DET/lable/img_04_4402622500_00376.xml,7,img_04_4402622500_00376.jpg,7_yiwu,6,inclusion,3.0,55.0,103.0,554.0,100.0,499.0,candidate,
img_04_4402622500_00376,data/raw/GC10-DET/7/img_04_4402622500_00376.jpg,data/raw/GC10-DET/lable/img_04_4402622500_00376.xml,7,img_04_4402622500_00376.jpg,7_yiwu,6,inclusion,108.0,1.0,193.0,301.0,85.0,300.0,candidate,
img_04_4402622500_00377,data/raw/GC10-DET/7/img_04_4402622500_00377.jpg,data/raw/GC10-DET/lable/img_04_4402622500_00377.xml,7,img_04_4402622500_00377.jpg,7_yiwu,6,inclusion,104.0,828.0,194.0,900.0,90.0,72.0,candidate,
img_04_4402622500_00377,data/raw/GC10-DET/7/img_04_4402622500_00377.jpg,data/raw/GC10-DET/lable/img_04_4402622500_00377.xml,7,img_04_4402622500_00377.jpg,7_yiwu,6,inclusion,40.0,571.0,125.0,697.0,85.0,126.0,candidate,
img_04_4402622500_00378,data/raw/GC10-DET/7/img_04_4402622500_00378.jpg,data/raw/GC10-DET/lable/img_04_4402622500_00378.xml,7,img_04_4402622500_00378.jpg,7_yiwu,6,inclusion,7.0,266.0,132.0,893.0,125.0,627.0,candidate,
img_04_4402766700_00007,data/raw/GC10-DET/9/img_04_4402766700_00007.jpg,data/raw/GC10-DET/lable/img_04_4402766700_00007.xml,9,img_04_4402766700_00007.jpg,9_zhehen,8,crease,12.0,607.0,277.0,688.0,265.0,81.0,candidate,
img_04_4402785000_00001,data/raw/GC10-DET/2/img_04_4402785000_00001.jpg,data/raw/GC10-DET/lable/img_04_4402785000_00001.xml,2,img_04_4402785000_00001.jpg,2_hanfeng,1,welding_line,8.0,809.0,1715.0,916.0,1707.0,107.0,candidate,
img_04_4402787600_00001,data/raw/GC10-DET/2/img_04_4402787600_00001.jpg,data/raw/GC10-DET/lable/img_04_4402787600_00001.xml,2,img_04_4402787600_00001.jpg,2_hanfeng,1,welding_line,5.0,163.0,1017.0,237.0,1012.0,74.0,candidate,
img_04_4402818600_00001,data/raw/GC10-DET/2/img_04_4402818600_00001.jpg,data/raw/GC10-DET/lable/img_04_4402818600_00001.xml,2,img_04_4402818600_00001.jpg,2_hanfeng,1,welding_line,8.0,727.0,531.0,811.0,523.0,84.0,candidate,
img_04_4402831800_01217,data/raw/GC10-DET/2/img_04_4402831800_01217.jpg,data/raw/GC10-DET/lable/img_04_4402831800_01217.xml,2,img_04_4402831800_01217.jpg,2_hanfeng,1,welding_line,1.0,1.0,677.0,93.0,676.0,92.0,candidate,
img_04_4402851900_00001,data/raw/GC10-DET/2/img_04_4402851900_00001.jpg,data/raw/GC10-DET/lable/img_04_4402851900_00001.xml,2,img_04_4402851900_00001.jpg,2_hanfeng,1,welding_line,7.0,527.0,1589.0,601.0,1582.0,74.0,candidate,
img_04_4403453700_00019,data/raw/GC10-DET/8/img_04_4403453700_00019.jpg,data/raw/GC10-DET/lable/img_04_4403453700_00019.xml,8,img_04_4403453700_00019.jpg,8_yahen,7,rolled_pit,133.0,196.0,397.0,324.0,264.0,128.0,candidate,
img_04_4403690400_00005,data/raw/GC10-DET/9/img_04_4403690400_00005.jpg,data/raw/GC10-DET/lable/img_04_4403690400_00005.xml,9,img_04_4403690400_00005.jpg,9_zhehen,8,crease,494.0,432.0,1518.0,770.0,1024.0,338.0,candidate,
img_04_4405001100_00859,data/raw/GC10-DET/4/img_04_4405001100_00859.jpg,data/raw/GC10-DET/lable/img_04_4405001100_00859.xml,4,img_04_4405001100_00859.jpg,4_shuiban,3,water_spot,848.0,117.0,957.0,1000.0,109.0,883.0,candidate,
img_04_4406645900_00001,data/raw/GC10-DET/3/img_04_4406645900_00001.jpg,data/raw/GC10-DET/lable/img_04_4406645900_00001.xml,3,img_04_4406645900_00001.jpg,3_yueyawan,2,crescent_gap,69.0,1.0,372.0,307.0,303.0,306.0,candidate,
img_04_4406645900_00001,data/raw/GC10-DET/3/img_04_4406645900_00001.jpg,data/raw/GC10-DET/lable/img_04_4406645900_00001.xml,3,img_04_4406645900_00001.jpg,2_hanfeng,1,welding_line,1.0,24.0,147.0,79.0,146.0,55.0,candidate,
img_04_4406645900_00002,data/raw/GC10-DET/3/img_04_4406645900_00002.jpg,data/raw/GC10-DET/lable/img_04_4406645900_00002.xml,3,img_04_4406645900_00002.jpg,3_yueyawan,2,crescent_gap,53.0,611.0,385.0,1000.0,332.0,389.0,candidate,
img_04_4406645900_00543,data/raw/GC10-DET/6/img_04_4406645900_00543.jpg,data/raw/GC10-DET/lable/img_04_4406645900_00543.xml,6,img_04_4406645900_00543.jpg,6_siban,5,silk_spot,61.0,365.0,203.0,983.0,142.0,618.0,candidate,
img_04_4406645900_00678,data/raw/GC10-DET/6/img_04_4406645900_00678.jpg,data/raw/GC10-DET/lable/img_04_4406645900_00678.xml,6,img_04_4406645900_00678.jpg,6_siban,5,silk_spot,67.0,471.0,225.0,906.0,158.0,435.0,candidate,
img_04_4406645900_00763,data/raw/GC10-DET/6/img_04_4406645900_00763.jpg,data/raw/GC10-DET/lable/img_04_4406645900_00763.xml,6,img_04_4406645900_00763.jpg,6_siban,5,silk_spot,92.0,165.0,240.0,901.0,148.0,736.0,candidate,
img_04_4406645900_00767,data/raw/GC10-DET/6/img_04_4406645900_00767.jpg,data/raw/GC10-DET/lable/img_04_4406645900_00767.xml,6,img_04_4406645900_00767.jpg,6_siban,5,silk_spot,144.0,581.0,244.0,968.0,100.0,387.0,candidate,
img_04_4406645900_00808,data/raw/GC10-DET/6/img_04_4406645900_00808.jpg,data/raw/GC10-DET/lable/img_04_4406645900_00808.xml,6,img_04_4406645900_00808.jpg,6_siban,5,silk_spot,95.0,132.0,205.0,376.0,110.0,244.0,candidate,
img_04_4406645900_00824,data/raw/GC10-DET/6/img_04_4406645900_00824.jpg,data/raw/GC10-DET/lable/img_04_4406645900_00824.xml,6,img_04_4406645900_00824.jpg,6_siban,5,silk_spot,59.0,124.0,210.0,425.0,151.0,301.0,candidate,
img_04_4406645900_00857,data/raw/GC10-DET/6/img_04_4406645900_00857.jpg,data/raw/GC10-DET/lable/img_04_4406645900_00857.xml,6,img_04_4406645900_00857.jpg,6_siban,5,silk_spot,117.0,550.0,236.0,886.0,119.0,336.0,candidate,
img_04_4406742400_00645,data/raw/GC10-DET/7/img_04_4406742400_00645.jpg,data/raw/GC10-DET/lable/img_04_4406742400_00645.xml,7,img_04_4406742400_00645.jpg,7_yiwu,6,inclusion,559.0,27.0,631.0,73.0,72.0,46.0,candidate,
img_04_4406742400_00684,data/raw/GC10-DET/7/img_04_4406742400_00684.jpg,data/raw/GC10-DET/lable/img_04_4406742400_00684.xml,7,img_04_4406742400_00684.jpg,7_yiwu,6,inclusion,459.0,786.0,554.0,857.0,95.0,71.0,candidate,
img_04_4406743300_00001,data/raw/GC10-DET/3/img_04_4406743300_00001.jpg,data/raw/GC10-DET/lable/img_04_4406743300_00001.xml,3,img_04_4406743300_00001.jpg,2_hanfeng,1,welding_line,20.0,553.0,1149.0,624.0,1129.0,71.0,candidate,
img_04_4406743300_00001,data/raw/GC10-DET/3/img_04_4406743300_00001.jpg,data/raw/GC10-DET/lable/img_04_4406743300_00001.xml,3,img_04_4406743300_00001.jpg,3_yueyawan,2,crescent_gap,1069.0,230.0,1358.0,811.0,289.0,581.0,candidate,
img_04_4406743300_00003,data/raw/GC10-DET/6/img_04_4406743300_00003.jpg,data/raw/GC10-DET/lable/img_04_4406743300_00003.xml,6,img_04_4406743300_00003.jpg,6_siban,5,silk_spot,515.0,65.0,820.0,275.0,305.0,210.0,candidate,
img_04_4406743300_00003,data/raw/GC10-DET/6/img_04_4406743300_00003.jpg,data/raw/GC10-DET/lable/img_04_4406743300_00003.xml,6,img_04_4406743300_00003.jpg,6_siban,5,silk_spot,520.0,589.0,843.0,909.0,323.0,320.0,candidate,
img_04_4406743300_00003,data/raw/GC10-DET/6/img_04_4406743300_00003.jpg,data/raw/GC10-DET/lable/img_04_4406743300_00003.xml,6,img_04_4406743300_00003.jpg,6_siban,5,silk_spot,541.0,391.0,836.0,504.0,295.0,113.0,candidate,
img_04_4406743300_00004,data/raw/GC10-DET/6/img_04_4406743300_00004.jpg,data/raw/GC10-DET/lable/img_04_4406743300_00004.xml,6,img_04_4406743300_00004.jpg,6_siban,5,silk_spot,530.0,252.0,903.0,516.0,373.0,264.0,candidate,
img_04_4406743300_00005,data/raw/GC10-DET/6/img_04_4406743300_00005.jpg,data/raw/GC10-DET/lable/img_04_4406743300_00005.xml,6,img_04_4406743300_00005.jpg,6_siban,5,silk_spot,389.0,398.0,772.0,694.0,383.0,296.0,candidate,
img_04_4406743300_00005,data/raw/GC10-DET/6/img_04_4406743300_00005.jpg,data/raw/GC10-DET/lable/img_04_4406743300_00005.xml,6,img_04_4406743300_00005.jpg,6_siban,5,silk_spot,567.0,47.0,777.0,322.0,210.0,275.0,candidate,
img_04_4406743300_00005,data/raw/GC10-DET/6/img_04_4406743300_00005.jpg,data/raw/GC10-DET/lable/img_04_4406743300_00005.xml,6,img_04_4406743300_00005.jpg,6_siban,5,silk_spot,623.0,706.0,864.0,998.0,241.0,292.0,candidate,
img_04_4406743300_00277,data/raw/GC10-DET/6/img_04_4406743300_00277.jpg,data/raw/GC10-DET/lable/img_04_4406743300_00277.xml,6,img_04_4406743300_00277.jpg,6_siban,5,silk_spot,525.0,168.0,805.0,480.0,280.0,312.0,candidate,
img_04_4406743300_00277,data/raw/GC10-DET/6/img_04_4406743300_00277.jpg,data/raw/GC10-DET/lable/img_04_4406743300_00277.xml,6,img_04_4406743300_00277.jpg,6_siban,5,silk_spot,897.0,289.0,1097.0,599.0,200.0,310.0,candidate,
img_04_4406743300_00277,data/raw/GC10-DET/6/img_04_4406743300_00277.jpg,data/raw/GC10-DET/lable/img_04_4406743300_00277.xml,6,img_04_4406743300_00277.jpg,6_siban,5,silk_spot,569.0,604.0,912.0,884.0,343.0,280.0,candidate,
img_04_4406743300_00592,data/raw/GC10-DET/6/img_04_4406743300_00592.jpg,data/raw/GC10-DET/lable/img_04_4406743300_00592.xml,6,img_04_4406743300_00592.jpg,6_siban,5,silk_spot,648.0,230.0,1066.0,637.0,418.0,407.0,candidate,
img_04_4406743300_00595,data/raw/GC10-DET/6/img_04_4406743300_00595.jpg,data/raw/GC10-DET/lable/img_04_4406743300_00595.xml,6,img_04_4406743300_00595.jpg,6_siban,5,silk_spot,497.0,237.0,913.0,648.0,416.0,411.0,candidate,
img_04_4406743300_00780,data/raw/GC10-DET/6/img_04_4406743300_00780.jpg,data/raw/GC10-DET/lable/img_04_4406743300_00780.xml,6,img_04_4406743300_00780.jpg,6_siban,5,silk_spot,823.0,453.0,1044.0,727.0,221.0,274.0,candidate,
img_04_4406772100_00001,data/raw/GC10-DET/3/img_04_4406772100_00001.jpg,data/raw/GC10-DET/lable/img_04_4406772100_00001.xml,3,img_04_4406772100_00001.jpg,2_hanfeng,1,welding_line,7.0,162.0,367.0,252.0,360.0,90.0,candidate,
img_04_4406772100_00001,data/raw/GC10-DET/3/img_04_4406772100_00001.jpg,data/raw/GC10-DET/lable/img_04_4406772100_00001.xml,3,img_04_4406772100_00001.jpg,3_yueyawan,2,crescent_gap,217.0,6.0,472.0,435.0,255.0,429.0,candidate,
img_04_SIS001577_00009,data/raw/GC10-DET/6/img_04_SIS001577_00009.jpg,data/raw/GC10-DET/lable/img_04_SIS001577_00009.xml,6,img_04_SIS001577_00009.jpg,6_siban,5,silk_spot,674.0,189.0,1040.0,434.0,366.0,245.0,candidate,
img_04_SIS001577_00009,data/raw/GC10-DET/6/img_04_SIS001577_00009.jpg,data/raw/GC10-DET/lable/img_04_SIS001577_00009.xml,6,img_04_SIS001577_00009.jpg,6_siban,5,silk_spot,741.0,589.0,1179.0,876.0,438.0,287.0,candidate,
img_04_SIS001577_00010,data/raw/GC10-DET/6/img_04_SIS001577_00010.jpg,data/raw/GC10-DET/lable/img_04_SIS001577_00010.xml,6,img_04_SIS001577_00010.jpg,6_siban,5,silk_spot,705.0,129.0,1041.0,760.0,336.0,631.0,candidate,
img_04_SIS001577_00010,data/raw/GC10-DET/6/img_04_SIS001577_00010.jpg,data/raw/GC10-DET/lable/img_04_SIS001577_00010.xml,6,img_04_SIS001577_00010.jpg,6_siban,5,silk_spot,1585.0,266.0,1687.0,650.0,102.0,384.0,candidate,
img_04_SIS001577_00012,data/raw/GC10-DET/6/img_04_SIS001577_00012.jpg,data/raw/GC10-DET/lable/img_04_SIS001577_00012.xml,6,img_04_SIS001577_00012.jpg,6_siban,5,silk_spot,554.0,139.0,1003.0,406.0,449.0,267.0,candidate,
img_04_SIS001577_00012,data/raw/GC10-DET/6/img_04_SIS001577_00012.jpg,data/raw/GC10-DET/lable/img_04_SIS001577_00012.xml,6,img_04_SIS001577_00012.jpg,6_siban,5,silk_spot,572.0,458.0,1020.0,848.0,448.0,390.0,candidate,
img_04_SIS001577_00038,data/raw/GC10-DET/6/img_04_SIS001577_00038.jpg,data/raw/GC10-DET/lable/img_04_SIS001577_00038.xml,6,img_04_SIS001577_00038.jpg,6_siban,5,silk_spot,228.0,76.0,540.0,275.0,312.0,199.0,candidate,
img_04_SIS001577_00038,data/raw/GC10-DET/6/img_04_SIS001577_00038.jpg,data/raw/GC10-DET/lable/img_04_SIS001577_00038.xml,6,img_04_SIS001577_00038.jpg,6_siban,5,silk_spot,569.0,48.0,943.0,335.0,374.0,287.0,candidate,
img_04_SIS001577_00038,data/raw/GC10-DET/6/img_04_SIS001577_00038.jpg,data/raw/GC10-DET/lable/img_04_SIS001577_00038.xml,6,img_04_SIS001577_00038.jpg,6_siban,5,silk_spot,241.0,316.0,585.0,584.0,344.0,268.0,candidate,
img_04_SIS001577_00038,data/raw/GC10-DET/6/img_04_SIS001577_00038.jpg,data/raw/GC10-DET/lable/img_04_SIS001577_00038.xml,6,img_04_SIS001577_00038.jpg,6_siban,5,silk_spot,164.0,603.0,851.0,919.0,687.0,316.0,candidate,
img_04_SIS001577_00038,data/raw/GC10-DET/6/img_04_SIS001577_00038.jpg,data/raw/GC10-DET/lable/img_04_SIS001577_00038.xml,6,img_04_SIS001577_00038.jpg,6_siban,5,silk_spot,613.0,378.0,1135.0,624.0,522.0,246.0,candidate,
img_04_SIS001577_00040,data/raw/GC10-DET/6/img_04_SIS001577_00040.jpg,data/raw/GC10-DET/lable/img_04_SIS001577_00040.xml,6,img_04_SIS001577_00040.jpg,6_siban,5,silk_spot,516.0,43.0,1004.0,315.0,488.0,272.0,candidate,
img_04_SIS001577_00040,data/raw/GC10-DET/6/img_04_SIS001577_00040.jpg,data/raw/GC10-DET/lable/img_04_SIS001577_00040.xml,6,img_04_SIS001577_00040.jpg,6_siban,5,silk_spot,149.0,93.0,569.0,286.0,420.0,193.0,candidate,
img_04_SIS001577_00040,data/raw/GC10-DET/6/img_04_SIS001577_00040.jpg,data/raw/GC10-DET/lable/img_04_SIS001577_00040.xml,6,img_04_SIS001577_00040.jpg,6_siban,5,silk_spot,121.0,275.0,821.0,587.0,700.0,312.0,candidate,
img_04_SIS001577_00040,data/raw/GC10-DET/6/img_04_SIS001577_00040.jpg,data/raw/GC10-DET/lable/img_04_SIS001577_00040.xml,6,img_04_SIS001577_00040.jpg,6_siban,5,silk_spot,67.0,527.0,930.0,950.0,863.0,423.0,candidate,
img_04_SIS001577_00045,data/raw/GC10-DET/6/img_04_SIS001577_00045.jpg,data/raw/GC10-DET/lable/img_04_SIS001577_00045.xml,6,img_04_SIS001577_00045.jpg,6_siban,5,silk_spot,259.0,4.0,776.0,268.0,517.0,264.0,candidate,
img_04_SIS001577_00045,data/raw/GC10-DET/6/img_04_SIS001577_00045.jpg,data/raw/GC10-DET/lable/img_04_SIS001577_00045.xml,6,img_04_SIS001577_00045.jpg,6_siban,5,silk_spot,184.0,232.0,841.0,542.0,657.0,310.0,candidate,
img_04_SIS001577_00045,data/raw/GC10-DET/6/img_04_SIS001577_00045.jpg,data/raw/GC10-DET/lable/img_04_SIS001577_00045.xml,6,img_04_SIS001577_00045.jpg,6_siban,5,silk_spot,113.0,473.0,874.0,901.0,761.0,428.0,candidate,
img_04_SIS001577_00046,data/raw/GC10-DET/6/img_04_SIS001577_00046.jpg,data/raw/GC10-DET/lable/img_04_SIS001577_00046.xml,6,img_04_SIS001577_00046.jpg,6_siban,5,silk_spot,249.0,24.0,851.0,263.0,602.0,239.0,candidate,
img_04_SIS001577_00046,data/raw/GC10-DET/6/img_04_SIS001577_00046.jpg,data/raw/GC10-DET/lable/img_04_SIS001577_00046.xml,6,img_04_SIS001577_00046.jpg,6_siban,5,silk_spot,199.0,263.0,887.0,593.0,688.0,330.0,candidate,
img_04_SIS001577_00046,data/raw/GC10-DET/6/img_04_SIS001577_00046.jpg,data/raw/GC10-DET/lable/img_04_SIS001577_00046.xml,6,img_04_SIS001577_00046.jpg,6_siban,5,silk_spot,179.0,603.0,878.0,1000.0,699.0,397.0,candidate,
img_04_SIS001577_00052,data/raw/GC10-DET/6/img_04_SIS001577_00052.jpg,data/raw/GC10-DET/lable/img_04_SIS001577_00052.xml,6,img_04_SIS001577_00052.jpg,6_siban,5,silk_spot,399.0,21.0,1071.0,234.0,672.0,213.0,candidate,
img_04_SIS001577_00052,data/raw/GC10-DET/6/img_04_SIS001577_00052.jpg,data/raw/GC10-DET/lable/img_04_SIS001577_00052.xml,6,img_04_SIS001577_00052.jpg,6_siban,5,silk_spot,331.0,263.0,1181.0,588.0,850.0,325.0,candidate,
img_04_SIS001577_00052,data/raw/GC10-DET/6/img_04_SIS001577_00052.jpg,data/raw/GC10-DET/lable/img_04_SIS001577_00052.xml,6,img_04_SIS001577_00052.jpg,6_siban,5,silk_spot,264.0,616.0,1212.0,986.0,948.0,370.0,candidate,
img_05_3403334300_00854,data/raw/GC10-DET/2/img_05_3403334300_00854.jpg,data/raw/GC10-DET/lable/img_05_3403334300_00854.xml,2,img_05_3403334300_00854.jpg,2_hanfeng,1,welding_line,1030.0,178.0,2048.0,254.0,1018.0,76.0,candidate,
img_05_3403334500_00811,data/raw/GC10-DET/2/img_05_3403334500_00811.jpg,data/raw/GC10-DET/lable/img_05_3403334500_00811.xml,2,img_05_3403334500_00811.jpg,2_hanfeng,1,welding_line,1049.0,353.0,2048.0,434.0,999.0,81.0,candidate,
img_05_3403334600_00682,data/raw/GC10-DET/2/img_05_3403334600_00682.jpg,data/raw/GC10-DET/lable/img_05_3403334600_00682.xml,2,img_05_3403334600_00682.jpg,2_hanfeng,1,welding_line,1135.0,653.0,2048.0,721.0,913.0,68.0,candidate,
img_05_3403334800_00898,data/raw/GC10-DET/2/img_05_3403334800_00898.jpg,data/raw/GC10-DET/lable/img_05_3403334800_00898.xml,2,img_05_3403334800_00898.jpg,2_hanfeng,1,welding_line,1197.0,453.0,2048.0,535.0,851.0,82.0,candidate,
img_05_3436789300_00961,data/raw/GC10-DET/2/img_05_3436789300_00961.jpg,data/raw/GC10-DET/lable/img_05_3436789300_00961.xml,2,img_05_3436789300_00961.jpg,2_hanfeng,1,welding_line,556.0,471.0,2048.0,559.0,1492.0,88.0,candidate,
img_05_424798500_01234,data/raw/GC10-DET/3/img_05_424798500_01234.jpg,data/raw/GC10-DET/lable/img_05_424798500_01234.xml,3,img_05_424798500_01234.jpg,3_yueyawan,2,crescent_gap,1532.0,1.0,1824.0,274.0,292.0,273.0,candidate,
img_05_424798500_01235,data/raw/GC10-DET/3/img_05_424798500_01235.jpg,data/raw/GC10-DET/lable/img_05_424798500_01235.xml,3,img_05_424798500_01235.jpg,3_yueyawan,2,crescent_gap,1574.0,696.0,1790.0,1000.0,216.0,304.0,candidate,
img_05_424799300_01132,data/raw/GC10-DET/3/img_05_424799300_01132.jpg,data/raw/GC10-DET/lable/img_05_424799300_01132.xml,3,img_05_424799300_01132.jpg,3_yueyawan,2,crescent_gap,1651.0,152.0,1897.0,699.0,246.0,547.0,candidate,
img_05_424799300_01132,data/raw/GC10-DET/3/img_05_424799300_01132.jpg,data/raw/GC10-DET/lable/img_05_424799300_01132.xml,3,img_05_424799300_01132.jpg,2_hanfeng,1,welding_line,1825.0,421.0,2048.0,498.0,223.0,77.0,candidate,
img_05_424799400_01079,data/raw/GC10-DET/3/img_05_424799400_01079.jpg,data/raw/GC10-DET/lable/img_05_424799400_01079.xml,3,img_05_424799400_01079.jpg,3_yueyawan,2,crescent_gap,1636.0,3.0,1871.0,193.0,235.0,190.0,candidate,
img_05_424799400_01080,data/raw/GC10-DET/3/img_05_424799400_01080.jpg,data/raw/GC10-DET/lable/img_05_424799400_01080.xml,3,img_05_424799400_01080.jpg,3_yueyawan,2,crescent_gap,1636.0,586.0,1895.0,1000.0,259.0,414.0,candidate,
img_05_424799400_01080,data/raw/GC10-DET/3/img_05_424799400_01080.jpg,data/raw/GC10-DET/lable/img_05_424799400_01080.xml,3,img_05_424799400_01080.jpg,2_hanfeng,1,welding_line,1812.0,848.0,2048.0,911.0,236.0,63.0,candidate,
img_05_424826300_00950,data/raw/GC10-DET/3/img_05_424826300_00950.jpg,data/raw/GC10-DET/lable/img_05_424826300_00950.xml,3,img_05_424826300_00950.jpg,3_yueyawan,2,crescent_gap,1113.0,319.0,1430.0,907.0,317.0,588.0,candidate,
img_05_424826300_00950,data/raw/GC10-DET/3/img_05_424826300_00950.jpg,data/raw/GC10-DET/lable/img_05_424826300_00950.xml,3,img_05_424826300_00950.jpg,2_hanfeng,1,welding_line,1348.0,557.0,2048.0,639.0,700.0,82.0,candidate,
img_05_425243500_00895,data/raw/GC10-DET/7/img_05_425243500_00895.jpg,data/raw/GC10-DET/lable/img_05_425243500_00895.xml,7,img_05_425243500_00895.jpg,7_yiwu,6,inclusion,1289.0,722.0,1446.0,979.0,157.0,257.0,candidate,
img_05_425243500_00898,data/raw/GC10-DET/7/img_05_425243500_00898.jpg,data/raw/GC10-DET/lable/img_05_425243500_00898.xml,7,img_05_425243500_00898.jpg,4_shuiban,3,water_spot,1284.0,16.0,1449.0,860.0,165.0,844.0,candidate,
img_05_425243500_00952,data/raw/GC10-DET/7/img_05_425243500_00952.jpg,data/raw/GC10-DET/lable/img_05_425243500_00952.xml,7,img_05_425243500_00952.jpg,4_shuiban,3,water_spot,1249.0,24.0,1400.0,447.0,151.0,423.0,candidate,
img_05_425243500_00953,data/raw/GC10-DET/7/img_05_425243500_00953.jpg,data/raw/GC10-DET/lable/img_05_425243500_00953.xml,7,img_05_425243500_00953.jpg,4_shuiban,3,water_spot,1202.0,53.0,1435.0,916.0,233.0,863.0,candidate,
img_05_425243500_01096,data/raw/GC10-DET/7/img_05_425243500_01096.jpg,data/raw/GC10-DET/lable/img_05_425243500_01096.xml,7,img_05_425243500_01096.jpg,4_shuiban,3,water_spot,1248.0,22.0,1413.0,480.0,165.0,458.0,candidate,
img_05_425243500_01098,data/raw/GC10-DET/7/img_05_425243500_01098.jpg,data/raw/GC10-DET/lable/img_05_425243500_01098.xml,7,img_05_425243500_01098.jpg,4_shuiban,3,water_spot,1230.0,21.0,1420.0,712.0,190.0,691.0,candidate,
img_05_425243500_01116,data/raw/GC10-DET/7/img_05_425243500_01116.jpg,data/raw/GC10-DET/lable/img_05_425243500_01116.xml,7,img_05_425243500_01116.jpg,4_shuiban,3,water_spot,1184.0,27.0,1467.0,950.0,283.0,923.0,candidate,
img_05_425244300_00741,data/raw/GC10-DET/7/img_05_425244300_00741.jpg,data/raw/GC10-DET/lable/img_05_425244300_00741.xml,7,img_05_425244300_00741.jpg,7_yiwu,6,inclusion,1651.0,348.0,1748.0,995.0,97.0,647.0,candidate,
img_05_425244400_00881,data/raw/GC10-DET/7/img_05_425244400_00881.jpg,data/raw/GC10-DET/lable/img_05_425244400_00881.xml,7,img_05_425244400_00881.jpg,7_yiwu,6,inclusion,1573.0,23.0,1704.0,997.0,131.0,974.0,candidate,
img_05_425391800_00054,data/raw/GC10-DET/3/img_05_425391800_00054.jpg,data/raw/GC10-DET/lable/img_05_425391800_00054.xml,3,img_05_425391800_00054.jpg,3_yueyawan,2,crescent_gap,559.0,35.0,992.0,616.0,433.0,581.0,candidate,
img_05_425391800_00054,data/raw/GC10-DET/3/img_05_425391800_00054.jpg,data/raw/GC10-DET/lable/img_05_425391800_00054.xml,3,img_05_425391800_00054.jpg,2_hanfeng,1,welding_line,900.0,245.0,2048.0,312.0,1148.0,67.0,candidate,
img_05_425392200_00053,data/raw/GC10-DET/3/img_05_425392200_00053.jpg,data/raw/GC10-DET/lable/img_05_425392200_00053.xml,3,img_05_425392200_00053.jpg,3_yueyawan,2,crescent_gap,717.0,191.0,1025.0,717.0,308.0,526.0,candidate,
img_05_425392200_00053,data/raw/GC10-DET/3/img_05_425392200_00053.jpg,data/raw/GC10-DET/lable/img_05_425392200_00053.xml,3,img_05_425392200_00053.jpg,2_hanfeng,1,welding_line,928.0,430.0,2048.0,503.0,1120.0,73.0,candidate,
img_05_425502100_00053,data/raw/GC10-DET/2/img_05_425502100_00053.jpg,data/raw/GC10-DET/lable/img_05_425502100_00053.xml,2,img_05_425502100_00053.jpg,2_hanfeng,1,welding_line,918.0,475.0,2048.0,567.0,1130.0,92.0,candidate,
img_05_425502200_00054,data/raw/GC10-DET/3/img_05_425502200_00054.jpg,data/raw/GC10-DET/lable/img_05_425502200_00054.xml,3,img_05_425502200_00054.jpg,3_yueyawan,2,crescent_gap,715.0,432.0,972.0,1000.0,257.0,568.0,candidate,
img_05_425502200_00054,data/raw/GC10-DET/3/img_05_425502200_00054.jpg,data/raw/GC10-DET/lable/img_05_425502200_00054.xml,3,img_05_425502200_00054.jpg,2_hanfeng,1,welding_line,899.0,647.0,2048.0,737.0,1149.0,90.0,candidate,
img_05_425502300_00026,data/raw/GC10-DET/7/img_05_425502300_00026.jpg,data/raw/GC10-DET/lable/img_05_425502300_00026.xml,7,img_05_425502300_00026.jpg,7_yiwu,6,inclusion,825.0,111.0,882.0,180.0,57.0,69.0,candidate,
img_05_425502300_00026,data/raw/GC10-DET/7/img_05_425502300_00026.jpg,data/raw/GC10-DET/lable/img_05_425502300_00026.xml,7,img_05_425502300_00026.jpg,7_yiwu,6,inclusion,818.0,4.0,864.0,42.0,46.0,38.0,candidate,
img_05_425502300_00026,data/raw/GC10-DET/7/img_05_425502300_00026.jpg,data/raw/GC10-DET/lable/img_05_425502300_00026.xml,7,img_05_425502300_00026.jpg,7_yiwu,6,inclusion,819.0,283.0,908.0,429.0,89.0,146.0,candidate,
img_05_425502300_00053,data/raw/GC10-DET/3/img_05_425502300_00053.jpg,data/raw/GC10-DET/lable/img_05_425502300_00053.xml,3,img_05_425502300_00053.jpg,3_yueyawan,2,crescent_gap,740.0,21.0,1013.0,586.0,273.0,565.0,candidate,
img_05_425502300_00053,data/raw/GC10-DET/3/img_05_425502300_00053.jpg,data/raw/GC10-DET/lable/img_05_425502300_00053.xml,3,img_05_425502300_00053.jpg,2_hanfeng,1,welding_line,918.0,222.0,2048.0,320.0,1130.0,98.0,candidate,
img_05_425502600_00052,data/raw/GC10-DET/3/img_05_425502600_00052.jpg,data/raw/GC10-DET/lable/img_05_425502600_00052.xml,3,img_05_425502600_00052.jpg,3_yueyawan,2,crescent_gap,735.0,1.0,1074.0,317.0,339.0,316.0,candidate,
img_05_425502600_00053,data/raw/GC10-DET/3/img_05_425502600_00053.jpg,data/raw/GC10-DET/lable/img_05_425502600_00053.xml,3,img_05_425502600_00053.jpg,3_yueyawan,2,crescent_gap,810.0,696.0,1057.0,1000.0,247.0,304.0,candidate,
img_05_425502600_00053,data/raw/GC10-DET/3/img_05_425502600_00053.jpg,data/raw/GC10-DET/lable/img_05_425502600_00053.xml,3,img_05_425502600_00053.jpg,2_hanfeng,1,welding_line,985.0,927.0,2048.0,1000.0,1063.0,73.0,candidate,
img_05_425502700_00052,data/raw/GC10-DET/3/img_05_425502700_00052.jpg,data/raw/GC10-DET/lable/img_05_425502700_00052.xml,3,img_05_425502700_00052.jpg,3_yueyawan,2,crescent_gap,792.0,175.0,1092.0,760.0,300.0,585.0,candidate,
img_05_425502700_00052,data/raw/GC10-DET/3/img_05_425502700_00052.jpg,data/raw/GC10-DET/lable/img_05_425502700_00052.xml,3,img_05_425502700_00052.jpg,2_hanfeng,1,welding_line,956.0,412.0,2048.0,492.0,1092.0,80.0,candidate,
img_05_425502900_00052,data/raw/GC10-DET/3/img_05_425502900_00052.jpg,data/raw/GC10-DET/lable/img_05_425502900_00052.xml,3,img_05_425502900_00052.jpg,3_yueyawan,2,crescent_gap,755.0,1.0,1099.0,345.0,344.0,344.0,candidate,
img_05_425502900_00052,data/raw/GC10-DET/3/img_05_425502900_00052.jpg,data/raw/GC10-DET/lable/img_05_425502900_00052.xml,3,img_05_425502900_00052.jpg,2_hanfeng,1,welding_line,997.0,1.0,2046.0,62.0,1049.0,61.0,candidate,
img_05_425502900_00053,data/raw/GC10-DET/3/img_05_425502900_00053.jpg,data/raw/GC10-DET/lable/img_05_425502900_00053.xml,3,img_05_425502900_00053.jpg,3_yueyawan,2,crescent_gap,844.0,706.0,1143.0,1000.0,299.0,294.0,candidate,
img_05_425503200_00065,data/raw/GC10-DET/7/img_05_425503200_00065.jpg,data/raw/GC10-DET/lable/img_05_425503200_00065.xml,7,img_05_425503200_00065.jpg,7_yiwu,6,inclusion,1530.0,825.0,1611.0,900.0,81.0,75.0,candidate,
img_05_425503400_00052,data/raw/GC10-DET/3/img_05_425503400_00052.jpg,data/raw/GC10-DET/lable/img_05_425503400_00052.xml,3,img_05_425503400_00052.jpg,3_yueyawan,2,crescent_gap,846.0,1.0,1102.0,234.0,256.0,233.0,candidate,
img_05_425503400_00053,data/raw/GC10-DET/3/img_05_425503400_00053.jpg,data/raw/GC10-DET/lable/img_05_425503400_00053.xml,3,img_05_425503400_00053.jpg,3_yueyawan,2,crescent_gap,862.0,609.0,1108.0,1000.0,246.0,391.0,candidate,
img_05_425503500_00054,data/raw/GC10-DET/3/img_05_425503500_00054.jpg,data/raw/GC10-DET/lable/img_05_425503500_00054.xml,3,img_05_425503500_00054.jpg,3_yueyawan,2,crescent_gap,808.0,524.0,1109.0,1000.0,301.0,476.0,candidate,
img_05_425503500_00054,data/raw/GC10-DET/3/img_05_425503500_00054.jpg,data/raw/GC10-DET/lable/img_05_425503500_00054.xml,3,img_05_425503500_00054.jpg,2_hanfeng,1,welding_line,1046.0,893.0,2048.0,962.0,1002.0,69.0,candidate,
img_05_425503600_00053,data/raw/GC10-DET/3/img_05_425503600_00053.jpg,data/raw/GC10-DET/lable/img_05_425503600_00053.xml,3,img_05_425503600_00053.jpg,3_yueyawan,2,crescent_gap,808.0,240.0,1103.0,852.0,295.0,612.0,candidate,
img_05_425503600_00053,data/raw/GC10-DET/3/img_05_425503600_00053.jpg,data/raw/GC10-DET/lable/img_05_425503600_00053.xml,3,img_05_425503600_00053.jpg,2_hanfeng,1,welding_line,1017.0,530.0,2048.0,614.0,1031.0,84.0,candidate,
img_05_425503800_00052,data/raw/GC10-DET/3/img_05_425503800_00052.jpg,data/raw/GC10-DET/lable/img_05_425503800_00052.xml,3,img_05_425503800_00052.jpg,3_yueyawan,2,crescent_gap,720.0,1.0,1085.0,327.0,365.0,326.0,candidate,
img_05_425503800_00053,data/raw/GC10-DET/3/img_05_425503800_00053.jpg,data/raw/GC10-DET/lable/img_05_425503800_00053.xml,3,img_05_425503800_00053.jpg,3_yueyawan,2,crescent_gap,864.0,678.0,1071.0,1000.0,207.0,322.0,candidate,
img_05_425504800_00052,data/raw/GC10-DET/3/img_05_425504800_00052.jpg,data/raw/GC10-DET/lable/img_05_425504800_00052.xml,3,img_05_425504800_00052.jpg,3_yueyawan,2,crescent_gap,1077.0,1.0,1741.0,381.0,664.0,380.0,candidate,
img_05_425504900_00057,data/raw/GC10-DET/7/img_05_425504900_00057.jpg,data/raw/GC10-DET/lable/img_05_425504900_00057.xml,7,img_05_425504900_00057.jpg,7_yiwu,6,inclusion,1645.0,146.0,1722.0,215.0,77.0,69.0,candidate,
img_05_425505000_00051,data/raw/GC10-DET/3/img_05_425505000_00051.jpg,data/raw/GC10-DET/lable/img_05_425505000_00051.xml,3,img_05_425505000_00051.jpg,3_yueyawan,2,crescent_gap,1310.0,632.0,1759.0,1000.0,449.0,368.0,candidate,
img_05_425505100_00052,data/raw/GC10-DET/3/img_05_425505100_00052.jpg,data/raw/GC10-DET/lable/img_05_425505100_00052.xml,3,img_05_425505100_00052.jpg,3_yueyawan,2,crescent_gap,1099.0,1.0,1582.0,284.0,483.0,283.0,candidate,
img_05_425505100_00053,data/raw/GC10-DET/3/img_05_425505100_00053.jpg,data/raw/GC10-DET/lable/img_05_425505100_00053.xml,3,img_05_425505100_00053.jpg,3_yueyawan,2,crescent_gap,1305.0,607.0,1497.0,1000.0,192.0,393.0,candidate,
img_05_425505100_00053,data/raw/GC10-DET/3/img_05_425505100_00053.jpg,data/raw/GC10-DET/lable/img_05_425505100_00053.xml,3,img_05_425505100_00053.jpg,2_hanfeng,1,welding_line,1438.0,837.0,2048.0,889.0,610.0,52.0,candidate,
img_05_425505500_00052,data/raw/GC10-DET/3/img_05_425505500_00052.jpg,data/raw/GC10-DET/lable/img_05_425505500_00052.xml,3,img_05_425505500_00052.jpg,3_yueyawan,2,crescent_gap,1170.0,1.0,1835.0,475.0,665.0,474.0,candidate,
img_05_425505500_00053,data/raw/GC10-DET/3/img_05_425505500_00053.jpg,data/raw/GC10-DET/lable/img_05_425505500_00053.xml,3,img_05_425505500_00053.jpg,3_yueyawan,2,crescent_gap,1279.0,209.0,1820.0,1000.0,541.0,791.0,candidate,
img_05_425505500_00053,data/raw/GC10-DET/3/img_05_425505500_00053.jpg,data/raw/GC10-DET/lable/img_05_425505500_00053.xml,3,img_05_425505500_00053.jpg,2_hanfeng,1,welding_line,1754.0,837.0,2048.0,911.0,294.0,74.0,candidate,
img_05_425505900_01176,data/raw/GC10-DET/7/img_05_425505900_01176.jpg,data/raw/GC10-DET/lable/img_05_425505900_01176.xml,7,img_05_425505900_01176.jpg,7_yiwu,6,inclusion,1662.0,857.0,1756.0,914.0,94.0,57.0,candidate,
img_05_425506100_00052,data/raw/GC10-DET/3/img_05_425506100_00052.jpg,data/raw/GC10-DET/lable/img_05_425506100_00052.xml,3,img_05_425506100_00052.jpg,3_yueyawan,2,crescent_gap,1305.0,407.0,1763.0,1000.0,458.0,593.0,candidate,
img_05_425608200_00006,data/raw/GC10-DET/3/img_05_425608200_00006.jpg,data/raw/GC10-DET/lable/img_05_425608200_00006.xml,3,img_05_425608200_00006.jpg,3_yueyawan,2,crescent_gap,474.0,1.0,1103.0,409.0,629.0,408.0,candidate,
img_05_425608200_00007,data/raw/GC10-DET/3/img_05_425608200_00007.jpg,data/raw/GC10-DET/lable/img_05_425608200_00007.xml,3,img_05_425608200_00007.jpg,3_yueyawan,2,crescent_gap,474.0,140.0,1015.0,1000.0,541.0,860.0,candidate,
img_05_425608200_00007,data/raw/GC10-DET/3/img_05_425608200_00007.jpg,data/raw/GC10-DET/lable/img_05_425608200_00007.xml,3,img_05_425608200_00007.jpg,2_hanfeng,1,welding_line,954.0,745.0,2048.0,847.0,1094.0,102.0,candidate,
img_05_425608200_00814,data/raw/GC10-DET/3/img_05_425608200_00814.jpg,data/raw/GC10-DET/lable/img_05_425608200_00814.xml,3,img_05_425608200_00814.jpg,3_yueyawan,2,crescent_gap,464.0,1.0,1087.0,847.0,623.0,846.0,candidate,
img_05_425608200_00814,data/raw/GC10-DET/3/img_05_425608200_00814.jpg,data/raw/GC10-DET/lable/img_05_425608200_00814.xml,3,img_05_425608200_00814.jpg,2_hanfeng,1,welding_line,872.0,180.0,2048.0,286.0,1176.0,106.0,candidate,
img_05_425609500_00001,data/raw/GC10-DET/3/img_05_425609500_00001.jpg,data/raw/GC10-DET/lable/img_05_425609500_00001.xml,3,img_05_425609500_00001.jpg,3_yueyawan,2,crescent_gap,746.0,670.0,986.0,1000.0,240.0,330.0,candidate,
img_05_425609500_00001,data/raw/GC10-DET/3/img_05_425609500_00001.jpg,data/raw/GC10-DET/lable/img_05_425609500_00001.xml,3,img_05_425609500_00001.jpg,2_hanfeng,1,welding_line,948.0,932.0,2048.0,995.0,1100.0,63.0,candidate,
img_05_425613500_00596,data/raw/GC10-DET/3/img_05_425613500_00596.jpg,data/raw/GC10-DET/lable/img_05_425613500_00596.xml,3,img_05_425613500_00596.jpg,3_yueyawan,2,crescent_gap,1182.0,1.0,1543.0,499.0,361.0,498.0,candidate,
img_05_425613500_00596,data/raw/GC10-DET/3/img_05_425613500_00596.jpg,data/raw/GC10-DET/lable/img_05_425613500_00596.xml,3,img_05_425613500_00596.jpg,2_hanfeng,1,welding_line,1420.0,224.0,2048.0,313.0,628.0,89.0,candidate,
img_05_425613800_00787,data/raw/GC10-DET/2/img_05_425613800_00787.jpg,data/raw/GC10-DET/lable/img_05_425613800_00787.xml,2,img_05_425613800_00787.jpg,2_hanfeng,1,welding_line,1285.0,729.0,2048.0,800.0,763.0,71.0,candidate,
img_05_425614600_00001,data/raw/GC10-DET/3/img_05_425614600_00001.jpg,data/raw/GC10-DET/lable/img_05_425614600_00001.xml,3,img_05_425614600_00001.jpg,3_yueyawan,2,crescent_gap,1371.0,783.0,1684.0,1000.0,313.0,217.0,candidate,
img_05_425614600_00470,data/raw/GC10-DET/3/img_05_425614600_00470.jpg,data/raw/GC10-DET/lable/img_05_425614600_00470.xml,3,img_05_425614600_00470.jpg,3_yueyawan,2,crescent_gap,1259.0,1.0,1835.0,468.0,576.0,467.0,candidate,
img_05_425614700_00001,data/raw/GC10-DET/3/img_05_425614700_00001.jpg,data/raw/GC10-DET/lable/img_05_425614700_00001.xml,3,img_05_425614700_00001.jpg,3_yueyawan,2,crescent_gap,1336.0,224.0,1821.0,1000.0,485.0,776.0,candidate,
img_05_425614700_00001,data/raw/GC10-DET/3/img_05_425614700_00001.jpg,data/raw/GC10-DET/lable/img_05_425614700_00001.xml,3,img_05_425614700_00001.jpg,2_hanfeng,1,welding_line,1746.0,834.0,2048.0,900.0,302.0,66.0,candidate,
img_05_425616200_00711,data/raw/GC10-DET/3/img_05_425616200_00711.jpg,data/raw/GC10-DET/lable/img_05_425616200_00711.xml,3,img_05_425616200_00711.jpg,3_yueyawan,2,crescent_gap,1500.0,181.0,1771.0,778.0,271.0,597.0,candidate,
img_05_425616200_00711,data/raw/GC10-DET/3/img_05_425616200_00711.jpg,data/raw/GC10-DET/lable/img_05_425616200_00711.xml,3,img_05_425616200_00711.jpg,2_hanfeng,1,welding_line,1707.0,474.0,2048.0,553.0,341.0,79.0,candidate,
img_05_425622400_00001,data/raw/GC10-DET/3/img_05_425622400_00001.jpg,data/raw/GC10-DET/lable/img_05_425622400_00001.xml,3,img_05_425622400_00001.jpg,3_yueyawan,2,crescent_gap,1776.0,671.0,1982.0,1000.0,206.0,329.0,candidate,
img_05_425637500_00652,data/raw/GC10-DET/3/img_05_425637500_00652.jpg,data/raw/GC10-DET/lable/img_05_425637500_00652.xml,3,img_05_425637500_00652.jpg,3_yueyawan,2,crescent_gap,622.0,34.0,895.0,586.0,273.0,552.0,candidate,
img_05_425637500_00652,data/raw/GC10-DET/3/img_05_425637500_00652.jpg,data/raw/GC10-DET/lable/img_05_425637500_00652.xml,3,img_05_425637500_00652.jpg,2_hanfeng,1,welding_line,817.0,314.0,2048.0,393.0,1231.0,79.0,candidate,
img_05_425637700_00842,data/raw/GC10-DET/3/img_05_425637700_00842.jpg,data/raw/GC10-DET/lable/img_05_425637700_00842.xml,3,img_05_425637700_00842.jpg,3_yueyawan,2,crescent_gap,653.0,240.0,953.0,807.0,300.0,567.0,candidate,
img_05_425637700_00842,data/raw/GC10-DET/3/img_05_425637700_00842.jpg,data/raw/GC10-DET/lable/img_05_425637700_00842.xml,3,img_05_425637700_00842.jpg,2_hanfeng,1,welding_line,872.0,475.0,2048.0,591.0,1176.0,116.0,candidate,
img_05_425637800_00890,data/raw/GC10-DET/3/img_05_425637800_00890.jpg,data/raw/GC10-DET/lable/img_05_425637800_00890.xml,3,img_05_425637800_00890.jpg,3_yueyawan,2,crescent_gap,706.0,1.0,992.0,234.0,286.0,233.0,candidate,
img_05_425637800_00891,data/raw/GC10-DET/3/img_05_425637800_00891.jpg,data/raw/GC10-DET/lable/img_05_425637800_00891.xml,3,img_05_425637800_00891.jpg,3_yueyawan,2,crescent_gap,723.0,604.0,959.0,1000.0,236.0,396.0,candidate,
img_05_425637900_00899,data/raw/GC10-DET/3/img_05_425637900_00899.jpg,data/raw/GC10-DET/lable/img_05_425637900_00899.xml,3,img_05_425637900_00899.jpg,3_yueyawan,2,crescent_gap,667.0,478.0,967.0,1000.0,300.0,522.0,candidate,
img_05_425637900_00899,data/raw/GC10-DET/3/img_05_425637900_00899.jpg,data/raw/GC10-DET/lable/img_05_425637900_00899.xml,3,img_05_425637900_00899.jpg,2_hanfeng,1,welding_line,856.0,712.0,2048.0,802.0,1192.0,90.0,candidate,
img_05_425640000_00634,data/raw/GC10-DET/3/img_05_425640000_00634.jpg,data/raw/GC10-DET/lable/img_05_425640000_00634.xml,3,img_05_425640000_00634.jpg,3_yueyawan,2,crescent_gap,781.0,707.0,1015.0,1000.0,234.0,293.0,candidate,
img_05_425640100_00874,data/raw/GC10-DET/3/img_05_425640100_00874.jpg,data/raw/GC10-DET/lable/img_05_425640100_00874.xml,3,img_05_425640100_00874.jpg,3_yueyawan,2,crescent_gap,740.0,221.0,1012.0,776.0,272.0,555.0,candidate,
img_05_425640100_00874,data/raw/GC10-DET/3/img_05_425640100_00874.jpg,data/raw/GC10-DET/lable/img_05_425640100_00874.xml,3,img_05_425640100_00874.jpg,2_hanfeng,1,welding_line,930.0,483.0,2048.0,580.0,1118.0,97.0,candidate,
img_05_436068100_00002,data/raw/GC10-DET/3/img_05_436068100_00002.jpg,data/raw/GC10-DET/lable/img_05_436068100_00002.xml,3,img_05_436068100_00002.jpg,3_yueyawan,2,crescent_gap,1282.0,1.0,1864.0,545.0,582.0,544.0,candidate,
img_05_436164700_01553,data/raw/GC10-DET/10/img_05_436164700_01553.jpg,data/raw/GC10-DET/lable/img_05_436164700_01553.xml,10,img_05_436164700_01553.jpg,10_yaozhed,9,waist_folding,1587.0,76.0,2030.0,957.0,443.0,881.0,candidate,
img_05_4402542900_01917,data/raw/GC10-DET/2/img_05_4402542900_01917.jpg,data/raw/GC10-DET/lable/img_05_4402542900_01917.xml,2,img_05_4402542900_01917.jpg,2_hanfeng,1,welding_line,1464.0,37.0,2048.0,97.0,584.0,60.0,candidate,
img_05_4402719200_00029,data/raw/GC10-DET/10/img_05_4402719200_00029.jpg,data/raw/GC10-DET/lable/img_05_4402719200_00029.xml,10,img_05_4402719200_00029.jpg,10_yaozhed,9,waist_folding,1302.0,96.0,1951.0,937.0,649.0,841.0,candidate,
img_05_4402766800_00515,data/raw/GC10-DET/4/img_05_4402766800_00515.jpg,data/raw/GC10-DET/lable/img_05_4402766800_00515.xml,4,img_05_4402766800_00515.jpg,4_shuiban,3,water_spot,1831.0,581.0,1966.0,852.0,135.0,271.0,candidate,
img_05_4402826400_01261,data/raw/GC10-DET/9/img_05_4402826400_01261.jpg,data/raw/GC10-DET/lable/img_05_4402826400_01261.xml,9,img_05_4402826400_01261.jpg,9_zhehen,8,crease,551.0,568.0,1094.0,634.0,543.0,66.0,candidate,
img_05_4402826400_01261,data/raw/GC10-DET/9/img_05_4402826400_01261.jpg,data/raw/GC10-DET/lable/img_05_4402826400_01261.xml,9,img_05_4402826400_01261.jpg,9_zhehen,8,crease,554.0,724.0,1205.0,803.0,651.0,79.0,candidate,
img_05_4402826400_01261,data/raw/GC10-DET/9/img_05_4402826400_01261.jpg,data/raw/GC10-DET/lable/img_05_4402826400_01261.xml,9,img_05_4402826400_01261.jpg,9_zhehen,8,crease,536.0,663.0,869.0,714.0,333.0,51.0,candidate,
img_05_4402842500_01044,data/raw/GC10-DET/3/img_05_4402842500_01044.jpg,data/raw/GC10-DET/lable/img_05_4402842500_01044.xml,3,img_05_4402842500_01044.jpg,3_yueyawan,2,crescent_gap,1500.0,1.0,1995.0,1000.0,495.0,999.0,candidate,
img_05_4403831800_00930,data/raw/GC10-DET/9/img_05_4403831800_00930.jpg,data/raw/GC10-DET/lable/img_05_4403831800_00930.xml,9,img_05_4403831800_00930.jpg,9_zhehen,8,crease,1567.0,173.0,2028.0,293.0,461.0,120.0,candidate,
img_05_4405228100_00452,data/raw/GC10-DET/9/img_05_4405228100_00452.jpg,data/raw/GC10-DET/lable/img_05_4405228100_00452.xml,9,img_05_4405228100_00452.jpg,9_zhehen,8,crease,1240.0,399.0,1907.0,489.0,667.0,90.0,candidate,
img_05_4405356600_00896,data/raw/GC10-DET/2/img_05_4405356600_00896.jpg,data/raw/GC10-DET/lable/img_05_4405356600_00896.xml,2,img_05_4405356600_00896.jpg,2_hanfeng,1,welding_line,779.0,27.0,2048.0,103.0,1269.0,76.0,candidate,
img_05_4405356800_00902,data/raw/GC10-DET/2/img_05_4405356800_00902.jpg,data/raw/GC10-DET/lable/img_05_4405356800_00902.xml,2,img_05_4405356800_00902.jpg,2_hanfeng,1,welding_line,769.0,816.0,2048.0,897.0,1279.0,81.0,candidate,
img_05_4405381400_00774,data/raw/GC10-DET/9/img_05_4405381400_00774.jpg,data/raw/GC10-DET/lable/img_05_4405381400_00774.xml,9,img_05_4405381400_00774.jpg,9_zhehen,8,crease,1303.0,537.0,1981.0,665.0,678.0,128.0,candidate,
img_05_4406425700_00001,data/raw/GC10-DET/2/img_05_4406425700_00001.jpg,data/raw/GC10-DET/lable/img_05_4406425700_00001.xml,2,img_05_4406425700_00001.jpg,2_hanfeng,1,welding_line,1630.0,506.0,2048.0,568.0,418.0,62.0,candidate,
img_05_4406562900_00008,data/raw/GC10-DET/7/img_05_4406562900_00008.jpg,data/raw/GC10-DET/lable/img_05_4406562900_00008.xml,7,img_05_4406562900_00008.jpg,4_shuiban,3,water_spot,1833.0,9.0,2040.0,827.0,207.0,818.0,candidate,
img_05_4406562900_00008,data/raw/GC10-DET/7/img_05_4406562900_00008.jpg,data/raw/GC10-DET/lable/img_05_4406562900_00008.xml,7,img_05_4406562900_00008.jpg,4_shuiban,3,water_spot,1641.0,9.0,1711.0,990.0,70.0,981.0,candidate,
img_05_4406645900_00001,data/raw/GC10-DET/3/img_05_4406645900_00001.jpg,data/raw/GC10-DET/lable/img_05_4406645900_00001.xml,3,img_05_4406645900_00001.jpg,3_yueyawan,2,crescent_gap,1812.0,1.0,2048.0,325.0,236.0,324.0,candidate,
img_05_4406645900_00038,data/raw/GC10-DET/6/img_05_4406645900_00038.jpg,data/raw/GC10-DET/lable/img_05_4406645900_00038.xml,6,img_05_4406645900_00038.jpg,6_siban,5,silk_spot,1835.0,476.0,2005.0,858.0,170.0,382.0,candidate,
img_05_4406645900_00040,data/raw/GC10-DET/6/img_05_4406645900_00040.jpg,data/raw/GC10-DET/lable/img_05_4406645900_00040.xml,6,img_05_4406645900_00040.jpg,6_siban,5,silk_spot,1843.0,629.0,2019.0,1000.0,176.0,371.0,candidate,
img_05_4406645900_00042,data/raw/GC10-DET/6/img_05_4406645900_00042.jpg,data/raw/GC10-DET/lable/img_05_4406645900_00042.xml,6,img_05_4406645900_00042.jpg,6_siban,5,silk_spot,1825.0,561.0,1982.0,914.0,157.0,353.0,candidate,
img_05_4406645900_00043,data/raw/GC10-DET/6/img_05_4406645900_00043.jpg,data/raw/GC10-DET/lable/img_05_4406645900_00043.xml,6,img_05_4406645900_00043.jpg,6_siban,5,silk_spot,1840.0,570.0,2028.0,948.0,188.0,378.0,candidate,
img_05_4406645900_00044,data/raw/GC10-DET/6/img_05_4406645900_00044.jpg,data/raw/GC10-DET/lable/img_05_4406645900_00044.xml,6,img_05_4406645900_00044.jpg,6_siban,5,silk_spot,1843.0,468.0,1977.0,847.0,134.0,379.0,candidate,
img_05_4406645900_00121,data/raw/GC10-DET/6/img_05_4406645900_00121.jpg,data/raw/GC10-DET/lable/img_05_4406645900_00121.xml,6,img_05_4406645900_00121.jpg,6_siban,5,silk_spot,1841.0,1.0,1990.0,257.0,149.0,256.0,candidate,
img_05_4406645900_00563,data/raw/GC10-DET/6/img_05_4406645900_00563.jpg,data/raw/GC10-DET/lable/img_05_4406645900_00563.xml,6,img_05_4406645900_00563.jpg,6_siban,5,silk_spot,1844.0,55.0,1982.0,1000.0,138.0,945.0,candidate,
img_05_4406645900_00585,data/raw/GC10-DET/6/img_05_4406645900_00585.jpg,data/raw/GC10-DET/lable/img_05_4406645900_00585.xml,6,img_05_4406645900_00585.jpg,6_siban,5,silk_spot,1838.0,1.0,2043.0,147.0,205.0,146.0,candidate,
img_05_4406645900_00591,data/raw/GC10-DET/6/img_05_4406645900_00591.jpg,data/raw/GC10-DET/lable/img_05_4406645900_00591.xml,6,img_05_4406645900_00591.jpg,6_siban,5,silk_spot,1843.0,335.0,2038.0,827.0,195.0,492.0,candidate,
img_05_4406743300_00001,data/raw/GC10-DET/3/img_05_4406743300_00001.jpg,data/raw/GC10-DET/lable/img_05_4406743300_00001.xml,3,img_05_4406743300_00001.jpg,3_yueyawan,2,crescent_gap,759.0,227.0,1022.0,778.0,263.0,551.0,candidate,
img_05_4406743300_00001,data/raw/GC10-DET/3/img_05_4406743300_00001.jpg,data/raw/GC10-DET/lable/img_05_4406743300_00001.xml,3,img_05_4406743300_00001.jpg,2_hanfeng,1,welding_line,944.0,530.0,2048.0,626.0,1104.0,96.0,candidate,
img_05_4406743300_00371,data/raw/GC10-DET/6/img_05_4406743300_00371.jpg,data/raw/GC10-DET/lable/img_05_4406743300_00371.xml,6,img_05_4406743300_00371.jpg,6_siban,5,silk_spot,1128.0,288.0,1371.0,921.0,243.0,633.0,candidate,
img_05_4406743300_00373,data/raw/GC10-DET/6/img_05_4406743300_00373.jpg,data/raw/GC10-DET/lable/img_05_4406743300_00373.xml,6,img_05_4406743300_00373.jpg,6_siban,5,silk_spot,1046.0,104.0,1376.0,924.0,330.0,820.0,candidate,
img_05_4406743300_00374,data/raw/GC10-DET/6/img_05_4406743300_00374.jpg,data/raw/GC10-DET/lable/img_05_4406743300_00374.xml,6,img_05_4406743300_00374.jpg,6_siban,5,silk_spot,1095.0,198.0,1322.0,909.0,227.0,711.0,candidate,
img_05_4406743300_00377,data/raw/GC10-DET/6/img_05_4406743300_00377.jpg,data/raw/GC10-DET/lable/img_05_4406743300_00377.xml,6,img_05_4406743300_00377.jpg,6_siban,5,silk_spot,1061.0,124.0,1323.0,939.0,262.0,815.0,candidate,
img_05_4406743300_00382,data/raw/GC10-DET/6/img_05_4406743300_00382.jpg,data/raw/GC10-DET/lable/img_05_4406743300_00382.xml,6,img_05_4406743300_00382.jpg,6_siban,5,silk_spot,1094.0,184.0,1294.0,832.0,200.0,648.0,candidate,
img_05_4406743300_00384,data/raw/GC10-DET/6/img_05_4406743300_00384.jpg,data/raw/GC10-DET/lable/img_05_4406743300_00384.xml,6,img_05_4406743300_00384.jpg,6_siban,5,silk_spot,1028.0,44.0,1313.0,858.0,285.0,814.0,candidate,
img_05_4406743300_00390,data/raw/GC10-DET/6/img_05_4406743300_00390.jpg,data/raw/GC10-DET/lable/img_05_4406743300_00390.xml,6,img_05_4406743300_00390.jpg,6_siban,5,silk_spot,1041.0,86.0,1313.0,878.0,272.0,792.0,candidate,
img_05_4406743300_00391,data/raw/GC10-DET/6/img_05_4406743300_00391.jpg,data/raw/GC10-DET/lable/img_05_4406743300_00391.xml,6,img_05_4406743300_00391.jpg,6_siban,5,silk_spot,1051.0,134.0,1359.0,939.0,308.0,805.0,candidate,
img_05_4406743300_00400,data/raw/GC10-DET/6/img_05_4406743300_00400.jpg,data/raw/GC10-DET/lable/img_05_4406743300_00400.xml,6,img_05_4406743300_00400.jpg,6_siban,5,silk_spot,1059.0,42.0,1410.0,921.0,351.0,879.0,candidate,
img_05_4406743300_00401,data/raw/GC10-DET/6/img_05_4406743300_00401.jpg,data/raw/GC10-DET/lable/img_05_4406743300_00401.xml,6,img_05_4406743300_00401.jpg,6_siban,5,silk_spot,1061.0,71.0,1354.0,925.0,293.0,854.0,candidate,
img_05_4406743300_00405,data/raw/GC10-DET/6/img_05_4406743300_00405.jpg,data/raw/GC10-DET/lable/img_05_4406743300_00405.xml,6,img_05_4406743300_00405.jpg,6_siban,5,silk_spot,1054.0,58.0,1458.0,916.0,404.0,858.0,candidate,
img_05_4406743300_00416,data/raw/GC10-DET/6/img_05_4406743300_00416.jpg,data/raw/GC10-DET/lable/img_05_4406743300_00416.xml,6,img_05_4406743300_00416.jpg,6_siban,5,silk_spot,1076.0,93.0,1390.0,884.0,314.0,791.0,candidate,
img_05_4406743300_00417,data/raw/GC10-DET/6/img_05_4406743300_00417.jpg,data/raw/GC10-DET/lable/img_05_4406743300_00417.xml,6,img_05_4406743300_00417.jpg,6_siban,5,silk_spot,1059.0,80.0,1382.0,876.0,323.0,796.0,candidate,
img_05_4406743300_00419,data/raw/GC10-DET/6/img_05_4406743300_00419.jpg,data/raw/GC10-DET/lable/img_05_4406743300_00419.xml,6,img_05_4406743300_00419.jpg,6_siban,5,silk_spot,1022.0,60.0,1376.0,957.0,354.0,897.0,candidate,
img_05_4406743300_00420,data/raw/GC10-DET/6/img_05_4406743300_00420.jpg,data/raw/GC10-DET/lable/img_05_4406743300_00420.xml,6,img_05_4406743300_00420.jpg,6_siban,5,silk_spot,1062.0,48.0,1428.0,934.0,366.0,886.0,candidate,
img_05_4406743300_00423,data/raw/GC10-DET/6/img_05_4406743300_00423.jpg,data/raw/GC10-DET/lable/img_05_4406743300_00423.xml,6,img_05_4406743300_00423.jpg,6_siban,5,silk_spot,1043.0,104.0,1320.0,904.0,277.0,800.0,candidate,
img_05_4406743300_00424,data/raw/GC10-DET/6/img_05_4406743300_00424.jpg,data/raw/GC10-DET/lable/img_05_4406743300_00424.xml,6,img_05_4406743300_00424.jpg,6_siban,5,silk_spot,1069.0,103.0,1385.0,924.0,316.0,821.0,candidate,
img_05_4406743300_00427,data/raw/GC10-DET/6/img_05_4406743300_00427.jpg,data/raw/GC10-DET/lable/img_05_4406743300_00427.xml,6,img_05_4406743300_00427.jpg,6_siban,5,silk_spot,1040.0,75.0,1371.0,975.0,331.0,900.0,candidate,
img_05_4406743300_00435,data/raw/GC10-DET/6/img_05_4406743300_00435.jpg,data/raw/GC10-DET/lable/img_05_4406743300_00435.xml,6,img_05_4406743300_00435.jpg,6_siban,5,silk_spot,1012.0,84.0,1362.0,930.0,350.0,846.0,candidate,
img_05_4406743300_00436,data/raw/GC10-DET/6/img_05_4406743300_00436.jpg,data/raw/GC10-DET/lable/img_05_4406743300_00436.xml,6,img_05_4406743300_00436.jpg,6_siban,5,silk_spot,1071.0,145.0,1360.0,1000.0,289.0,855.0,candidate,
img_05_4406743300_00447,data/raw/GC10-DET/6/img_05_4406743300_00447.jpg,data/raw/GC10-DET/lable/img_05_4406743300_00447.xml,6,img_05_4406743300_00447.jpg,6_siban,5,silk_spot,1002.0,83.0,1312.0,927.0,310.0,844.0,candidate,
img_05_4406743300_00448,data/raw/GC10-DET/6/img_05_4406743300_00448.jpg,data/raw/GC10-DET/lable/img_05_4406743300_00448.xml,6,img_05_4406743300_00448.jpg,6_siban,5,silk_spot,1033.0,83.0,1277.0,924.0,244.0,841.0,candidate,
img_05_4406743300_00458,data/raw/GC10-DET/6/img_05_4406743300_00458.jpg,data/raw/GC10-DET/lable/img_05_4406743300_00458.xml,6,img_05_4406743300_00458.jpg,6_siban,5,silk_spot,989.0,121.0,1235.0,1000.0,246.0,879.0,candidate,
img_05_4406743300_00461,data/raw/GC10-DET/6/img_05_4406743300_00461.jpg,data/raw/GC10-DET/lable/img_05_4406743300_00461.xml,6,img_05_4406743300_00461.jpg,6_siban,5,silk_spot,1015.0,65.0,1225.0,880.0,210.0,815.0,candidate,
img_05_4406743300_00463,data/raw/GC10-DET/6/img_05_4406743300_00463.jpg,data/raw/GC10-DET/lable/img_05_4406743300_00463.xml,6,img_05_4406743300_00463.jpg,6_siban,5,silk_spot,1046.0,103.0,1244.0,945.0,198.0,842.0,candidate,
img_05_4406743300_00467,data/raw/GC10-DET/6/img_05_4406743300_00467.jpg,data/raw/GC10-DET/lable/img_05_4406743300_00467.xml,6,img_05_4406743300_00467.jpg,6_siban,5,silk_spot,1015.0,75.0,1267.0,952.0,252.0,877.0,candidate,
img_05_4406743300_00478,data/raw/GC10-DET/6/img_05_4406743300_00478.jpg,data/raw/GC10-DET/lable/img_05_4406743300_00478.xml,6,img_05_4406743300_00478.jpg,6_siban,5,silk_spot,1071.0,255.0,1289.0,998.0,218.0,743.0,candidate,
img_05_4406743300_00479,data/raw/GC10-DET/6/img_05_4406743300_00479.jpg,data/raw/GC10-DET/lable/img_05_4406743300_00479.xml,6,img_05_4406743300_00479.jpg,6_siban,5,silk_spot,1023.0,271.0,1305.0,901.0,282.0,630.0,candidate,
img_05_4406743300_00480,data/raw/GC10-DET/6/img_05_4406743300_00480.jpg,data/raw/GC10-DET/lable/img_05_4406743300_00480.xml,6,img_05_4406743300_00480.jpg,6_siban,5,silk_spot,1072.0,191.0,1374.0,917.0,302.0,726.0,candidate,
img_05_4406743300_00482,data/raw/GC10-DET/6/img_05_4406743300_00482.jpg,data/raw/GC10-DET/lable/img_05_4406743300_00482.xml,6,img_05_4406743300_00482.jpg,6_siban,5,silk_spot,1026.0,148.0,1326.0,903.0,300.0,755.0,candidate,
img_05_4406743300_00486,data/raw/GC10-DET/6/img_05_4406743300_00486.jpg,data/raw/GC10-DET/lable/img_05_4406743300_00486.xml,6,img_05_4406743300_00486.jpg,6_siban,5,silk_spot,1008.0,119.0,1295.0,968.0,287.0,849.0,candidate,
img_05_4406743300_00487,data/raw/GC10-DET/6/img_05_4406743300_00487.jpg,data/raw/GC10-DET/lable/img_05_4406743300_00487.xml,6,img_05_4406743300_00487.jpg,6_siban,5,silk_spot,1013.0,134.0,1289.0,960.0,276.0,826.0,candidate,
img_05_4406743300_00499,data/raw/GC10-DET/6/img_05_4406743300_00499.jpg,data/raw/GC10-DET/lable/img_05_4406743300_00499.xml,6,img_05_4406743300_00499.jpg,6_siban,5,silk_spot,989.0,163.0,1246.0,876.0,257.0,713.0,candidate,
img_05_4406743300_00507,data/raw/GC10-DET/6/img_05_4406743300_00507.jpg,data/raw/GC10-DET/lable/img_05_4406743300_00507.xml,6,img_05_4406743300_00507.jpg,6_siban,5,silk_spot,1033.0,227.0,1285.0,821.0,252.0,594.0,candidate,
img_05_4406743300_00516,data/raw/GC10-DET/6/img_05_4406743300_00516.jpg,data/raw/GC10-DET/lable/img_05_4406743300_00516.xml,6,img_05_4406743300_00516.jpg,6_siban,5,silk_spot,1049.0,232.0,1251.0,917.0,202.0,685.0,candidate,
img_05_4406743300_00519,data/raw/GC10-DET/6/img_05_4406743300_00519.jpg,data/raw/GC10-DET/lable/img_05_4406743300_00519.xml,6,img_05_4406743300_00519.jpg,6_siban,5,silk_spot,1007.0,263.0,1253.0,871.0,246.0,608.0,candidate,
img_05_4406743300_00520,data/raw/GC10-DET/6/img_05_4406743300_00520.jpg,data/raw/GC10-DET/lable/img_05_4406743300_00520.xml,6,img_05_4406743300_00520.jpg,6_siban,5,silk_spot,999.0,14.0,1235.0,770.0,236.0,756.0,candidate,
img_05_4406743300_00523,data/raw/GC10-DET/6/img_05_4406743300_00523.jpg,data/raw/GC10-DET/lable/img_05_4406743300_00523.xml,6,img_05_4406743300_00523.jpg,6_siban,5,silk_spot,971.0,104.0,1267.0,514.0,296.0,410.0,candidate,
img_05_4406743300_00535,data/raw/GC10-DET/6/img_05_4406743300_00535.jpg,data/raw/GC10-DET/lable/img_05_4406743300_00535.xml,6,img_05_4406743300_00535.jpg,6_siban,5,silk_spot,982.0,117.0,1244.0,707.0,262.0,590.0,candidate,
img_05_4406743300_00539,data/raw/GC10-DET/6/img_05_4406743300_00539.jpg,data/raw/GC10-DET/lable/img_05_4406743300_00539.xml,6,img_05_4406743300_00539.jpg,6_siban,5,silk_spot,1028.0,206.0,1207.0,876.0,179.0,670.0,candidate,
img_05_4406743300_00547,data/raw/GC10-DET/6/img_05_4406743300_00547.jpg,data/raw/GC10-DET/lable/img_05_4406743300_00547.xml,6,img_05_4406743300_00547.jpg,6_siban,5,silk_spot,954.0,134.0,1215.0,712.0,261.0,578.0,candidate,
img_05_4406743300_00554,data/raw/GC10-DET/6/img_05_4406743300_00554.jpg,data/raw/GC10-DET/lable/img_05_4406743300_00554.xml,6,img_05_4406743300_00554.jpg,6_siban,5,silk_spot,1023.0,119.0,1256.0,860.0,233.0,741.0,candidate,
img_05_4406743300_00555,data/raw/GC10-DET/6/img_05_4406743300_00555.jpg,data/raw/GC10-DET/lable/img_05_4406743300_00555.xml,6,img_05_4406743300_00555.jpg,6_siban,5,silk_spot,1031.0,129.0,1240.0,689.0,209.0,560.0,candidate,
img_05_4406743300_00562,data/raw/GC10-DET/6/img_05_4406743300_00562.jpg,data/raw/GC10-DET/lable/img_05_4406743300_00562.xml,6,img_05_4406743300_00562.jpg,6_siban,5,silk_spot,995.0,262.0,1240.0,806.0,245.0,544.0,candidate,
img_05_4406743300_00564,data/raw/GC10-DET/6/img_05_4406743300_00564.jpg,data/raw/GC10-DET/lable/img_05_4406743300_00564.xml,6,img_05_4406743300_00564.jpg,6_siban,5,silk_spot,1010.0,148.0,1251.0,806.0,241.0,658.0,candidate,
img_05_4406743300_00568,data/raw/GC10-DET/6/img_05_4406743300_00568.jpg,data/raw/GC10-DET/lable/img_05_4406743300_00568.xml,6,img_05_4406743300_00568.jpg,6_siban,5,silk_spot,1012.0,175.0,1310.0,958.0,298.0,783.0,candidate,
img_05_4406743300_00570,data/raw/GC10-DET/6/img_05_4406743300_00570.jpg,data/raw/GC10-DET/lable/img_05_4406743300_00570.xml,6,img_05_4406743300_00570.jpg,6_siban,5,silk_spot,999.0,150.0,1246.0,647.0,247.0,497.0,candidate,
img_05_4406743300_00608,data/raw/GC10-DET/6/img_05_4406743300_00608.jpg,data/raw/GC10-DET/lable/img_05_4406743300_00608.xml,6,img_05_4406743300_00608.jpg,6_siban,5,silk_spot,1040.0,165.0,1212.0,942.0,172.0,777.0,candidate,
img_05_4406743300_00614,data/raw/GC10-DET/6/img_05_4406743300_00614.jpg,data/raw/GC10-DET/lable/img_05_4406743300_00614.xml,6,img_05_4406743300_00614.jpg,6_siban,5,silk_spot,967.0,94.0,1207.0,971.0,240.0,877.0,candidate,
img_05_4406743300_00615,data/raw/GC10-DET/6/img_05_4406743300_00615.jpg,data/raw/GC10-DET/lable/img_05_4406743300_00615.xml,6,img_05_4406743300_00615.jpg,6_siban,5,silk_spot,1025.0,125.0,1271.0,1000.0,246.0,875.0,candidate,
img_05_4406743300_00627,data/raw/GC10-DET/6/img_05_4406743300_00627.jpg,data/raw/GC10-DET/lable/img_05_4406743300_00627.xml,6,img_05_4406743300_00627.jpg,6_siban,5,silk_spot,1018.0,142.0,1276.0,971.0,258.0,829.0,candidate,
img_05_4406743300_00687,data/raw/GC10-DET/6/img_05_4406743300_00687.jpg,data/raw/GC10-DET/lable/img_05_4406743300_00687.xml,6,img_05_4406743300_00687.jpg,6_siban,5,silk_spot,1000.0,81.0,1276.0,901.0,276.0,820.0,candidate,
img_05_4406743300_00849,data/raw/GC10-DET/6/img_05_4406743300_00849.jpg,data/raw/GC10-DET/lable/img_05_4406743300_00849.xml,6,img_05_4406743300_00849.jpg,6_siban,5,silk_spot,995.0,425.0,1099.0,939.0,104.0,514.0,candidate,
img_05_4406743300_00913,data/raw/GC10-DET/6/img_05_4406743300_00913.jpg,data/raw/GC10-DET/lable/img_05_4406743300_00913.xml,6,img_05_4406743300_00913.jpg,6_siban,5,silk_spot,1014.0,358.0,1249.0,853.0,235.0,495.0,candidate,
img_05_4406772100_00001,data/raw/GC10-DET/3/img_05_4406772100_00001.jpg,data/raw/GC10-DET/lable/img_05_4406772100_00001.xml,3,img_05_4406772100_00001.jpg,3_yueyawan,2,crescent_gap,1571.0,1.0,1910.0,435.0,339.0,434.0,candidate,
img_05_4406772100_00001,data/raw/GC10-DET/3/img_05_4406772100_00001.jpg,data/raw/GC10-DET/lable/img_05_4406772100_00001.xml,3,img_05_4406772100_00001.jpg,2_hanfeng,1,welding_line,1785.0,173.0,2048.0,232.0,263.0,59.0,candidate,
img_06_3402616100_00001,data/raw/GC10-DET/2/img_06_3402616100_00001.jpg,data/raw/GC10-DET/lable/img_06_3402616100_00001.xml,2,img_06_3402616100_00001.jpg,2_hanfeng,1,welding_line,18.0,201.0,2048.0,279.0,2030.0,78.0,candidate,
img_06_3402616100_00001,data/raw/GC10-DET/2/img_06_3402616100_00001.jpg,data/raw/GC10-DET/lable/img_06_3402616100_00001.xml,2,img_06_3402616100_00001.jpg,1_chongkong,0,punching_hole,1859.0,363.0,1987.0,440.0,128.0,77.0,candidate,
img_06_3402617400_01102,data/raw/GC10-DET/2/img_06_3402617400_01102.jpg,data/raw/GC10-DET/lable/img_06_3402617400_01102.xml,2,img_06_3402617400_01102.jpg,2_hanfeng,1,welding_line,5.0,5.0,2035.0,69.0,2030.0,64.0,candidate,
img_06_3402617400_01102,data/raw/GC10-DET/2/img_06_3402617400_01102.jpg,data/raw/GC10-DET/lable/img_06_3402617400_01102.xml,2,img_06_3402617400_01102.jpg,1_chongkong,0,punching_hole,1830.0,176.0,1951.0,234.0,121.0,58.0,candidate,
img_06_3402617500_00787,data/raw/GC10-DET/1/img_06_3402617500_00787.jpg,data/raw/GC10-DET/lable/img_06_3402617500_00787.xml,1,img_06_3402617500_00787.jpg,1_chongkong,0,punching_hole,1867.0,894.0,1972.0,950.0,105.0,56.0,candidate,
img_06_3402617500_00787,data/raw/GC10-DET/1/img_06_3402617500_00787.jpg,data/raw/GC10-DET/lable/img_06_3402617500_00787.xml,1,img_06_3402617500_00787.jpg,2_hanfeng,1,welding_line,15.0,690.0,2034.0,801.0,2019.0,111.0,candidate,
img_06_3402617700_00988,data/raw/GC10-DET/7/img_06_3402617700_00988.jpg,data/raw/GC10-DET/lable/img_06_3402617700_00988.xml,7,img_06_3402617700_00988.jpg,,,,,,,,,,no_object_in_xml,
img_06_3403328800_01055,data/raw/GC10-DET/1/img_06_3403328800_01055.jpg,data/raw/GC10-DET/lable/img_06_3403328800_01055.xml,1,img_06_3403328800_01055.jpg,1_chongkong,0,punching_hole,1853.0,83.0,1964.0,137.0,111.0,54.0,candidate,
img_06_3403328900_01020,data/raw/GC10-DET/1/img_06_3403328900_01020.jpg,data/raw/GC10-DET/lable/img_06_3403328900_01020.xml,1,img_06_3403328900_01020.jpg,1_chongkong,0,punching_hole,1858.0,948.0,1969.0,1000.0,111.0,52.0,candidate,
img_06_3403328900_01020,data/raw/GC10-DET/1/img_06_3403328900_01020.jpg,data/raw/GC10-DET/lable/img_06_3403328900_01020.xml,1,img_06_3403328900_01020.jpg,2_hanfeng,1,welding_line,8.0,747.0,2038.0,828.0,2030.0,81.0,candidate,
img_06_3403329100_01563,data/raw/GC10-DET/1/img_06_3403329100_01563.jpg,data/raw/GC10-DET/lable/img_06_3403329100_01563.xml,1,img_06_3403329100_01563.jpg,1_chongkong,0,punching_hole,1856.0,765.0,1958.0,824.0,102.0,59.0,candidate,
img_06_3403329100_01563,data/raw/GC10-DET/1/img_06_3403329100_01563.jpg,data/raw/GC10-DET/lable/img_06_3403329100_01563.xml,1,img_06_3403329100_01563.jpg,2_hanfeng,1,welding_line,26.0,568.0,2030.0,651.0,2004.0,83.0,candidate,
img_06_3403331500_01351,data/raw/GC10-DET/1/img_06_3403331500_01351.jpg,data/raw/GC10-DET/lable/img_06_3403331500_01351.xml,1,img_06_3403331500_01351.jpg,1_chongkong,0,punching_hole,1848.0,529.0,1964.0,584.0,116.0,55.0,candidate,
img_06_3403331500_01351,data/raw/GC10-DET/1/img_06_3403331500_01351.jpg,data/raw/GC10-DET/lable/img_06_3403331500_01351.xml,1,img_06_3403331500_01351.jpg,2_hanfeng,1,welding_line,340.0,344.0,2037.0,405.0,1697.0,61.0,candidate,
img_06_3403331500_01351,data/raw/GC10-DET/1/img_06_3403331500_01351.jpg,data/raw/GC10-DET/lable/img_06_3403331500_01351.xml,1,img_06_3403331500_01351.jpg,3_yueyawan,2,crescent_gap,169.0,80.0,348.0,590.0,179.0,510.0,candidate,
img_06_3403331800_01590,data/raw/GC10-DET/1/img_06_3403331800_01590.jpg,data/raw/GC10-DET/lable/img_06_3403331800_01590.xml,1,img_06_3403331800_01590.jpg,1_chongkong,0,punching_hole,1858.0,62.0,1959.0,116.0,101.0,54.0,candidate,
img_06_3403332000_00931,data/raw/GC10-DET/1/img_06_3403332000_00931.jpg,data/raw/GC10-DET/lable/img_06_3403332000_00931.xml,1,img_06_3403332000_00931.jpg,1_chongkong,0,punching_hole,1854.0,565.0,1958.0,624.0,104.0,59.0,candidate,
img_06_3403332000_00931,data/raw/GC10-DET/1/img_06_3403332000_00931.jpg,data/raw/GC10-DET/lable/img_06_3403332000_00931.xml,1,img_06_3403332000_00931.jpg,2_hanfeng,1,welding_line,2.0,378.0,2040.0,449.0,2038.0,71.0,candidate,
img_06_3403333000_00659,data/raw/GC10-DET/1/img_06_3403333000_00659.jpg,data/raw/GC10-DET/lable/img_06_3403333000_00659.xml,1,img_06_3403333000_00659.jpg,1_chongkong,0,punching_hole,1841.0,617.0,1953.0,666.0,112.0,49.0,candidate,
img_06_3403333000_00659,data/raw/GC10-DET/1/img_06_3403333000_00659.jpg,data/raw/GC10-DET/lable/img_06_3403333000_00659.xml,1,img_06_3403333000_00659.jpg,2_hanfeng,1,welding_line,16.0,434.0,2042.0,502.0,2026.0,68.0,candidate,
img_06_3403333200_00785,data/raw/GC10-DET/1/img_06_3403333200_00785.jpg,data/raw/GC10-DET/lable/img_06_3403333200_00785.xml,1,img_06_3403333200_00785.jpg,1_chongkong,0,punching_hole,1835.0,860.0,1946.0,921.0,111.0,61.0,candidate,
img_06_3403333200_00785,data/raw/GC10-DET/1/img_06_3403333200_00785.jpg,data/raw/GC10-DET/lable/img_06_3403333200_00785.xml,1,img_06_3403333200_00785.jpg,2_hanfeng,1,welding_line,10.0,668.0,2038.0,735.0,2028.0,67.0,candidate,
img_06_3403333400_00834,data/raw/GC10-DET/1/img_06_3403333400_00834.jpg,data/raw/GC10-DET/lable/img_06_3403333400_00834.xml,1,img_06_3403333400_00834.jpg,1_chongkong,0,punching_hole,1858.0,27.0,1964.0,91.0,106.0,64.0,candidate,
img_06_3403333400_00834,data/raw/GC10-DET/1/img_06_3403333400_00834.jpg,data/raw/GC10-DET/lable/img_06_3403333400_00834.xml,1,img_06_3403333400_00834.jpg,6_siban,5,silk_spot,32.0,71.0,508.0,892.0,476.0,821.0,candidate,
img_06_3403333400_00834,data/raw/GC10-DET/1/img_06_3403333400_00834.jpg,data/raw/GC10-DET/lable/img_06_3403333400_00834.xml,1,img_06_3403333400_00834.jpg,6_siban,5,silk_spot,707.0,37.0,1279.0,846.0,572.0,809.0,candidate,
img_06_3403333800_00715,data/raw/GC10-DET/1/img_06_3403333800_00715.jpg,data/raw/GC10-DET/lable/img_06_3403333800_00715.xml,1,img_06_3403333800_00715.jpg,1_chongkong,0,punching_hole,1841.0,593.0,1944.0,653.0,103.0,60.0,candidate,
img_06_3403333800_00715,data/raw/GC10-DET/1/img_06_3403333800_00715.jpg,data/raw/GC10-DET/lable/img_06_3403333800_00715.xml,1,img_06_3403333800_00715.jpg,2_hanfeng,1,welding_line,10.0,395.0,2040.0,493.0,2030.0,98.0,candidate,
img_06_3403333900_00758,data/raw/GC10-DET/1/img_06_3403333900_00758.jpg,data/raw/GC10-DET/lable/img_06_3403333900_00758.xml,1,img_06_3403333900_00758.jpg,1_chongkong,0,punching_hole,1840.0,396.0,1944.0,452.0,104.0,56.0,candidate,
img_06_3403333900_00758,data/raw/GC10-DET/1/img_06_3403333900_00758.jpg,data/raw/GC10-DET/lable/img_06_3403333900_00758.xml,1,img_06_3403333900_00758.jpg,2_hanfeng,1,welding_line,16.0,203.0,2040.0,282.0,2024.0,79.0,candidate,
img_06_3403334000_00839,data/raw/GC10-DET/1/img_06_3403334000_00839.jpg,data/raw/GC10-DET/lable/img_06_3403334000_00839.xml,1,img_06_3403334000_00839.jpg,1_chongkong,0,punching_hole,1843.0,750.0,1962.0,807.0,119.0,57.0,candidate,
img_06_3403334000_00839,data/raw/GC10-DET/1/img_06_3403334000_00839.jpg,data/raw/GC10-DET/lable/img_06_3403334000_00839.xml,1,img_06_3403334000_00839.jpg,2_hanfeng,1,welding_line,8.0,559.0,2042.0,657.0,2034.0,98.0,candidate,
img_06_3403334900_00596,data/raw/GC10-DET/2/img_06_3403334900_00596.jpg,data/raw/GC10-DET/lable/img_06_3403334900_00596.xml,2,img_06_3403334900_00596.jpg,2_hanfeng,1,welding_line,10.0,389.0,2047.0,446.0,2037.0,57.0,candidate,
img_06_3403334900_00596,data/raw/GC10-DET/2/img_06_3403334900_00596.jpg,data/raw/GC10-DET/lable/img_06_3403334900_00596.xml,2,img_06_3403334900_00596.jpg,1_chongkong,0,punching_hole,1836.0,557.0,1972.0,627.0,136.0,70.0,candidate,
img_06_3403337800_00766,data/raw/GC10-DET/2/img_06_3403337800_00766.jpg,data/raw/GC10-DET/lable/img_06_3403337800_00766.xml,2,img_06_3403337800_00766.jpg,2_hanfeng,1,welding_line,17.0,940.0,2048.0,996.0,2031.0,56.0,candidate,
img_06_3403338100_00785,data/raw/GC10-DET/2/img_06_3403338100_00785.jpg,data/raw/GC10-DET/lable/img_06_3403338100_00785.xml,2,img_06_3403338100_00785.jpg,2_hanfeng,1,welding_line,17.0,425.0,2048.0,516.0,2031.0,91.0,candidate,
img_06_3403338100_00785,data/raw/GC10-DET/2/img_06_3403338100_00785.jpg,data/raw/GC10-DET/lable/img_06_3403338100_00785.xml,2,img_06_3403338100_00785.jpg,1_chongkong,0,punching_hole,1833.0,593.0,1976.0,660.0,143.0,67.0,candidate,
img_06_3403338800_00691,data/raw/GC10-DET/2/img_06_3403338800_00691.jpg,data/raw/GC10-DET/lable/img_06_3403338800_00691.xml,2,img_06_3403338800_00691.jpg,2_hanfeng,1,welding_line,17.0,571.0,2048.0,676.0,2031.0,105.0,candidate,
img_06_3403338800_00691,data/raw/GC10-DET/2/img_06_3403338800_00691.jpg,data/raw/GC10-DET/lable/img_06_3403338800_00691.xml,2,img_06_3403338800_00691.jpg,1_chongkong,0,punching_hole,1849.0,753.0,1974.0,819.0,125.0,66.0,candidate,
img_06_3403341200_01133,data/raw/GC10-DET/1/img_06_3403341200_01133.jpg,data/raw/GC10-DET/lable/img_06_3403341200_01133.xml,1,img_06_3403341200_01133.jpg,1_chongkong,0,punching_hole,1841.0,135.0,1948.0,201.0,107.0,66.0,candidate,
img_06_3403341200_01133,data/raw/GC10-DET/1/img_06_3403341200_01133.jpg,data/raw/GC10-DET/lable/img_06_3403341200_01133.xml,1,img_06_3403341200_01133.jpg,3_yueyawan,2,crescent_gap,1.0,1.0,248.0,306.0,247.0,305.0,candidate,
img_06_3403391400_01266,data/raw/GC10-DET/1/img_06_3403391400_01266.jpg,data/raw/GC10-DET/lable/img_06_3403391400_01266.xml,1,img_06_3403391400_01266.jpg,1_chongkong,0,punching_hole,1861.0,32.0,1964.0,86.0,103.0,54.0,candidate,
img_06_3403392000_01069,data/raw/GC10-DET/1/img_06_3403392000_01069.jpg,data/raw/GC10-DET/lable/img_06_3403392000_01069.xml,1,img_06_3403392000_01069.jpg,1_chongkong,0,punching_hole,1813.0,94.0,1918.0,150.0,105.0,56.0,candidate,
img_06_3403392100_00869,data/raw/GC10-DET/1/img_06_3403392100_00869.jpg,data/raw/GC10-DET/lable/img_06_3403392100_00869.xml,1,img_06_3403392100_00869.jpg,1_chongkong,0,punching_hole,1858.0,114.0,1951.0,176.0,93.0,62.0,candidate,
img_06_3403392100_00869,data/raw/GC10-DET/1/img_06_3403392100_00869.jpg,data/raw/GC10-DET/lable/img_06_3403392100_00869.xml,1,img_06_3403392100_00869.jpg,3_yueyawan,2,crescent_gap,3.0,1.0,88.0,124.0,85.0,123.0,candidate,
img_06_3403393200_01334,data/raw/GC10-DET/1/img_06_3403393200_01334.jpg,data/raw/GC10-DET/lable/img_06_3403393200_01334.xml,1,img_06_3403393200_01334.jpg,1_chongkong,0,punching_hole,1853.0,25.0,1958.0,84.0,105.0,59.0,candidate,
img_06_3403393200_01334,data/raw/GC10-DET/1/img_06_3403393200_01334.jpg,data/raw/GC10-DET/lable/img_06_3403393200_01334.xml,1,img_06_3403393200_01334.jpg,3_yueyawan,2,crescent_gap,3.0,3.0,118.0,120.0,115.0,117.0,candidate,
img_06_3403393800_01155,data/raw/GC10-DET/1/img_06_3403393800_01155.jpg,data/raw/GC10-DET/lable/img_06_3403393800_01155.xml,1,img_06_3403393800_01155.jpg,1_chongkong,0,punching_hole,1846.0,39.0,1953.0,103.0,107.0,64.0,candidate,
img_06_3403393800_01155,data/raw/GC10-DET/1/img_06_3403393800_01155.jpg,data/raw/GC10-DET/lable/img_06_3403393800_01155.xml,1,img_06_3403393800_01155.jpg,3_yueyawan,2,crescent_gap,76.0,1.0,210.0,124.0,134.0,123.0,candidate,
img_06_3403394100_01318,data/raw/GC10-DET/1/img_06_3403394100_01318.jpg,data/raw/GC10-DET/lable/img_06_3403394100_01318.xml,1,img_06_3403394100_01318.jpg,1_chongkong,0,punching_hole,1840.0,78.0,1948.0,144.0,108.0,66.0,candidate,
img_06_3403394100_01318,data/raw/GC10-DET/1/img_06_3403394100_01318.jpg,data/raw/GC10-DET/lable/img_06_3403394100_01318.xml,1,img_06_3403394100_01318.jpg,3_yueyawan,2,crescent_gap,64.0,1.0,208.0,141.0,144.0,140.0,candidate,
img_06_3403395200_01004,data/raw/GC10-DET/1/img_06_3403395200_01004.jpg,data/raw/GC10-DET/lable/img_06_3403395200_01004.xml,1,img_06_3403395200_01004.jpg,1_chongkong,0,punching_hole,1854.0,14.0,1953.0,71.0,99.0,57.0,candidate,
img_06_3403395200_01004,data/raw/GC10-DET/1/img_06_3403395200_01004.jpg,data/raw/GC10-DET/lable/img_06_3403395200_01004.xml,1,img_06_3403395200_01004.jpg,6_siban,5,silk_spot,282.0,29.0,781.0,881.0,499.0,852.0,candidate,
img_06_3403395200_01004,data/raw/GC10-DET/1/img_06_3403395200_01004.jpg,data/raw/GC10-DET/lable/img_06_3403395200_01004.xml,1,img_06_3403395200_01004.jpg,6_siban,5,silk_spot,846.0,18.0,1280.0,545.0,434.0,527.0,candidate,
img_06_3403395500_01126,data/raw/GC10-DET/1/img_06_3403395500_01126.jpg,data/raw/GC10-DET/lable/img_06_3403395500_01126.xml,1,img_06_3403395500_01126.jpg,1_chongkong,0,punching_hole,1856.0,17.0,1961.0,73.0,105.0,56.0,candidate,
img_06_3403397400_00907,data/raw/GC10-DET/1/img_06_3403397400_00907.jpg,data/raw/GC10-DET/lable/img_06_3403397400_00907.xml,1,img_06_3403397400_00907.jpg,1_chongkong,0,punching_hole,1843.0,48.0,1949.0,111.0,106.0,63.0,candidate,
img_06_3403397600_01060,data/raw/GC10-DET/1/img_06_3403397600_01060.jpg,data/raw/GC10-DET/lable/img_06_3403397600_01060.xml,1,img_06_3403397600_01060.jpg,1_chongkong,0,punching_hole,1822.0,111.0,1933.0,165.0,111.0,54.0,candidate,
img_06_3403398200_01043,data/raw/GC10-DET/1/img_06_3403398200_01043.jpg,data/raw/GC10-DET/lable/img_06_3403398200_01043.xml,1,img_06_3403398200_01043.jpg,1_chongkong,0,punching_hole,1835.0,14.0,1935.0,68.0,100.0,54.0,candidate,
img_06_3403398500_01173,data/raw/GC10-DET/1/img_06_3403398500_01173.jpg,data/raw/GC10-DET/lable/img_06_3403398500_01173.xml,1,img_06_3403398500_01173.jpg,1_chongkong,0,punching_hole,1849.0,29.0,1953.0,93.0,104.0,64.0,candidate,
img_06_3403399100_01155,data/raw/GC10-DET/1/img_06_3403399100_01155.jpg,data/raw/GC10-DET/lable/img_06_3403399100_01155.xml,1,img_06_3403399100_01155.jpg,1_chongkong,0,punching_hole,1813.0,927.0,1910.0,983.0,97.0,56.0,candidate,
img_06_3403399100_01155,data/raw/GC10-DET/1/img_06_3403399100_01155.jpg,data/raw/GC10-DET/lable/img_06_3403399100_01155.xml,1,img_06_3403399100_01155.jpg,2_hanfeng,1,welding_line,11.0,709.0,2037.0,830.0,2026.0,121.0,candidate,
img_06_3403399400_01044,data/raw/GC10-DET/1/img_06_3403399400_01044.jpg,data/raw/GC10-DET/lable/img_06_3403399400_01044.xml,1,img_06_3403399400_01044.jpg,1_chongkong,0,punching_hole,1849.0,57.0,1954.0,119.0,105.0,62.0,candidate,
img_06_3403399500_00887,data/raw/GC10-DET/1/img_06_3403399500_00887.jpg,data/raw/GC10-DET/lable/img_06_3403399500_00887.xml,1,img_06_3403399500_00887.jpg,1_chongkong,0,punching_hole,1851.0,96.0,1956.0,150.0,105.0,54.0,candidate,
img_06_3403399600_00739,data/raw/GC10-DET/1/img_06_3403399600_00739.jpg,data/raw/GC10-DET/lable/img_06_3403399600_00739.xml,1,img_06_3403399600_00739.jpg,1_chongkong,0,punching_hole,1843.0,83.0,1953.0,148.0,110.0,65.0,candidate,
img_06_3403399600_00739,data/raw/GC10-DET/1/img_06_3403399600_00739.jpg,data/raw/GC10-DET/lable/img_06_3403399600_00739.xml,1,img_06_3403399600_00739.jpg,5_youban,4,oil_spot,727.0,93.0,772.0,141.0,45.0,48.0,candidate,
img_06_3403399700_00746,data/raw/GC10-DET/1/img_06_3403399700_00746.jpg,data/raw/GC10-DET/lable/img_06_3403399700_00746.xml,1,img_06_3403399700_00746.jpg,1_chongkong,0,punching_hole,1851.0,803.0,1962.0,865.0,111.0,62.0,candidate,
img_06_3403399700_00746,data/raw/GC10-DET/1/img_06_3403399700_00746.jpg,data/raw/GC10-DET/lable/img_06_3403399700_00746.xml,1,img_06_3403399700_00746.jpg,2_hanfeng,1,welding_line,13.0,609.0,2038.0,700.0,2025.0,91.0,candidate,
img_06_3403399900_01007,data/raw/GC10-DET/1/img_06_3403399900_01007.jpg,data/raw/GC10-DET/lable/img_06_3403399900_01007.xml,1,img_06_3403399900_01007.jpg,1_chongkong,0,punching_hole,1853.0,281.0,1953.0,342.0,100.0,61.0,candidate,
img_06_3403399900_01007,data/raw/GC10-DET/1/img_06_3403399900_01007.jpg,data/raw/GC10-DET/lable/img_06_3403399900_01007.xml,1,img_06_3403399900_01007.jpg,2_hanfeng,1,welding_line,13.0,92.0,2035.0,170.0,2022.0,78.0,candidate,
img_06_3403400500_00339,data/raw/GC10-DET/1/img_06_3403400500_00339.jpg,data/raw/GC10-DET/lable/img_06_3403400500_00339.xml,1,img_06_3403400500_00339.jpg,1_chongkong,0,punching_hole,1871.0,948.0,1958.0,1000.0,87.0,52.0,candidate,
img_06_3403400500_00339,data/raw/GC10-DET/1/img_06_3403400500_00339.jpg,data/raw/GC10-DET/lable/img_06_3403400500_00339.xml,1,img_06_3403400500_00339.jpg,2_hanfeng,1,welding_line,8.0,744.0,2042.0,843.0,2034.0,99.0,candidate,
img_06_3403400800_00948,data/raw/GC10-DET/1/img_06_3403400800_00948.jpg,data/raw/GC10-DET/lable/img_06_3403400800_00948.xml,1,img_06_3403400800_00948.jpg,1_chongkong,0,punching_hole,1858.0,55.0,1961.0,107.0,103.0,52.0,candidate,
img_06_3403400800_00948,data/raw/GC10-DET/1/img_06_3403400800_00948.jpg,data/raw/GC10-DET/lable/img_06_3403400800_00948.xml,1,img_06_3403400800_00948.jpg,6_siban,5,silk_spot,565.0,11.0,1799.0,833.0,1234.0,822.0,candidate,
img_06_3403400800_00948,data/raw/GC10-DET/1/img_06_3403400800_00948.jpg,data/raw/GC10-DET/lable/img_06_3403400800_00948.xml,1,img_06_3403400800_00948.jpg,6_siban,5,silk_spot,32.0,22.0,561.0,295.0,529.0,273.0,candidate,
img_06_3403401000_00864,data/raw/GC10-DET/1/img_06_3403401000_00864.jpg,data/raw/GC10-DET/lable/img_06_3403401000_00864.xml,1,img_06_3403401000_00864.jpg,1_chongkong,0,punching_hole,1858.0,53.0,1967.0,103.0,109.0,50.0,candidate,
img_06_3403402100_00857,data/raw/GC10-DET/1/img_06_3403402100_00857.jpg,data/raw/GC10-DET/lable/img_06_3403402100_00857.xml,1,img_06_3403402100_00857.jpg,1_chongkong,0,punching_hole,1836.0,150.0,1946.0,207.0,110.0,57.0,candidate,
img_06_3403403400_00768,data/raw/GC10-DET/1/img_06_3403403400_00768.jpg,data/raw/GC10-DET/lable/img_06_3403403400_00768.xml,1,img_06_3403403400_00768.jpg,1_chongkong,0,punching_hole,1853.0,25.0,1953.0,83.0,100.0,58.0,candidate,
img_06_3403403700_00805,data/raw/GC10-DET/1/img_06_3403403700_00805.jpg,data/raw/GC10-DET/lable/img_06_3403403700_00805.xml,1,img_06_3403403700_00805.jpg,1_chongkong,0,punching_hole,1844.0,911.0,1951.0,968.0,107.0,57.0,candidate,
img_06_3403403700_00805,data/raw/GC10-DET/1/img_06_3403403700_00805.jpg,data/raw/GC10-DET/lable/img_06_3403403700_00805.xml,1,img_06_3403403700_00805.jpg,2_hanfeng,1,welding_line,21.0,709.0,2034.0,803.0,2013.0,94.0,candidate,
img_06_3403403800_00910,data/raw/GC10-DET/1/img_06_3403403800_00910.jpg,data/raw/GC10-DET/lable/img_06_3403403800_00910.xml,1,img_06_3403403800_00910.jpg,1_chongkong,0,punching_hole,1851.0,93.0,1966.0,150.0,115.0,57.0,candidate,
img_06_3403403800_00911,data/raw/GC10-DET/2/img_06_3403403800_00911.jpg,data/raw/GC10-DET/lable/img_06_3403403800_00911.xml,2,img_06_3403403800_00911.jpg,2_hanfeng,1,welding_line,5.0,889.0,2048.0,963.0,2043.0,74.0,candidate,
img_06_3403404000_00927,data/raw/GC10-DET/1/img_06_3403404000_00927.jpg,data/raw/GC10-DET/lable/img_06_3403404000_00927.xml,1,img_06_3403404000_00927.jpg,1_chongkong,0,punching_hole,1848.0,57.0,1944.0,119.0,96.0,62.0,candidate,
img_06_3403404000_00927,data/raw/GC10-DET/1/img_06_3403404000_00927.jpg,data/raw/GC10-DET/lable/img_06_3403404000_00927.xml,1,img_06_3403404000_00927.jpg,6_siban,5,silk_spot,797.0,27.0,900.0,981.0,103.0,954.0,candidate,
img_06_3403404000_00928,data/raw/GC10-DET/2/img_06_3403404000_00928.jpg,data/raw/GC10-DET/lable/img_06_3403404000_00928.xml,2,img_06_3403404000_00928.jpg,2_hanfeng,1,welding_line,8.0,842.0,2048.0,946.0,2040.0,104.0,candidate,
img_06_3403405000_00719,data/raw/GC10-DET/1/img_06_3403405000_00719.jpg,data/raw/GC10-DET/lable/img_06_3403405000_00719.xml,1,img_06_3403405000_00719.jpg,1_chongkong,0,punching_hole,1848.0,35.0,1956.0,104.0,108.0,69.0,candidate,
img_06_3403405000_00719,data/raw/GC10-DET/1/img_06_3403405000_00719.jpg,data/raw/GC10-DET/lable/img_06_3403405000_00719.xml,1,img_06_3403405000_00719.jpg,5_youban,4,oil_spot,64.0,57.0,134.0,124.0,70.0,67.0,candidate,
img_06_3403405000_00719,data/raw/GC10-DET/1/img_06_3403405000_00719.jpg,data/raw/GC10-DET/lable/img_06_3403405000_00719.xml,1,img_06_3403405000_00719.jpg,9_zhehen,8,crease,7.0,375.0,271.0,414.0,264.0,39.0,candidate,
img_06_3403405800_00821,data/raw/GC10-DET/1/img_06_3403405800_00821.jpg,data/raw/GC10-DET/lable/img_06_3403405800_00821.xml,1,img_06_3403405800_00821.jpg,1_chongkong,0,punching_hole,1848.0,170.0,1961.0,224.0,113.0,54.0,candidate,
img_06_3403405800_00821,data/raw/GC10-DET/1/img_06_3403405800_00821.jpg,data/raw/GC10-DET/lable/img_06_3403405800_00821.xml,1,img_06_3403405800_00821.jpg,3_yueyawan,2,crescent_gap,4.0,1.0,64.0,114.0,60.0,113.0,candidate,
img_06_3403405800_00821,data/raw/GC10-DET/1/img_06_3403405800_00821.jpg,data/raw/GC10-DET/lable/img_06_3403405800_00821.xml,1,img_06_3403405800_00821.jpg,9_zhehen,8,crease,3.0,495.0,362.0,551.0,359.0,56.0,candidate,
img_06_3403405900_00856,data/raw/GC10-DET/1/img_06_3403405900_00856.jpg,data/raw/GC10-DET/lable/img_06_3403405900_00856.xml,1,img_06_3403405900_00856.jpg,1_chongkong,0,punching_hole,1840.0,122.0,1956.0,186.0,116.0,64.0,candidate,
img_06_3403405900_00857,data/raw/GC10-DET/2/img_06_3403405900_00857.jpg,data/raw/GC10-DET/lable/img_06_3403405900_00857.xml,2,img_06_3403405900_00857.jpg,2_hanfeng,1,welding_line,35.0,957.0,2048.0,998.0,2013.0,41.0,candidate,
img_06_3403406000_00825,data/raw/GC10-DET/2/img_06_3403406000_00825.jpg,data/raw/GC10-DET/lable/img_06_3403406000_00825.xml,2,img_06_3403406000_00825.jpg,2_hanfeng,1,welding_line,28.0,140.0,2048.0,206.0,2020.0,66.0,candidate,
img_06_3403406000_00825,data/raw/GC10-DET/2/img_06_3403406000_00825.jpg,data/raw/GC10-DET/lable/img_06_3403406000_00825.xml,2,img_06_3403406000_00825.jpg,1_chongkong,0,punching_hole,1836.0,309.0,1969.0,377.0,133.0,68.0,candidate,
img_06_3436639700_00756,data/raw/GC10-DET/10/img_06_3436639700_00756.jpg,data/raw/GC10-DET/lable/img_06_3436639700_00756.xml,10,img_06_3436639700_00756.jpg,10_yaozhed,9,waist_folding,1453.0,134.0,1958.0,827.0,505.0,693.0,candidate,
img_06_3436639700_00760,data/raw/GC10-DET/10/img_06_3436639700_00760.jpg,data/raw/GC10-DET/lable/img_06_3436639700_00760.xml,10,img_06_3436639700_00760.jpg,10_yaozhed,9,waist_folding,161.0,122.0,1981.0,853.0,1820.0,731.0,candidate,
img_06_3436642500_00002,data/raw/GC10-DET/9/img_06_3436642500_00002.jpg,data/raw/GC10-DET/lable/img_06_3436642500_00002.xml,9,img_06_3436642500_00002.jpg,9_zhehen,8,crease,656.0,422.0,1222.0,553.0,566.0,131.0,candidate,
img_06_3436786500_00002,data/raw/GC10-DET/10/img_06_3436786500_00002.jpg,data/raw/GC10-DET/lable/img_06_3436786500_00002.xml,10,img_06_3436786500_00002.jpg,10_yaozhed,9,waist_folding,1184.0,101.0,2022.0,835.0,838.0,734.0,candidate,
img_06_3436786500_00565,data/raw/GC10-DET/10/img_06_3436786500_00565.jpg,data/raw/GC10-DET/lable/img_06_3436786500_00565.xml,10,img_06_3436786500_00565.jpg,10_yaozhed,9,waist_folding,1072.0,81.0,2010.0,801.0,938.0,720.0,candidate,
img_06_3436786500_00578,data/raw/GC10-DET/9/img_06_3436786500_00578.jpg,data/raw/GC10-DET/lable/img_06_3436786500_00578.xml,9,img_06_3436786500_00578.jpg,9_zhehen,8,crease,998.0,1.0,1085.0,589.0,87.0,588.0,candidate,
img_06_3436786500_00578,data/raw/GC10-DET/9/img_06_3436786500_00578.jpg,data/raw/GC10-DET/lable/img_06_3436786500_00578.xml,9,img_06_3436786500_00578.jpg,9_zhehen,8,crease,1253.0,180.0,1940.0,262.0,687.0,82.0,candidate,
img_06_3436814000_00005,data/raw/GC10-DET/10/img_06_3436814000_00005.jpg,data/raw/GC10-DET/lable/img_06_3436814000_00005.xml,10,img_06_3436814000_00005.jpg,10_yaozhed,9,waist_folding,89.0,68.0,1879.0,919.0,1790.0,851.0,candidate,
img_06_3436814000_00006,data/raw/GC10-DET/10/img_06_3436814000_00006.jpg,data/raw/GC10-DET/lable/img_06_3436814000_00006.xml,10,img_06_3436814000_00006.jpg,10_yaozhed,9,waist_folding,92.0,111.0,1966.0,796.0,1874.0,685.0,candidate,
img_06_3436814000_00007,data/raw/GC10-DET/10/img_06_3436814000_00007.jpg,data/raw/GC10-DET/lable/img_06_3436814000_00007.xml,10,img_06_3436814000_00007.jpg,10_yaozhed,9,waist_folding,126.0,58.0,1603.0,853.0,1477.0,795.0,candidate,
img_06_3436814000_00008,data/raw/GC10-DET/10/img_06_3436814000_00008.jpg,data/raw/GC10-DET/lable/img_06_3436814000_00008.xml,10,img_06_3436814000_00008.jpg,10_yaozhed,9,waist_folding,48.0,47.0,1595.0,916.0,1547.0,869.0,candidate,
img_06_3436814000_00009,data/raw/GC10-DET/10/img_06_3436814000_00009.jpg,data/raw/GC10-DET/lable/img_06_3436814000_00009.xml,10,img_06_3436814000_00009.jpg,10_yaozhed,9,waist_folding,248.0,99.0,1638.0,863.0,1390.0,764.0,candidate,
img_06_3436814000_00011,data/raw/GC10-DET/10/img_06_3436814000_00011.jpg,data/raw/GC10-DET/lable/img_06_3436814000_00011.xml,10,img_06_3436814000_00011.jpg,10_yaozhed,9,waist_folding,76.0,58.0,1872.0,737.0,1796.0,679.0,candidate,
img_06_3436814000_00016,data/raw/GC10-DET/10/img_06_3436814000_00016.jpg,data/raw/GC10-DET/lable/img_06_3436814000_00016.xml,10,img_06_3436814000_00016.jpg,10_yaozhe,9,waist_folding,38.0,21.0,1642.0,763.0,1604.0,742.0,candidate,
img_06_3436814000_00675,data/raw/GC10-DET/10/img_06_3436814000_00675.jpg,data/raw/GC10-DET/lable/img_06_3436814000_00675.xml,10,img_06_3436814000_00675.jpg,10_yaozhe,9,waist_folding,228.0,8.0,1463.0,971.0,1235.0,963.0,candidate,
img_06_3436814000_00679,data/raw/GC10-DET/10/img_06_3436814000_00679.jpg,data/raw/GC10-DET/lable/img_06_3436814000_00679.xml,10,img_06_3436814000_00679.jpg,10_yaozhe,9,waist_folding,233.0,91.0,2048.0,914.0,1815.0,823.0,candidate,
img_06_3436814000_00681,data/raw/GC10-DET/10/img_06_3436814000_00681.jpg,data/raw/GC10-DET/lable/img_06_3436814000_00681.xml,10,img_06_3436814000_00681.jpg,10_yaozhe,9,waist_folding,181.0,17.0,1286.0,992.0,1105.0,975.0,candidate,
img_06_3436814000_00683,data/raw/GC10-DET/10/img_06_3436814000_00683.jpg,data/raw/GC10-DET/lable/img_06_3436814000_00683.xml,10,img_06_3436814000_00683.jpg,10_yaozhe,9,waist_folding,88.0,119.0,2048.0,532.0,1960.0,413.0,candidate,
img_06_3436814000_00683,data/raw/GC10-DET/10/img_06_3436814000_00683.jpg,data/raw/GC10-DET/lable/img_06_3436814000_00683.xml,10,img_06_3436814000_00683.jpg,10_yaozhe,9,waist_folding,751.0,705.0,1648.0,992.0,897.0,287.0,candidate,
img_06_3436814000_00686,data/raw/GC10-DET/10/img_06_3436814000_00686.jpg,data/raw/GC10-DET/lable/img_06_3436814000_00686.xml,10,img_06_3436814000_00686.jpg,10_yaozhe,9,waist_folding,202.0,15.0,1228.0,982.0,1026.0,967.0,candidate,
img_06_3436814000_00687,data/raw/GC10-DET/10/img_06_3436814000_00687.jpg,data/raw/GC10-DET/lable/img_06_3436814000_00687.xml,10,img_06_3436814000_00687.jpg,10_yaozhe,9,waist_folding,235.0,60.0,1897.0,982.0,1662.0,922.0,candidate,
img_06_3436814000_00688,data/raw/GC10-DET/10/img_06_3436814000_00688.jpg,data/raw/GC10-DET/lable/img_06_3436814000_00688.xml,10,img_06_3436814000_00688.jpg,10_yaozhe,9,waist_folding,242.0,41.0,443.0,970.0,201.0,929.0,candidate,
img_06_3436814000_00688,data/raw/GC10-DET/10/img_06_3436814000_00688.jpg,data/raw/GC10-DET/lable/img_06_3436814000_00688.xml,10,img_06_3436814000_00688.jpg,10_yaozhe,9,waist_folding,577.0,863.0,1864.0,967.0,1287.0,104.0,candidate,
img_06_3436814000_00688,data/raw/GC10-DET/10/img_06_3436814000_00688.jpg,data/raw/GC10-DET/lable/img_06_3436814000_00688.xml,10,img_06_3436814000_00688.jpg,10_yaozhe,9,waist_folding,577.0,46.0,1207.0,763.0,630.0,717.0,candidate,
img_06_3436814000_00691,data/raw/GC10-DET/10/img_06_3436814000_00691.jpg,data/raw/GC10-DET/lable/img_06_3436814000_00691.xml,10,img_06_3436814000_00691.jpg,10_yaozhed,9,waist_folding,177.0,42.0,1789.0,907.0,1612.0,865.0,candidate,
img_06_3436814000_00693,data/raw/GC10-DET/10/img_06_3436814000_00693.jpg,data/raw/GC10-DET/lable/img_06_3436814000_00693.xml,10,img_06_3436814000_00693.jpg,10_yaozhed,9,waist_folding,212.0,53.0,1841.0,991.0,1629.0,938.0,candidate,
img_06_3436814300_00050,data/raw/GC10-DET/6/img_06_3436814300_00050.jpg,data/raw/GC10-DET/lable/img_06_3436814300_00050.xml,6,img_06_3436814300_00050.jpg,6_siban,5,silk_spot,518.0,280.0,694.0,586.0,176.0,306.0,candidate,
img_06_3436814300_00050,data/raw/GC10-DET/6/img_06_3436814300_00050.jpg,data/raw/GC10-DET/lable/img_06_3436814300_00050.xml,6,img_06_3436814300_00050.jpg,6_siban,5,silk_spot,320.0,42.0,581.0,301.0,261.0,259.0,candidate,
img_06_3436814300_00050,data/raw/GC10-DET/6/img_06_3436814300_00050.jpg,data/raw/GC10-DET/lable/img_06_3436814300_00050.xml,6,img_06_3436814300_00050.jpg,6_siban,5,silk_spot,374.0,634.0,625.0,830.0,251.0,196.0,candidate,
img_06_3436814300_00050,data/raw/GC10-DET/6/img_06_3436814300_00050.jpg,data/raw/GC10-DET/lable/img_06_3436814300_00050.xml,6,img_06_3436814300_00050.jpg,6_siban,5,silk_spot,554.0,791.0,745.0,1000.0,191.0,209.0,candidate,
img_06_3436814300_00056,data/raw/GC10-DET/6/img_06_3436814300_00056.jpg,data/raw/GC10-DET/lable/img_06_3436814300_00056.xml,6,img_06_3436814300_00056.jpg,6_siban,5,silk_spot,44.0,11.0,467.0,280.0,423.0,269.0,candidate,
img_06_3436814300_00056,data/raw/GC10-DET/6/img_06_3436814300_00056.jpg,data/raw/GC10-DET/lable/img_06_3436814300_00056.xml,6,img_06_3436814300_00056.jpg,6_siban,5,silk_spot,87.0,616.0,518.0,871.0,431.0,255.0,candidate,
img_06_3436814300_00056,data/raw/GC10-DET/6/img_06_3436814300_00056.jpg,data/raw/GC10-DET/lable/img_06_3436814300_00056.xml,6,img_06_3436814300_00056.jpg,6_siban,5,silk_spot,1336.0,60.0,1918.0,263.0,582.0,203.0,candidate,
img_06_3436814600_00007,data/raw/GC10-DET/10/img_06_3436814600_00007.jpg,data/raw/GC10-DET/lable/img_06_3436814600_00007.xml,10,img_06_3436814600_00007.jpg,10_yaozhed,9,waist_folding,1371.0,121.0,2017.0,825.0,646.0,704.0,candidate,
img_06_3436815600_01098,data/raw/GC10-DET/2/img_06_3436815600_01098.jpg,data/raw/GC10-DET/lable/img_06_3436815600_01098.xml,2,img_06_3436815600_01098.jpg,2_hanfeng,1,welding_line,7.0,301.0,2048.0,375.0,2041.0,74.0,candidate,
img_06_3436815600_01098,data/raw/GC10-DET/2/img_06_3436815600_01098.jpg,data/raw/GC10-DET/lable/img_06_3436815600_01098.xml,2,img_06_3436815600_01098.jpg,1_chongkong,0,punching_hole,1874.0,491.0,1992.0,545.0,118.0,54.0,candidate,
img_06_3437011100_01183,data/raw/GC10-DET/10/img_06_3437011100_01183.jpg,data/raw/GC10-DET/lable/img_06_3437011100_01183.xml,10,img_06_3437011100_01183.jpg,10_yaozhed,9,waist_folding,1.0,73.0,984.0,719.0,983.0,646.0,candidate,
img_06_3437011300_00001,data/raw/GC10-DET/2/img_06_3437011300_00001.jpg,data/raw/GC10-DET/lable/img_06_3437011300_00001.xml,2,img_06_3437011300_00001.jpg,2_hanfeng,1,welding_line,10.0,581.0,2048.0,645.0,2038.0,64.0,candidate,
img_06_3437011300_00001,data/raw/GC10-DET/2/img_06_3437011300_00001.jpg,data/raw/GC10-DET/lable/img_06_3437011300_00001.xml,2,img_06_3437011300_00001.jpg,1_chongkong,0,punching_hole,1854.0,753.0,1967.0,811.0,113.0,58.0,candidate,
img_06_424798500_01234,data/raw/GC10-DET/1/img_06_424798500_01234.jpg,data/raw/GC10-DET/lable/img_06_424798500_01234.xml,1,img_06_424798500_01234.jpg,1_chongkong,0,punching_hole,1871.0,416.0,1972.0,484.0,101.0,68.0,candidate,
img_06_424798500_01234,data/raw/GC10-DET/1/img_06_424798500_01234.jpg,data/raw/GC10-DET/lable/img_06_424798500_01234.xml,1,img_06_424798500_01234.jpg,2_hanfeng,1,welding_line,11.0,246.0,2035.0,306.0,2024.0,60.0,candidate,
img_06_424799200_00013,data/raw/GC10-DET/4/img_06_424799200_00013.jpg,data/raw/GC10-DET/lable/img_06_424799200_00013.xml,4,img_06_424799200_00013.jpg,4_shuiban,3,water_spot,1544.0,268.0,1712.0,976.0,168.0,708.0,candidate,
img_06_424799300_01133,data/raw/GC10-DET/1/img_06_424799300_01133.jpg,data/raw/GC10-DET/lable/img_06_424799300_01133.xml,1,img_06_424799300_01133.jpg,1_chongkong,0,punching_hole,1864.0,855.0,1974.0,929.0,110.0,74.0,candidate,
img_06_424799300_01133,data/raw/GC10-DET/1/img_06_424799300_01133.jpg,data/raw/GC10-DET/lable/img_06_424799300_01133.xml,1,img_06_424799300_01133.jpg,2_hanfeng,1,welding_line,10.0,659.0,2040.0,754.0,2030.0,95.0,candidate,
img_06_424799400_01079,data/raw/GC10-DET/1/img_06_424799400_01079.jpg,data/raw/GC10-DET/lable/img_06_424799400_01079.xml,1,img_06_424799400_01079.jpg,1_chongkong,0,punching_hole,1846.0,283.0,1969.0,353.0,123.0,70.0,candidate,
img_06_424799400_01079,data/raw/GC10-DET/1/img_06_424799400_01079.jpg,data/raw/GC10-DET/lable/img_06_424799400_01079.xml,1,img_06_424799400_01079.jpg,2_hanfeng,1,welding_line,3.0,106.0,2048.0,176.0,2045.0,70.0,candidate,
img_06_424799500_00921,data/raw/GC10-DET/1/img_06_424799500_00921.jpg,data/raw/GC10-DET/lable/img_06_424799500_00921.xml,1,img_06_424799500_00921.jpg,1_chongkong,0,punching_hole,1872.0,45.0,1977.0,101.0,105.0,56.0,candidate,
img_06_424826800_00488,data/raw/GC10-DET/10/img_06_424826800_00488.jpg,data/raw/GC10-DET/lable/img_06_424826800_00488.xml,10,img_06_424826800_00488.jpg,10_yaozhed,9,waist_folding,241.0,55.0,1172.0,971.0,931.0,916.0,candidate,
img_06_424826800_00490,data/raw/GC10-DET/10/img_06_424826800_00490.jpg,data/raw/GC10-DET/lable/img_06_424826800_00490.xml,10,img_06_424826800_00490.jpg,10_yaozhed,9,waist_folding,310.0,107.0,961.0,893.0,651.0,786.0,candidate,
img_06_424826800_00492,data/raw/GC10-DET/10/img_06_424826800_00492.jpg,data/raw/GC10-DET/lable/img_06_424826800_00492.xml,10,img_06_424826800_00492.jpg,10_yaozhed,9,waist_folding,462.0,48.0,1168.0,878.0,706.0,830.0,candidate,
img_06_424826800_00493,data/raw/GC10-DET/10/img_06_424826800_00493.jpg,data/raw/GC10-DET/lable/img_06_424826800_00493.xml,10,img_06_424826800_00493.jpg,10_yaozhed,9,waist_folding,499.0,44.0,1126.0,966.0,627.0,922.0,candidate,
img_06_424826800_00494,data/raw/GC10-DET/10/img_06_424826800_00494.jpg,data/raw/GC10-DET/lable/img_06_424826800_00494.xml,10,img_06_424826800_00494.jpg,10_yaozhed,9,waist_folding,494.0,60.0,1152.0,1000.0,658.0,940.0,candidate,
img_06_424826800_00497,data/raw/GC10-DET/10/img_06_424826800_00497.jpg,data/raw/GC10-DET/lable/img_06_424826800_00497.xml,10,img_06_424826800_00497.jpg,10_yaozhed,9,waist_folding,484.0,55.0,1181.0,993.0,697.0,938.0,candidate,
img_06_424826800_00499,data/raw/GC10-DET/10/img_06_424826800_00499.jpg,data/raw/GC10-DET/lable/img_06_424826800_00499.xml,10,img_06_424826800_00499.jpg,10_yaozhed,9,waist_folding,503.0,34.0,1128.0,1000.0,625.0,966.0,candidate,
img_06_424826800_00500,data/raw/GC10-DET/10/img_06_424826800_00500.jpg,data/raw/GC10-DET/lable/img_06_424826800_00500.xml,10,img_06_424826800_00500.jpg,10_yaozhed,9,waist_folding,484.0,83.0,1226.0,935.0,742.0,852.0,candidate,
img_06_424826800_00501,data/raw/GC10-DET/10/img_06_424826800_00501.jpg,data/raw/GC10-DET/lable/img_06_424826800_00501.xml,10,img_06_424826800_00501.jpg,10_yaozhed,9,waist_folding,376.0,53.0,1187.0,970.0,811.0,917.0,candidate,
img_06_424826800_00502,data/raw/GC10-DET/10/img_06_424826800_00502.jpg,data/raw/GC10-DET/lable/img_06_424826800_00502.xml,10,img_06_424826800_00502.jpg,10_yaozhed,9,waist_folding,430.0,52.0,1208.0,953.0,778.0,901.0,candidate,
img_06_424826800_00505,data/raw/GC10-DET/10/img_06_424826800_00505.jpg,data/raw/GC10-DET/lable/img_06_424826800_00505.xml,10,img_06_424826800_00505.jpg,10_yaozhed,9,waist_folding,448.0,76.0,1179.0,924.0,731.0,848.0,candidate,
img_06_425003700_00968,data/raw/GC10-DET/1/img_06_425003700_00968.jpg,data/raw/GC10-DET/lable/img_06_425003700_00968.xml,1,img_06_425003700_00968.jpg,1_chongkong,0,punching_hole,1846.0,507.0,1953.0,573.0,107.0,66.0,candidate,
img_06_425003700_00968,data/raw/GC10-DET/1/img_06_425003700_00968.jpg,data/raw/GC10-DET/lable/img_06_425003700_00968.xml,1,img_06_425003700_00968.jpg,2_hanfeng,1,welding_line,162.0,316.0,2045.0,397.0,1883.0,81.0,candidate,
img_06_425003700_00968,data/raw/GC10-DET/1/img_06_425003700_00968.jpg,data/raw/GC10-DET/lable/img_06_425003700_00968.xml,1,img_06_425003700_00968.jpg,3_yueyawan,2,crescent_gap,26.0,76.0,194.0,630.0,168.0,554.0,candidate,
img_06_425237000_00528,data/raw/GC10-DET/7/img_06_425237000_00528.jpg,data/raw/GC10-DET/lable/img_06_425237000_00528.xml,7,img_06_425237000_00528.jpg,4_shuiban,3,water_spot,913.0,66.0,1294.0,963.0,381.0,897.0,candidate,
img_06_425237000_00528,data/raw/GC10-DET/7/img_06_425237000_00528.jpg,data/raw/GC10-DET/lable/img_06_425237000_00528.xml,7,img_06_425237000_00528.jpg,7_yiwu,6,inclusion,858.0,798.0,908.0,980.0,50.0,182.0,candidate,
img_06_425237000_00528,data/raw/GC10-DET/7/img_06_425237000_00528.jpg,data/raw/GC10-DET/lable/img_06_425237000_00528.xml,7,img_06_425237000_00528.jpg,7_yiwu,6,inclusion,824.0,183.0,872.0,440.0,48.0,257.0,candidate,
img_06_425237000_00528,data/raw/GC10-DET/7/img_06_425237000_00528.jpg,data/raw/GC10-DET/lable/img_06_425237000_00528.xml,7,img_06_425237000_00528.jpg,7_yiwu,6,inclusion,850.0,484.0,895.0,664.0,45.0,180.0,candidate,
img_06_425237000_00658,data/raw/GC10-DET/7/img_06_425237000_00658.jpg,data/raw/GC10-DET/lable/img_06_425237000_00658.xml,7,img_06_425237000_00658.jpg,7_yiwu,6,inclusion,825.0,42.0,951.0,981.0,126.0,939.0,candidate,
img_06_425237000_00660,data/raw/GC10-DET/7/img_06_425237000_00660.jpg,data/raw/GC10-DET/lable/img_06_425237000_00660.xml,7,img_06_425237000_00660.jpg,7_yiwu,6,inclusion,787.0,40.0,951.0,962.0,164.0,922.0,candidate,
img_06_425237000_00661,data/raw/GC10-DET/7/img_06_425237000_00661.jpg,data/raw/GC10-DET/lable/img_06_425237000_00661.xml,7,img_06_425237000_00661.jpg,7_yiwu,6,inclusion,836.0,19.0,1005.0,976.0,169.0,957.0,candidate,
img_06_425237000_00662,data/raw/GC10-DET/7/img_06_425237000_00662.jpg,data/raw/GC10-DET/lable/img_06_425237000_00662.xml,7,img_06_425237000_00662.jpg,7_yiwu,6,inclusion,799.0,5.0,927.0,908.0,128.0,903.0,candidate,
img_06_425237000_00664,data/raw/GC10-DET/7/img_06_425237000_00664.jpg,data/raw/GC10-DET/lable/img_06_425237000_00664.xml,7,img_06_425237000_00664.jpg,7_yiwu,6,inclusion,812.0,23.0,935.0,971.0,123.0,948.0,candidate,
img_06_425237000_00664,data/raw/GC10-DET/7/img_06_425237000_00664.jpg,data/raw/GC10-DET/lable/img_06_425237000_00664.xml,7,img_06_425237000_00664.jpg,4_shuiban,3,water_spot,979.0,61.0,1375.0,964.0,396.0,903.0,candidate,
img_06_425237000_00670,data/raw/GC10-DET/7/img_06_425237000_00670.jpg,data/raw/GC10-DET/lable/img_06_425237000_00670.xml,7,img_06_425237000_00670.jpg,7_yiwu,6,inclusion,836.0,27.0,972.0,960.0,136.0,933.0,candidate,
img_06_425237000_00670,data/raw/GC10-DET/7/img_06_425237000_00670.jpg,data/raw/GC10-DET/lable/img_06_425237000_00670.xml,7,img_06_425237000_00670.jpg,4_shuiban,3,water_spot,1024.0,75.0,1335.0,907.0,311.0,832.0,candidate,
img_06_425237000_00672,data/raw/GC10-DET/7/img_06_425237000_00672.jpg,data/raw/GC10-DET/lable/img_06_425237000_00672.xml,7,img_06_425237000_00672.jpg,7_yiwu,6,inclusion,826.0,53.0,934.0,967.0,108.0,914.0,candidate,
img_06_425237000_00673,data/raw/GC10-DET/7/img_06_425237000_00673.jpg,data/raw/GC10-DET/lable/img_06_425237000_00673.xml,7,img_06_425237000_00673.jpg,7_yiwu,6,inclusion,830.0,25.0,969.0,953.0,139.0,928.0,candidate,
img_06_425237000_00674,data/raw/GC10-DET/7/img_06_425237000_00674.jpg,data/raw/GC10-DET/lable/img_06_425237000_00674.xml,7,img_06_425237000_00674.jpg,7_yiwu,6,inclusion,857.0,1.0,986.0,977.0,129.0,976.0,candidate,
img_06_425237000_00773,data/raw/GC10-DET/7/img_06_425237000_00773.jpg,data/raw/GC10-DET/lable/img_06_425237000_00773.xml,7,img_06_425237000_00773.jpg,7_yiwu,6,inclusion,833.0,15.0,954.0,984.0,121.0,969.0,candidate,
img_06_425237000_00834,data/raw/GC10-DET/7/img_06_425237000_00834.jpg,data/raw/GC10-DET/lable/img_06_425237000_00834.xml,7,img_06_425237000_00834.jpg,7_yiwu,6,inclusion,787.0,23.0,869.0,973.0,82.0,950.0,candidate,
img_06_425243200_00116,data/raw/GC10-DET/6/img_06_425243200_00116.jpg,data/raw/GC10-DET/lable/img_06_425243200_00116.xml,6,img_06_425243200_00116.jpg,6_siban,5,silk_spot,287.0,93.0,715.0,375.0,428.0,282.0,candidate,
img_06_425243200_00116,data/raw/GC10-DET/6/img_06_425243200_00116.jpg,data/raw/GC10-DET/lable/img_06_425243200_00116.xml,6,img_06_425243200_00116.jpg,6_siban,5,silk_spot,472.0,635.0,781.0,898.0,309.0,263.0,candidate,
img_06_425382900_00001,data/raw/GC10-DET/2/img_06_425382900_00001.jpg,data/raw/GC10-DET/lable/img_06_425382900_00001.xml,2,img_06_425382900_00001.jpg,2_hanfeng,1,welding_line,10.0,903.0,2048.0,957.0,2038.0,54.0,candidate,
img_06_425389800_00053,data/raw/GC10-DET/2/img_06_425389800_00053.jpg,data/raw/GC10-DET/lable/img_06_425389800_00053.xml,2,img_06_425389800_00053.jpg,2_hanfeng,1,welding_line,130.0,191.0,2048.0,263.0,1918.0,72.0,candidate,
img_06_425389800_00053,data/raw/GC10-DET/2/img_06_425389800_00053.jpg,data/raw/GC10-DET/lable/img_06_425389800_00053.xml,2,img_06_425389800_00053.jpg,1_chongkong,0,punching_hole,1835.0,368.0,1961.0,440.0,126.0,72.0,candidate,
img_06_425389900_00054,data/raw/GC10-DET/2/img_06_425389900_00054.jpg,data/raw/GC10-DET/lable/img_06_425389900_00054.xml,2,img_06_425389900_00054.jpg,2_hanfeng,1,welding_line,159.0,730.0,2048.0,804.0,1889.0,74.0,candidate,
img_06_425389900_00054,data/raw/GC10-DET/2/img_06_425389900_00054.jpg,data/raw/GC10-DET/lable/img_06_425389900_00054.xml,2,img_06_425389900_00054.jpg,1_chongkong,0,punching_hole,1854.0,919.0,1964.0,981.0,110.0,62.0,candidate,
img_06_425390200_00053,data/raw/GC10-DET/3/img_06_425390200_00053.jpg,data/raw/GC10-DET/lable/img_06_425390200_00053.xml,3,img_06_425390200_00053.jpg,3_yueyawan,2,crescent_gap,13.0,1.0,300.0,199.0,287.0,198.0,candidate,
img_06_425390200_00053,data/raw/GC10-DET/3/img_06_425390200_00053.jpg,data/raw/GC10-DET/lable/img_06_425390200_00053.xml,3,img_06_425390200_00053.jpg,1_chongkong,0,punching_hole,1835.0,89.0,2026.0,180.0,191.0,91.0,candidate,
img_06_425390700_00051,data/raw/GC10-DET/3/img_06_425390700_00051.jpg,data/raw/GC10-DET/lable/img_06_425390700_00051.xml,3,img_06_425390700_00051.jpg,3_yueyawan,2,crescent_gap,62.0,198.0,558.0,1000.0,496.0,802.0,candidate,
img_06_425390700_00051,data/raw/GC10-DET/3/img_06_425390700_00051.jpg,data/raw/GC10-DET/lable/img_06_425390700_00051.xml,3,img_06_425390700_00051.jpg,2_hanfeng,1,welding_line,459.0,771.0,2048.0,870.0,1589.0,99.0,candidate,
img_06_425391700_00039,data/raw/GC10-DET/7/img_06_425391700_00039.jpg,data/raw/GC10-DET/lable/img_06_425391700_00039.xml,7,img_06_425391700_00039.jpg,7_yiwu,6,inclusion,1443.0,209.0,1526.0,286.0,83.0,77.0,candidate,
img_06_425391700_00039,data/raw/GC10-DET/7/img_06_425391700_00039.jpg,data/raw/GC10-DET/lable/img_06_425391700_00039.xml,7,img_06_425391700_00039.jpg,7_yiwu,6,inclusion,1063.0,254.0,1137.0,314.0,74.0,60.0,candidate,
img_06_425391700_00039,data/raw/GC10-DET/7/img_06_425391700_00039.jpg,data/raw/GC10-DET/lable/img_06_425391700_00039.xml,7,img_06_425391700_00039.jpg,7_yiwu,6,inclusion,987.0,152.0,1038.0,225.0,51.0,73.0,candidate,
img_06_425391700_00039,data/raw/GC10-DET/7/img_06_425391700_00039.jpg,data/raw/GC10-DET/lable/img_06_425391700_00039.xml,7,img_06_425391700_00039.jpg,7_yiwu,6,inclusion,865.0,169.0,929.0,226.0,64.0,57.0,candidate,
img_06_425391700_00039,data/raw/GC10-DET/7/img_06_425391700_00039.jpg,data/raw/GC10-DET/lable/img_06_425391700_00039.xml,7,img_06_425391700_00039.jpg,7_yiwu,6,inclusion,1367.0,362.0,1466.0,414.0,99.0,52.0,candidate,
img_06_425391700_00039,data/raw/GC10-DET/7/img_06_425391700_00039.jpg,data/raw/GC10-DET/lable/img_06_425391700_00039.xml,7,img_06_425391700_00039.jpg,7_yiwu,6,inclusion,1524.0,316.0,1972.0,722.0,448.0,406.0,candidate,
img_06_425391700_00039,data/raw/GC10-DET/7/img_06_425391700_00039.jpg,data/raw/GC10-DET/lable/img_06_425391700_00039.xml,7,img_06_425391700_00039.jpg,7_yiwu,6,inclusion,1622.0,7.0,2006.0,108.0,384.0,101.0,candidate,
img_06_425392300_00387,data/raw/GC10-DET/5/img_06_425392300_00387.jpg,data/raw/GC10-DET/lable/img_06_425392300_00387.xml,5,img_06_425392300_00387.jpg,4_shuiban,3,water_spot,1235.0,520.0,1386.0,980.0,151.0,460.0,candidate,
img_06_425392500_00834,data/raw/GC10-DET/7/img_06_425392500_00834.jpg,data/raw/GC10-DET/lable/img_06_425392500_00834.xml,7,img_06_425392500_00834.jpg,7_yiwu,6,inclusion,308.0,1.0,366.0,32.0,58.0,31.0,candidate,
img_06_425501100_00051,data/raw/GC10-DET/1/img_06_425501100_00051.jpg,data/raw/GC10-DET/lable/img_06_425501100_00051.xml,1,img_06_425501100_00051.jpg,1_chongkong,0,punching_hole,1859.0,583.0,1969.0,634.0,110.0,51.0,candidate,
img_06_425501100_00051,data/raw/GC10-DET/1/img_06_425501100_00051.jpg,data/raw/GC10-DET/lable/img_06_425501100_00051.xml,1,img_06_425501100_00051.jpg,2_hanfeng,1,welding_line,207.0,405.0,2048.0,463.0,1841.0,58.0,candidate,
img_06_425501100_00051,data/raw/GC10-DET/1/img_06_425501100_00051.jpg,data/raw/GC10-DET/lable/img_06_425501100_00051.xml,1,img_06_425501100_00051.jpg,6_siban,5,silk_spot,7.0,9.0,1513.0,417.0,1506.0,408.0,candidate,
img_06_425501700_00053,data/raw/GC10-DET/1/img_06_425501700_00053.jpg,data/raw/GC10-DET/lable/img_06_425501700_00053.xml,1,img_06_425501700_00053.jpg,1_chongkong,0,punching_hole,1862.0,542.0,1964.0,606.0,102.0,64.0,candidate,
img_06_425501700_00053,data/raw/GC10-DET/1/img_06_425501700_00053.jpg,data/raw/GC10-DET/lable/img_06_425501700_00053.xml,1,img_06_425501700_00053.jpg,2_hanfeng,1,welding_line,13.0,352.0,2030.0,433.0,2017.0,81.0,candidate,
img_06_425501800_00053,data/raw/GC10-DET/1/img_06_425501800_00053.jpg,data/raw/GC10-DET/lable/img_06_425501800_00053.xml,1,img_06_425501800_00053.jpg,1_chongkong,0,punching_hole,1862.0,781.0,1961.0,845.0,99.0,64.0,candidate,
img_06_425501800_00053,data/raw/GC10-DET/1/img_06_425501800_00053.jpg,data/raw/GC10-DET/lable/img_06_425501800_00053.xml,1,img_06_425501800_00053.jpg,2_hanfeng,1,welding_line,5.0,581.0,2042.0,670.0,2037.0,89.0,candidate,
img_06_425501800_00053,data/raw/GC10-DET/1/img_06_425501800_00053.jpg,data/raw/GC10-DET/lable/img_06_425501800_00053.xml,1,img_06_425501800_00053.jpg,5_youban,4,oil_spot,692.0,700.0,1292.0,941.0,600.0,241.0,candidate,
img_06_425501900_00054,data/raw/GC10-DET/1/img_06_425501900_00054.jpg,data/raw/GC10-DET/lable/img_06_425501900_00054.xml,1,img_06_425501900_00054.jpg,1_chongkong,0,punching_hole,1854.0,829.0,1958.0,891.0,104.0,62.0,candidate,
img_06_425501900_00054,data/raw/GC10-DET/1/img_06_425501900_00054.jpg,data/raw/GC10-DET/lable/img_06_425501900_00054.xml,1,img_06_425501900_00054.jpg,2_hanfeng,1,welding_line,7.0,633.0,2040.0,719.0,2033.0,86.0,candidate,
img_06_425502100_00053,data/raw/GC10-DET/1/img_06_425502100_00053.jpg,data/raw/GC10-DET/lable/img_06_425502100_00053.xml,1,img_06_425502100_00053.jpg,1_chongkong,0,punching_hole,1858.0,668.0,1967.0,730.0,109.0,62.0,candidate,
img_06_425502100_00053,data/raw/GC10-DET/1/img_06_425502100_00053.jpg,data/raw/GC10-DET/lable/img_06_425502100_00053.xml,1,img_06_425502100_00053.jpg,2_hanfeng,1,welding_line,13.0,470.0,2045.0,547.0,2032.0,77.0,candidate,
img_06_425502300_00053,data/raw/GC10-DET/1/img_06_425502300_00053.jpg,data/raw/GC10-DET/lable/img_06_425502300_00053.xml,1,img_06_425502300_00053.jpg,1_chongkong,0,punching_hole,1867.0,417.0,1974.0,480.0,107.0,63.0,candidate,
img_06_425502300_00053,data/raw/GC10-DET/1/img_06_425502300_00053.jpg,data/raw/GC10-DET/lable/img_06_425502300_00053.xml,1,img_06_425502300_00053.jpg,2_hanfeng,1,welding_line,2.0,228.0,2045.0,313.0,2043.0,85.0,candidate,
img_06_425502300_01395,data/raw/GC10-DET/5/img_06_425502300_01395.jpg,data/raw/GC10-DET/lable/img_06_425502300_01395.xml,5,img_06_425502300_01395.jpg,5_youban,4,oil_spot,172.0,725.0,302.0,815.0,130.0,90.0,candidate,
img_06_425502300_01395,data/raw/GC10-DET/5/img_06_425502300_01395.jpg,data/raw/GC10-DET/lable/img_06_425502300_01395.xml,5,img_06_425502300_01395.jpg,5_youban,4,oil_spot,183.0,1.0,303.0,32.0,120.0,31.0,candidate,
img_06_425502300_01396,data/raw/GC10-DET/5/img_06_425502300_01396.jpg,data/raw/GC10-DET/lable/img_06_425502300_01396.xml,5,img_06_425502300_01396.jpg,5_youban,4,oil_spot,171.0,180.0,289.0,266.0,118.0,86.0,candidate,
img_06_425502300_01396,data/raw/GC10-DET/5/img_06_425502300_01396.jpg,data/raw/GC10-DET/lable/img_06_425502300_01396.xml,5,img_06_425502300_01396.jpg,5_youban,4,oil_spot,167.0,940.0,295.0,1000.0,128.0,60.0,candidate,
img_06_425502300_01397,data/raw/GC10-DET/5/img_06_425502300_01397.jpg,data/raw/GC10-DET/lable/img_06_425502300_01397.xml,5,img_06_425502300_01397.jpg,5_youban,4,oil_spot,175.0,427.0,303.0,511.0,128.0,84.0,candidate,
img_06_425502300_01397,data/raw/GC10-DET/5/img_06_425502300_01397.jpg,data/raw/GC10-DET/lable/img_06_425502300_01397.xml,5,img_06_425502300_01397.jpg,5_youban,4,oil_spot,182.0,255.0,296.0,329.0,114.0,74.0,candidate,
img_06_425502300_01398,data/raw/GC10-DET/5/img_06_425502300_01398.jpg,data/raw/GC10-DET/lable/img_06_425502300_01398.xml,5,img_06_425502300_01398.jpg,5_youban,4,oil_spot,174.0,647.0,300.0,727.0,126.0,80.0,candidate,
img_06_425502300_01398,data/raw/GC10-DET/5/img_06_425502300_01398.jpg,data/raw/GC10-DET/lable/img_06_425502300_01398.xml,5,img_06_425502300_01398.jpg,5_youban,4,oil_spot,182.0,466.0,282.0,536.0,100.0,70.0,candidate,
img_06_425502300_01399,data/raw/GC10-DET/5/img_06_425502300_01399.jpg,data/raw/GC10-DET/lable/img_06_425502300_01399.xml,5,img_06_425502300_01399.jpg,5_youban,4,oil_spot,172.0,72.0,293.0,164.0,121.0,92.0,candidate,
img_06_425502300_01399,data/raw/GC10-DET/5/img_06_425502300_01399.jpg,data/raw/GC10-DET/lable/img_06_425502300_01399.xml,5,img_06_425502300_01399.jpg,5_youban,4,oil_spot,182.0,669.0,288.0,736.0,106.0,67.0,candidate,
img_06_425502300_01399,data/raw/GC10-DET/5/img_06_425502300_01399.jpg,data/raw/GC10-DET/lable/img_06_425502300_01399.xml,5,img_06_425502300_01399.jpg,5_youban,4,oil_spot,168.0,845.0,290.0,930.0,122.0,85.0,candidate,
img_06_425502300_01400,data/raw/GC10-DET/5/img_06_425502300_01400.jpg,data/raw/GC10-DET/lable/img_06_425502300_01400.xml,5,img_06_425502300_01400.jpg,5_youban,4,oil_spot,170.0,152.0,292.0,211.0,122.0,59.0,candidate,
img_06_425502300_01400,data/raw/GC10-DET/5/img_06_425502300_01400.jpg,data/raw/GC10-DET/lable/img_06_425502300_01400.xml,5,img_06_425502300_01400.jpg,5_youban,4,oil_spot,164.0,322.0,295.0,415.0,131.0,93.0,candidate,
img_06_425502300_01400,data/raw/GC10-DET/5/img_06_425502300_01400.jpg,data/raw/GC10-DET/lable/img_06_425502300_01400.xml,5,img_06_425502300_01400.jpg,5_youban,4,oil_spot,175.0,723.0,285.0,812.0,110.0,89.0,candidate,
img_06_425502300_01400,data/raw/GC10-DET/5/img_06_425502300_01400.jpg,data/raw/GC10-DET/lable/img_06_425502300_01400.xml,5,img_06_425502300_01400.jpg,5_youban,4,oil_spot,168.0,907.0,295.0,975.0,127.0,68.0,candidate,
img_06_425502300_01401,data/raw/GC10-DET/5/img_06_425502300_01401.jpg,data/raw/GC10-DET/lable/img_06_425502300_01401.xml,5,img_06_425502300_01401.jpg,5_youban,4,oil_spot,175.0,183.0,289.0,247.0,114.0,64.0,candidate,
img_06_425502300_01401,data/raw/GC10-DET/5/img_06_425502300_01401.jpg,data/raw/GC10-DET/lable/img_06_425502300_01401.xml,5,img_06_425502300_01401.jpg,5_youban,4,oil_spot,168.0,357.0,291.0,442.0,123.0,85.0,candidate,
img_06_425502300_01401,data/raw/GC10-DET/5/img_06_425502300_01401.jpg,data/raw/GC10-DET/lable/img_06_425502300_01401.xml,5,img_06_425502300_01401.jpg,5_youban,4,oil_spot,172.0,541.0,293.0,640.0,121.0,99.0,candidate,
img_06_425502300_01402,data/raw/GC10-DET/5/img_06_425502300_01402.jpg,data/raw/GC10-DET/lable/img_06_425502300_01402.xml,5,img_06_425502300_01402.jpg,5_youban,4,oil_spot,182.0,758.0,292.0,852.0,110.0,94.0,candidate,
img_06_425502300_01402,data/raw/GC10-DET/5/img_06_425502300_01402.jpg,data/raw/GC10-DET/lable/img_06_425502300_01402.xml,5,img_06_425502300_01402.jpg,5_youban,4,oil_spot,186.0,593.0,285.0,647.0,99.0,54.0,candidate,
img_06_425502300_01402,data/raw/GC10-DET/5/img_06_425502300_01402.jpg,data/raw/GC10-DET/lable/img_06_425502300_01402.xml,5,img_06_425502300_01402.jpg,5_youban,4,oil_spot,193.0,400.0,296.0,470.0,103.0,70.0,candidate,
img_06_425502300_01402,data/raw/GC10-DET/5/img_06_425502300_01402.jpg,data/raw/GC10-DET/lable/img_06_425502300_01402.xml,5,img_06_425502300_01402.jpg,5_youban,4,oil_spot,192.0,236.0,303.0,294.0,111.0,58.0,candidate,
img_06_425502300_01402,data/raw/GC10-DET/5/img_06_425502300_01402.jpg,data/raw/GC10-DET/lable/img_06_425502300_01402.xml,5,img_06_425502300_01402.jpg,5_youban,4,oil_spot,165.0,2.0,295.0,93.0,130.0,91.0,candidate,
img_06_425502300_01403,data/raw/GC10-DET/5/img_06_425502300_01403.jpg,data/raw/GC10-DET/lable/img_06_425502300_01403.xml,5,img_06_425502300_01403.jpg,5_youban,4,oil_spot,171.0,69.0,288.0,148.0,117.0,79.0,candidate,
img_06_425502300_01403,data/raw/GC10-DET/5/img_06_425502300_01403.jpg,data/raw/GC10-DET/lable/img_06_425502300_01403.xml,5,img_06_425502300_01403.jpg,5_youban,4,oil_spot,168.0,244.0,285.0,332.0,117.0,88.0,candidate,
img_06_425502300_01403,data/raw/GC10-DET/5/img_06_425502300_01403.jpg,data/raw/GC10-DET/lable/img_06_425502300_01403.xml,5,img_06_425502300_01403.jpg,5_youban,4,oil_spot,174.0,464.0,299.0,562.0,125.0,98.0,candidate,
img_06_425502300_01403,data/raw/GC10-DET/5/img_06_425502300_01403.jpg,data/raw/GC10-DET/lable/img_06_425502300_01403.xml,5,img_06_425502300_01403.jpg,5_youban,4,oil_spot,174.0,651.0,297.0,734.0,123.0,83.0,candidate,
img_06_425502300_01403,data/raw/GC10-DET/5/img_06_425502300_01403.jpg,data/raw/GC10-DET/lable/img_06_425502300_01403.xml,5,img_06_425502300_01403.jpg,5_youban,4,oil_spot,160.0,833.0,293.0,904.0,133.0,71.0,candidate,
img_06_425502300_01404,data/raw/GC10-DET/5/img_06_425502300_01404.jpg,data/raw/GC10-DET/lable/img_06_425502300_01404.xml,5,img_06_425502300_01404.jpg,5_youban,4,oil_spot,182.0,94.0,282.0,157.0,100.0,63.0,candidate,
img_06_425502300_01404,data/raw/GC10-DET/5/img_06_425502300_01404.jpg,data/raw/GC10-DET/lable/img_06_425502300_01404.xml,5,img_06_425502300_01404.jpg,5_youban,4,oil_spot,182.0,268.0,296.0,350.0,114.0,82.0,candidate,
img_06_425502300_01404,data/raw/GC10-DET/5/img_06_425502300_01404.jpg,data/raw/GC10-DET/lable/img_06_425502300_01404.xml,5,img_06_425502300_01404.jpg,5_youban,4,oil_spot,174.0,443.0,300.0,557.0,126.0,114.0,candidate,
img_06_425502300_01404,data/raw/GC10-DET/5/img_06_425502300_01404.jpg,data/raw/GC10-DET/lable/img_06_425502300_01404.xml,5,img_06_425502300_01404.jpg,5_youban,4,oil_spot,164.0,679.0,296.0,768.0,132.0,89.0,candidate,
img_06_425502300_01404,data/raw/GC10-DET/5/img_06_425502300_01404.jpg,data/raw/GC10-DET/lable/img_06_425502300_01404.xml,5,img_06_425502300_01404.jpg,5_youban,4,oil_spot,175.0,877.0,290.0,964.0,115.0,87.0,candidate,
img_06_425502300_01405,data/raw/GC10-DET/5/img_06_425502300_01405.jpg,data/raw/GC10-DET/lable/img_06_425502300_01405.xml,5,img_06_425502300_01405.jpg,5_youban,4,oil_spot,189.0,111.0,278.0,182.0,89.0,71.0,candidate,
img_06_425502300_01405,data/raw/GC10-DET/5/img_06_425502300_01405.jpg,data/raw/GC10-DET/lable/img_06_425502300_01405.xml,5,img_06_425502300_01405.jpg,5_youban,4,oil_spot,165.0,277.0,278.0,370.0,113.0,93.0,candidate,
img_06_425502300_01405,data/raw/GC10-DET/5/img_06_425502300_01405.jpg,data/raw/GC10-DET/lable/img_06_425502300_01405.xml,5,img_06_425502300_01405.jpg,5_youban,4,oil_spot,175.0,490.0,283.0,551.0,108.0,61.0,candidate,
img_06_425502300_01405,data/raw/GC10-DET/5/img_06_425502300_01405.jpg,data/raw/GC10-DET/lable/img_06_425502300_01405.xml,5,img_06_425502300_01405.jpg,5_youban,4,oil_spot,164.0,652.0,299.0,752.0,135.0,100.0,candidate,
img_06_425502300_01405,data/raw/GC10-DET/5/img_06_425502300_01405.jpg,data/raw/GC10-DET/lable/img_06_425502300_01405.xml,5,img_06_425502300_01405.jpg,5_youban,4,oil_spot,183.0,874.0,290.0,989.0,107.0,115.0,candidate,
img_06_425502300_01406,data/raw/GC10-DET/5/img_06_425502300_01406.jpg,data/raw/GC10-DET/lable/img_06_425502300_01406.xml,5,img_06_425502300_01406.jpg,5_youban,4,oil_spot,182.0,129.0,299.0,232.0,117.0,103.0,candidate,
img_06_425502300_01406,data/raw/GC10-DET/5/img_06_425502300_01406.jpg,data/raw/GC10-DET/lable/img_06_425502300_01406.xml,5,img_06_425502300_01406.jpg,5_youban,4,oil_spot,189.0,339.0,302.0,450.0,113.0,111.0,candidate,
img_06_425502300_01406,data/raw/GC10-DET/5/img_06_425502300_01406.jpg,data/raw/GC10-DET/lable/img_06_425502300_01406.xml,5,img_06_425502300_01406.jpg,5_youban,4,oil_spot,189.0,551.0,285.0,637.0,96.0,86.0,candidate,
img_06_425502300_01406,data/raw/GC10-DET/5/img_06_425502300_01406.jpg,data/raw/GC10-DET/lable/img_06_425502300_01406.xml,5,img_06_425502300_01406.jpg,5_youban,4,oil_spot,186.0,725.0,272.0,793.0,86.0,68.0,candidate,
img_06_425502300_01406,data/raw/GC10-DET/5/img_06_425502300_01406.jpg,data/raw/GC10-DET/lable/img_06_425502300_01406.xml,5,img_06_425502300_01406.jpg,5_youban,4,oil_spot,174.0,862.0,315.0,984.0,141.0,122.0,candidate,
img_06_425502300_01406,data/raw/GC10-DET/5/img_06_425502300_01406.jpg,data/raw/GC10-DET/lable/img_06_425502300_01406.xml,5,img_06_425502300_01406.jpg,5_youban,4,oil_spot,194.0,1.0,303.0,29.0,109.0,28.0,candidate,
img_06_425502300_01407,data/raw/GC10-DET/5/img_06_425502300_01407.jpg,data/raw/GC10-DET/lable/img_06_425502300_01407.xml,5,img_06_425502300_01407.jpg,5_youban,4,oil_spot,144.0,1.0,311.0,94.0,167.0,93.0,candidate,
img_06_425502300_01407,data/raw/GC10-DET/5/img_06_425502300_01407.jpg,data/raw/GC10-DET/lable/img_06_425502300_01407.xml,5,img_06_425502300_01407.jpg,5_youban,4,oil_spot,174.0,147.0,302.0,255.0,128.0,108.0,candidate,
img_06_425502300_01407,data/raw/GC10-DET/5/img_06_425502300_01407.jpg,data/raw/GC10-DET/lable/img_06_425502300_01407.xml,5,img_06_425502300_01407.jpg,5_youban,4,oil_spot,161.0,346.0,317.0,450.0,156.0,104.0,candidate,
img_06_425502300_01407,data/raw/GC10-DET/5/img_06_425502300_01407.jpg,data/raw/GC10-DET/lable/img_06_425502300_01407.xml,5,img_06_425502300_01407.jpg,5_youban,4,oil_spot,176.0,566.0,292.0,663.0,116.0,97.0,candidate,
img_06_425502300_01407,data/raw/GC10-DET/5/img_06_425502300_01407.jpg,data/raw/GC10-DET/lable/img_06_425502300_01407.xml,5,img_06_425502300_01407.jpg,5_youban,4,oil_spot,153.0,758.0,308.0,857.0,155.0,99.0,candidate,
img_06_425502300_01407,data/raw/GC10-DET/5/img_06_425502300_01407.jpg,data/raw/GC10-DET/lable/img_06_425502300_01407.xml,5,img_06_425502300_01407.jpg,5_youban,4,oil_spot,158.0,934.0,281.0,1000.0,123.0,66.0,candidate,
img_06_425502300_01408,data/raw/GC10-DET/5/img_06_425502300_01408.jpg,data/raw/GC10-DET/lable/img_06_425502300_01408.xml,5,img_06_425502300_01408.jpg,5_youban,4,oil_spot,162.0,21.0,310.0,129.0,148.0,108.0,candidate,
img_06_425502300_01408,data/raw/GC10-DET/5/img_06_425502300_01408.jpg,data/raw/GC10-DET/lable/img_06_425502300_01408.xml,5,img_06_425502300_01408.jpg,5_youban,4,oil_spot,179.0,216.0,302.0,306.0,123.0,90.0,candidate,
img_06_425502300_01408,data/raw/GC10-DET/5/img_06_425502300_01408.jpg,data/raw/GC10-DET/lable/img_06_425502300_01408.xml,5,img_06_425502300_01408.jpg,5_youban,4,oil_spot,184.0,401.0,305.0,491.0,121.0,90.0,candidate,
img_06_425502300_01408,data/raw/GC10-DET/5/img_06_425502300_01408.jpg,data/raw/GC10-DET/lable/img_06_425502300_01408.xml,5,img_06_425502300_01408.jpg,5_youban,4,oil_spot,164.0,548.0,323.0,711.0,159.0,163.0,candidate,
img_06_425502300_01408,data/raw/GC10-DET/5/img_06_425502300_01408.jpg,data/raw/GC10-DET/lable/img_06_425502300_01408.xml,5,img_06_425502300_01408.jpg,5_youban,4,oil_spot,176.0,786.0,303.0,884.0,127.0,98.0,candidate,
img_06_425502300_01409,data/raw/GC10-DET/5/img_06_425502300_01409.jpg,data/raw/GC10-DET/lable/img_06_425502300_01409.xml,5,img_06_425502300_01409.jpg,5_youban,4,oil_spot,154.0,37.0,315.0,171.0,161.0,134.0,candidate,
img_06_425502300_01409,data/raw/GC10-DET/5/img_06_425502300_01409.jpg,data/raw/GC10-DET/lable/img_06_425502300_01409.xml,5,img_06_425502300_01409.jpg,5_youban,4,oil_spot,170.0,258.0,306.0,381.0,136.0,123.0,candidate,
img_06_425502300_01409,data/raw/GC10-DET/5/img_06_425502300_01409.jpg,data/raw/GC10-DET/lable/img_06_425502300_01409.xml,5,img_06_425502300_01409.jpg,5_youban,4,oil_spot,167.0,470.0,305.0,555.0,138.0,85.0,candidate,
img_06_425502300_01409,data/raw/GC10-DET/5/img_06_425502300_01409.jpg,data/raw/GC10-DET/lable/img_06_425502300_01409.xml,5,img_06_425502300_01409.jpg,5_youban,4,oil_spot,166.0,647.0,325.0,744.0,159.0,97.0,candidate,
img_06_425502300_01409,data/raw/GC10-DET/5/img_06_425502300_01409.jpg,data/raw/GC10-DET/lable/img_06_425502300_01409.xml,5,img_06_425502300_01409.jpg,5_youban,4,oil_spot,171.0,803.0,320.0,948.0,149.0,145.0,candidate,
img_06_425502300_01410,data/raw/GC10-DET/5/img_06_425502300_01410.jpg,data/raw/GC10-DET/lable/img_06_425502300_01410.xml,5,img_06_425502300_01410.jpg,5_youban,4,oil_spot,172.0,63.0,323.0,181.0,151.0,118.0,candidate,
img_06_425502300_01410,data/raw/GC10-DET/5/img_06_425502300_01410.jpg,data/raw/GC10-DET/lable/img_06_425502300_01410.xml,5,img_06_425502300_01410.jpg,5_youban,4,oil_spot,169.0,234.0,322.0,386.0,153.0,152.0,candidate,
img_06_425502300_01410,data/raw/GC10-DET/5/img_06_425502300_01410.jpg,data/raw/GC10-DET/lable/img_06_425502300_01410.xml,5,img_06_425502300_01410.jpg,5_youban,4,oil_spot,181.0,480.0,313.0,573.0,132.0,93.0,candidate,
img_06_425502300_01410,data/raw/GC10-DET/5/img_06_425502300_01410.jpg,data/raw/GC10-DET/lable/img_06_425502300_01410.xml,5,img_06_425502300_01410.jpg,5_youban,4,oil_spot,169.0,678.0,312.0,773.0,143.0,95.0,candidate,
img_06_425502300_01410,data/raw/GC10-DET/5/img_06_425502300_01410.jpg,data/raw/GC10-DET/lable/img_06_425502300_01410.xml,5,img_06_425502300_01410.jpg,5_youban,4,oil_spot,184.0,871.0,302.0,958.0,118.0,87.0,candidate,
img_06_425502300_01437,data/raw/GC10-DET/5/img_06_425502300_01437.jpg,data/raw/GC10-DET/lable/img_06_425502300_01437.xml,5,img_06_425502300_01437.jpg,5_youban,4,oil_spot,167.0,194.0,318.0,314.0,151.0,120.0,candidate,
img_06_425502300_01438,data/raw/GC10-DET/5/img_06_425502300_01438.jpg,data/raw/GC10-DET/lable/img_06_425502300_01438.xml,5,img_06_425502300_01438.jpg,5_youban,4,oil_spot,172.0,356.0,302.0,579.0,130.0,223.0,candidate,
img_06_425502600_00052,data/raw/GC10-DET/1/img_06_425502600_00052.jpg,data/raw/GC10-DET/lable/img_06_425502600_00052.xml,1,img_06_425502600_00052.jpg,1_chongkong,0,punching_hole,1856.0,129.0,1971.0,186.0,115.0,57.0,candidate,
img_06_425502600_00053,data/raw/GC10-DET/2/img_06_425502600_00053.jpg,data/raw/GC10-DET/lable/img_06_425502600_00053.xml,2,img_06_425502600_00053.jpg,2_hanfeng,1,welding_line,7.0,947.0,2040.0,1000.0,2033.0,53.0,candidate,
img_06_425502700_00052,data/raw/GC10-DET/1/img_06_425502700_00052.jpg,data/raw/GC10-DET/lable/img_06_425502700_00052.xml,1,img_06_425502700_00052.jpg,1_chongkong,0,punching_hole,1858.0,614.0,1966.0,666.0,108.0,52.0,candidate,
img_06_425502700_00052,data/raw/GC10-DET/1/img_06_425502700_00052.jpg,data/raw/GC10-DET/lable/img_06_425502700_00052.xml,1,img_06_425502700_00052.jpg,2_hanfeng,1,welding_line,3.0,427.0,2043.0,492.0,2040.0,65.0,candidate,
img_06_425502900_00052,data/raw/GC10-DET/2/img_06_425502900_00052.jpg,data/raw/GC10-DET/lable/img_06_425502900_00052.xml,2,img_06_425502900_00052.jpg,1_chongkong,0,punching_hole,1867.0,180.0,1979.0,245.0,112.0,65.0,candidate,
img_06_425502900_00052,data/raw/GC10-DET/2/img_06_425502900_00052.jpg,data/raw/GC10-DET/lable/img_06_425502900_00052.xml,2,img_06_425502900_00052.jpg,2_hanfeng,1,welding_line,18.0,7.0,2048.0,91.0,2030.0,84.0,candidate,
img_06_425503000_00053,data/raw/GC10-DET/2/img_06_425503000_00053.jpg,data/raw/GC10-DET/lable/img_06_425503000_00053.xml,2,img_06_425503000_00053.jpg,2_hanfeng,1,welding_line,25.0,617.0,2048.0,710.0,2023.0,93.0,candidate,
img_06_425503000_00053,data/raw/GC10-DET/2/img_06_425503000_00053.jpg,data/raw/GC10-DET/lable/img_06_425503000_00053.xml,2,img_06_425503000_00053.jpg,1_chongkong,0,punching_hole,1844.0,812.0,1989.0,876.0,145.0,64.0,candidate,
img_06_425503300_00053,data/raw/GC10-DET/1/img_06_425503300_00053.jpg,data/raw/GC10-DET/lable/img_06_425503300_00053.xml,1,img_06_425503300_00053.jpg,1_chongkong,0,punching_hole,1849.0,814.0,1954.0,871.0,105.0,57.0,candidate,
img_06_425503300_00053,data/raw/GC10-DET/1/img_06_425503300_00053.jpg,data/raw/GC10-DET/lable/img_06_425503300_00053.xml,1,img_06_425503300_00053.jpg,2_hanfeng,1,welding_line,11.0,640.0,2042.0,709.0,2031.0,69.0,candidate,
img_06_425503400_00040,data/raw/GC10-DET/5/img_06_425503400_00040.jpg,data/raw/GC10-DET/lable/img_06_425503400_00040.xml,5,img_06_425503400_00040.jpg,4_shuiban,3,water_spot,581.0,658.0,694.0,750.0,113.0,92.0,candidate,
img_06_425503400_00049,data/raw/GC10-DET/5/img_06_425503400_00049.jpg,data/raw/GC10-DET/lable/img_06_425503400_00049.xml,5,img_06_425503400_00049.jpg,5_youban,4,oil_spot,561.0,537.0,724.0,616.0,163.0,79.0,candidate,
img_06_425503400_00052,data/raw/GC10-DET/1/img_06_425503400_00052.jpg,data/raw/GC10-DET/lable/img_06_425503400_00052.xml,1,img_06_425503400_00052.jpg,1_chongkong,0,punching_hole,1861.0,139.0,1974.0,203.0,113.0,64.0,candidate,
img_06_425503500_00053,data/raw/GC10-DET/1/img_06_425503500_00053.jpg,data/raw/GC10-DET/lable/img_06_425503500_00053.xml,1,img_06_425503500_00053.jpg,1_chongkong,0,punching_hole,1853.0,76.0,1961.0,139.0,108.0,63.0,candidate,
img_06_425503600_00053,data/raw/GC10-DET/1/img_06_425503600_00053.jpg,data/raw/GC10-DET/lable/img_06_425503600_00053.xml,1,img_06_425503600_00053.jpg,1_chongkong,0,punching_hole,1859.0,724.0,1966.0,783.0,107.0,59.0,candidate,
img_06_425503600_00053,data/raw/GC10-DET/1/img_06_425503600_00053.jpg,data/raw/GC10-DET/lable/img_06_425503600_00053.xml,1,img_06_425503600_00053.jpg,2_hanfeng,1,welding_line,8.0,546.0,2042.0,611.0,2034.0,65.0,candidate,
img_06_425503800_00052,data/raw/GC10-DET/1/img_06_425503800_00052.jpg,data/raw/GC10-DET/lable/img_06_425503800_00052.xml,1,img_06_425503800_00052.jpg,1_chongkong,0,punching_hole,1859.0,139.0,1972.0,204.0,113.0,65.0,candidate,
img_06_425504800_00053,data/raw/GC10-DET/1/img_06_425504800_00053.jpg,data/raw/GC10-DET/lable/img_06_425504800_00053.xml,1,img_06_425504800_00053.jpg,1_chongkong,0,punching_hole,1856.0,863.0,1961.0,930.0,105.0,67.0,candidate,
img_06_425504800_00053,data/raw/GC10-DET/1/img_06_425504800_00053.jpg,data/raw/GC10-DET/lable/img_06_425504800_00053.xml,1,img_06_425504800_00053.jpg,2_hanfeng,1,welding_line,15.0,668.0,2043.0,760.0,2028.0,92.0,candidate,
img_06_425504900_00051,data/raw/GC10-DET/1/img_06_425504900_00051.jpg,data/raw/GC10-DET/lable/img_06_425504900_00051.xml,1,img_06_425504900_00051.jpg,1_chongkong,0,punching_hole,1859.0,245.0,1964.0,314.0,105.0,69.0,candidate,
img_06_425504900_00051,data/raw/GC10-DET/1/img_06_425504900_00051.jpg,data/raw/GC10-DET/lable/img_06_425504900_00051.xml,1,img_06_425504900_00051.jpg,2_hanfeng,1,welding_line,2.0,54.0,2048.0,147.0,2046.0,93.0,candidate,
img_06_425505000_00050,data/raw/GC10-DET/1/img_06_425505000_00050.jpg,data/raw/GC10-DET/lable/img_06_425505000_00050.xml,1,img_06_425505000_00050.jpg,1_chongkong,0,punching_hole,1858.0,406.0,1967.0,466.0,109.0,60.0,candidate,
img_06_425505000_00050,data/raw/GC10-DET/1/img_06_425505000_00050.jpg,data/raw/GC10-DET/lable/img_06_425505000_00050.xml,1,img_06_425505000_00050.jpg,2_hanfeng,1,welding_line,8.0,214.0,2042.0,293.0,2034.0,79.0,candidate,
img_06_425505100_00052,data/raw/GC10-DET/1/img_06_425505100_00052.jpg,data/raw/GC10-DET/lable/img_06_425505100_00052.xml,1,img_06_425505100_00052.jpg,1_chongkong,0,punching_hole,1859.0,27.0,1964.0,88.0,105.0,61.0,candidate,
img_06_425505100_00052,data/raw/GC10-DET/1/img_06_425505100_00052.jpg,data/raw/GC10-DET/lable/img_06_425505100_00052.xml,1,img_06_425505100_00052.jpg,8_yahen,7,rolled_pit,630.0,554.0,756.0,623.0,126.0,69.0,candidate,
img_06_425505400_00052,data/raw/GC10-DET/1/img_06_425505400_00052.jpg,data/raw/GC10-DET/lable/img_06_425505400_00052.xml,1,img_06_425505400_00052.jpg,1_chongkong,0,punching_hole,1856.0,519.0,1964.0,578.0,108.0,59.0,candidate,
img_06_425505400_00052,data/raw/GC10-DET/1/img_06_425505400_00052.jpg,data/raw/GC10-DET/lable/img_06_425505400_00052.xml,1,img_06_425505400_00052.jpg,2_hanfeng,1,welding_line,10.0,341.0,2029.0,413.0,2019.0,72.0,candidate,
img_06_425505500_00051,data/raw/GC10-DET/1/img_06_425505500_00051.jpg,data/raw/GC10-DET/lable/img_06_425505500_00051.xml,1,img_06_425505500_00051.jpg,1_chongkong,0,punching_hole,1848.0,21.0,1951.0,76.0,103.0,55.0,candidate,
img_06_425505500_00052,data/raw/GC10-DET/2/img_06_425505500_00052.jpg,data/raw/GC10-DET/lable/img_06_425505500_00052.xml,2,img_06_425505500_00052.jpg,2_hanfeng,1,welding_line,10.0,829.0,2047.0,918.0,2037.0,89.0,candidate,
img_06_425505700_00053,data/raw/GC10-DET/1/img_06_425505700_00053.jpg,data/raw/GC10-DET/lable/img_06_425505700_00053.xml,1,img_06_425505700_00053.jpg,1_chongkong,0,punching_hole,1858.0,414.0,1964.0,475.0,106.0,61.0,candidate,
img_06_425505700_00053,data/raw/GC10-DET/1/img_06_425505700_00053.jpg,data/raw/GC10-DET/lable/img_06_425505700_00053.xml,1,img_06_425505700_00053.jpg,2_hanfeng,1,welding_line,11.0,216.0,2042.0,295.0,2031.0,79.0,candidate,
img_06_425505900_00054,data/raw/GC10-DET/1/img_06_425505900_00054.jpg,data/raw/GC10-DET/lable/img_06_425505900_00054.xml,1,img_06_425505900_00054.jpg,1_chongkong,0,punching_hole,1861.0,973.0,1981.0,996.0,120.0,23.0,candidate,
img_06_425505900_00054,data/raw/GC10-DET/1/img_06_425505900_00054.jpg,data/raw/GC10-DET/lable/img_06_425505900_00054.xml,1,img_06_425505900_00054.jpg,2_hanfeng,1,welding_line,15.0,776.0,2040.0,862.0,2025.0,86.0,candidate,
img_06_425506100_00051,data/raw/GC10-DET/1/img_06_425506100_00051.jpg,data/raw/GC10-DET/lable/img_06_425506100_00051.xml,1,img_06_425506100_00051.jpg,1_chongkong,0,punching_hole,1864.0,180.0,1974.0,237.0,110.0,57.0,candidate,
img_06_425506100_00177,data/raw/GC10-DET/5/img_06_425506100_00177.jpg,data/raw/GC10-DET/lable/img_06_425506100_00177.xml,5,img_06_425506100_00177.jpg,7_yiwu,6,inclusion,1494.0,170.0,1730.0,606.0,236.0,436.0,candidate,
img_06_425506300_00054,data/raw/GC10-DET/1/img_06_425506300_00054.jpg,data/raw/GC10-DET/lable/img_06_425506300_00054.xml,1,img_06_425506300_00054.jpg,1_chongkong,0,punching_hole,1851.0,409.0,1958.0,468.0,107.0,59.0,candidate,
img_06_425506300_00054,data/raw/GC10-DET/1/img_06_425506300_00054.jpg,data/raw/GC10-DET/lable/img_06_425506300_00054.xml,1,img_06_425506300_00054.jpg,2_hanfeng,1,welding_line,19.0,214.0,2035.0,297.0,2016.0,83.0,candidate,
img_06_425506300_01024,data/raw/GC10-DET/7/img_06_425506300_01024.jpg,data/raw/GC10-DET/lable/img_06_425506300_01024.xml,7,img_06_425506300_01024.jpg,7_yiwu,6,inclusion,1392.0,1.0,1690.0,308.0,298.0,307.0,candidate,
img_06_425506300_01025,data/raw/GC10-DET/7/img_06_425506300_01025.jpg,data/raw/GC10-DET/lable/img_06_425506300_01025.xml,7,img_06_425506300_01025.jpg,7_yiwu,6,inclusion,1417.0,368.0,1704.0,991.0,287.0,623.0,candidate,
img_06_425506300_01026,data/raw/GC10-DET/7/img_06_425506300_01026.jpg,data/raw/GC10-DET/lable/img_06_425506300_01026.xml,7,img_06_425506300_01026.jpg,7_yiwu,6,inclusion,1442.0,1.0,1700.0,389.0,258.0,388.0,candidate,
img_06_425506300_01027,data/raw/GC10-DET/7/img_06_425506300_01027.jpg,data/raw/GC10-DET/lable/img_06_425506300_01027.xml,7,img_06_425506300_01027.jpg,7_yiwu,6,inclusion,1491.0,503.0,1737.0,987.0,246.0,484.0,candidate,
img_06_425506300_01028,data/raw/GC10-DET/7/img_06_425506300_01028.jpg,data/raw/GC10-DET/lable/img_06_425506300_01028.xml,7,img_06_425506300_01028.jpg,7_yiwu,6,inclusion,1507.0,1.0,1772.0,648.0,265.0,647.0,candidate,
img_06_425506300_01029,data/raw/GC10-DET/7/img_06_425506300_01029.jpg,data/raw/GC10-DET/lable/img_06_425506300_01029.xml,7,img_06_425506300_01029.jpg,7_yiwu,6,inclusion,1559.0,648.0,1702.0,995.0,143.0,347.0,candidate,
img_06_425506300_01030,data/raw/GC10-DET/7/img_06_425506300_01030.jpg,data/raw/GC10-DET/lable/img_06_425506300_01030.xml,7,img_06_425506300_01030.jpg,7_yiwu,6,inclusion,1502.0,48.0,1741.0,688.0,239.0,640.0,candidate,
img_06_425506300_01034,data/raw/GC10-DET/7/img_06_425506300_01034.jpg,data/raw/GC10-DET/lable/img_06_425506300_01034.xml,7,img_06_425506300_01034.jpg,4_shuiban,3,water_spot,1843.0,62.0,1951.0,934.0,108.0,872.0,candidate,
img_06_425506300_01034,data/raw/GC10-DET/7/img_06_425506300_01034.jpg,data/raw/GC10-DET/lable/img_06_425506300_01034.xml,7,img_06_425506300_01034.jpg,7_yiwu,6,inclusion,1546.0,380.0,1725.0,952.0,179.0,572.0,candidate,
img_06_425506400_00054,data/raw/GC10-DET/1/img_06_425506400_00054.jpg,data/raw/GC10-DET/lable/img_06_425506400_00054.xml,1,img_06_425506400_00054.jpg,1_chongkong,0,punching_hole,1851.0,430.0,1966.0,486.0,115.0,56.0,candidate,
img_06_425506400_00054,data/raw/GC10-DET/1/img_06_425506400_00054.jpg,data/raw/GC10-DET/lable/img_06_425506400_00054.xml,1,img_06_425506400_00054.jpg,2_hanfeng,1,welding_line,24.0,244.0,2030.0,322.0,2006.0,78.0,candidate,
img_06_425506600_00054,data/raw/GC10-DET/1/img_06_425506600_00054.jpg,data/raw/GC10-DET/lable/img_06_425506600_00054.xml,1,img_06_425506600_00054.jpg,1_chongkong,0,punching_hole,1861.0,460.0,1959.0,524.0,98.0,64.0,candidate,
img_06_425506600_00054,data/raw/GC10-DET/1/img_06_425506600_00054.jpg,data/raw/GC10-DET/lable/img_06_425506600_00054.xml,1,img_06_425506600_00054.jpg,2_hanfeng,1,welding_line,29.0,257.0,2038.0,362.0,2009.0,105.0,candidate,
img_06_425506800_00054,data/raw/GC10-DET/1/img_06_425506800_00054.jpg,data/raw/GC10-DET/lable/img_06_425506800_00054.xml,1,img_06_425506800_00054.jpg,1_chongkong,0,punching_hole,1861.0,666.0,1964.0,727.0,103.0,61.0,candidate,
img_06_425506800_00054,data/raw/GC10-DET/1/img_06_425506800_00054.jpg,data/raw/GC10-DET/lable/img_06_425506800_00054.xml,1,img_06_425506800_00054.jpg,2_hanfeng,1,welding_line,10.0,462.0,2030.0,555.0,2020.0,93.0,candidate,
img_06_425507000_00054,data/raw/GC10-DET/1/img_06_425507000_00054.jpg,data/raw/GC10-DET/lable/img_06_425507000_00054.xml,1,img_06_425507000_00054.jpg,1_chongkong,0,punching_hole,1862.0,635.0,1969.0,699.0,107.0,64.0,candidate,
img_06_425507000_00054,data/raw/GC10-DET/1/img_06_425507000_00054.jpg,data/raw/GC10-DET/lable/img_06_425507000_00054.xml,1,img_06_425507000_00054.jpg,2_hanfeng,1,welding_line,34.0,451.0,2037.0,525.0,2003.0,74.0,candidate,
img_06_425507200_00054,data/raw/GC10-DET/1/img_06_425507200_00054.jpg,data/raw/GC10-DET/lable/img_06_425507200_00054.xml,1,img_06_425507200_00054.jpg,1_chongkong,0,punching_hole,1861.0,521.0,1969.0,580.0,108.0,59.0,candidate,
img_06_425507200_00054,data/raw/GC10-DET/1/img_06_425507200_00054.jpg,data/raw/GC10-DET/lable/img_06_425507200_00054.xml,1,img_06_425507200_00054.jpg,2_hanfeng,1,welding_line,10.0,327.0,2035.0,409.0,2025.0,82.0,candidate,
img_06_425507200_00974,data/raw/GC10-DET/7/img_06_425507200_00974.jpg,data/raw/GC10-DET/lable/img_06_425507200_00974.xml,7,img_06_425507200_00974.jpg,7_yiwu,6,inclusion,1610.0,145.0,1659.0,347.0,49.0,202.0,candidate,
img_06_425507200_00976,data/raw/GC10-DET/7/img_06_425507200_00976.jpg,data/raw/GC10-DET/lable/img_06_425507200_00976.xml,7,img_06_425507200_00976.jpg,7_yiwu,6,inclusion,1352.0,207.0,1413.0,354.0,61.0,147.0,candidate,
img_06_425507400_00053,data/raw/GC10-DET/1/img_06_425507400_00053.jpg,data/raw/GC10-DET/lable/img_06_425507400_00053.xml,1,img_06_425507400_00053.jpg,1_chongkong,0,punching_hole,1858.0,207.0,1967.0,266.0,109.0,59.0,candidate,
img_06_425507400_00053,data/raw/GC10-DET/1/img_06_425507400_00053.jpg,data/raw/GC10-DET/lable/img_06_425507400_00053.xml,1,img_06_425507400_00053.jpg,2_hanfeng,1,welding_line,15.0,24.0,2030.0,90.0,2015.0,66.0,candidate,
img_06_425507600_00053,data/raw/GC10-DET/1/img_06_425507600_00053.jpg,data/raw/GC10-DET/lable/img_06_425507600_00053.xml,1,img_06_425507600_00053.jpg,1_chongkong,0,punching_hole,1856.0,270.0,1971.0,330.0,115.0,60.0,candidate,
img_06_425507600_00053,data/raw/GC10-DET/1/img_06_425507600_00053.jpg,data/raw/GC10-DET/lable/img_06_425507600_00053.xml,1,img_06_425507600_00053.jpg,2_hanfeng,1,welding_line,11.0,71.0,2026.0,155.0,2015.0,84.0,candidate,
img_06_425508100_00054,data/raw/GC10-DET/1/img_06_425508100_00054.jpg,data/raw/GC10-DET/lable/img_06_425508100_00054.xml,1,img_06_425508100_00054.jpg,1_chongkong,0,punching_hole,1859.0,698.0,1966.0,763.0,107.0,65.0,candidate,
img_06_425508100_00054,data/raw/GC10-DET/1/img_06_425508100_00054.jpg,data/raw/GC10-DET/lable/img_06_425508100_00054.xml,1,img_06_425508100_00054.jpg,2_hanfeng,1,welding_line,23.0,489.0,2035.0,597.0,2012.0,108.0,candidate,
img_06_425508200_00053,data/raw/GC10-DET/1/img_06_425508200_00053.jpg,data/raw/GC10-DET/lable/img_06_425508200_00053.xml,1,img_06_425508200_00053.jpg,1_chongkong,0,punching_hole,1856.0,125.0,1967.0,189.0,111.0,64.0,candidate,
img_06_425508200_00471,data/raw/GC10-DET/7/img_06_425508200_00471.jpg,data/raw/GC10-DET/lable/img_06_425508200_00471.xml,7,img_06_425508200_00471.jpg,7_yiwu,6,inclusion,1542.0,12.0,1649.0,615.0,107.0,603.0,candidate,
img_06_425508200_00471,data/raw/GC10-DET/7/img_06_425508200_00471.jpg,data/raw/GC10-DET/lable/img_06_425508200_00471.xml,7,img_06_425508200_00471.jpg,7_yiwu,6,inclusion,1953.0,161.0,2017.0,255.0,64.0,94.0,candidate,
img_06_425508300_00054,data/raw/GC10-DET/1/img_06_425508300_00054.jpg,data/raw/GC10-DET/lable/img_06_425508300_00054.xml,1,img_06_425508300_00054.jpg,1_chongkong,0,punching_hole,1854.0,963.0,1966.0,998.0,112.0,35.0,candidate,
img_06_425508300_00054,data/raw/GC10-DET/1/img_06_425508300_00054.jpg,data/raw/GC10-DET/lable/img_06_425508300_00054.xml,1,img_06_425508300_00054.jpg,2_hanfeng,1,welding_line,26.0,752.0,2035.0,857.0,2009.0,105.0,candidate,
img_06_425508300_00927,data/raw/GC10-DET/7/img_06_425508300_00927.jpg,data/raw/GC10-DET/lable/img_06_425508300_00927.xml,7,img_06_425508300_00927.jpg,7_yiwu,6,inclusion,1440.0,135.0,1491.0,171.0,51.0,36.0,candidate,
img_06_425508300_00928,data/raw/GC10-DET/7/img_06_425508300_00928.jpg,data/raw/GC10-DET/lable/img_06_425508300_00928.xml,7,img_06_425508300_00928.jpg,7_yiwu,6,inclusion,1453.0,473.0,1484.0,514.0,31.0,41.0,candidate,
img_06_425508300_00928,data/raw/GC10-DET/7/img_06_425508300_00928.jpg,data/raw/GC10-DET/lable/img_06_425508300_00928.xml,7,img_06_425508300_00928.jpg,7_yiwu,6,inclusion,1518.0,824.0,1544.0,857.0,26.0,33.0,candidate,
img_06_425508300_00928,data/raw/GC10-DET/7/img_06_425508300_00928.jpg,data/raw/GC10-DET/lable/img_06_425508300_00928.xml,7,img_06_425508300_00928.jpg,7_yiwu,6,inclusion,1487.0,947.0,1531.0,978.0,44.0,31.0,candidate,
img_06_425508300_00928,data/raw/GC10-DET/7/img_06_425508300_00928.jpg,data/raw/GC10-DET/lable/img_06_425508300_00928.xml,7,img_06_425508300_00928.jpg,7_yiwu,6,inclusion,1531.0,694.0,1576.0,719.0,45.0,25.0,candidate,
img_06_425508300_00929,data/raw/GC10-DET/7/img_06_425508300_00929.jpg,data/raw/GC10-DET/lable/img_06_425508300_00929.xml,7,img_06_425508300_00929.jpg,7_yiwu,6,inclusion,1653.0,157.0,1720.0,204.0,67.0,47.0,candidate,
img_06_425508300_00929,data/raw/GC10-DET/7/img_06_425508300_00929.jpg,data/raw/GC10-DET/lable/img_06_425508300_00929.xml,7,img_06_425508300_00929.jpg,7_yiwu,6,inclusion,1536.0,218.0,1588.0,357.0,52.0,139.0,candidate,
img_06_425508300_00929,data/raw/GC10-DET/7/img_06_425508300_00929.jpg,data/raw/GC10-DET/lable/img_06_425508300_00929.xml,7,img_06_425508300_00929.jpg,7_yiwu,6,inclusion,1481.0,473.0,1538.0,762.0,57.0,289.0,candidate,
img_06_425508300_00930,data/raw/GC10-DET/7/img_06_425508300_00930.jpg,data/raw/GC10-DET/lable/img_06_425508300_00930.xml,7,img_06_425508300_00930.jpg,7_yiwu,6,inclusion,1692.0,604.0,1738.0,637.0,46.0,33.0,candidate,
img_06_425508300_00930,data/raw/GC10-DET/7/img_06_425508300_00930.jpg,data/raw/GC10-DET/lable/img_06_425508300_00930.xml,7,img_06_425508300_00930.jpg,7_yiwu,6,inclusion,1651.0,748.0,1694.0,784.0,43.0,36.0,candidate,
img_06_425508300_00930,data/raw/GC10-DET/7/img_06_425508300_00930.jpg,data/raw/GC10-DET/lable/img_06_425508300_00930.xml,7,img_06_425508300_00930.jpg,7_yiwu,6,inclusion,1664.0,806.0,1695.0,839.0,31.0,33.0,candidate,
img_06_425508300_00930,data/raw/GC10-DET/7/img_06_425508300_00930.jpg,data/raw/GC10-DET/lable/img_06_425508300_00930.xml,7,img_06_425508300_00930.jpg,7_yiwu,6,inclusion,1747.0,647.0,1874.0,831.0,127.0,184.0,candidate,
img_06_425508300_00930,data/raw/GC10-DET/7/img_06_425508300_00930.jpg,data/raw/GC10-DET/lable/img_06_425508300_00930.xml,7,img_06_425508300_00930.jpg,7_yiwu,6,inclusion,1834.0,460.0,1929.0,493.0,95.0,33.0,candidate,
img_06_425508300_00930,data/raw/GC10-DET/7/img_06_425508300_00930.jpg,data/raw/GC10-DET/lable/img_06_425508300_00930.xml,7,img_06_425508300_00930.jpg,7_yiwu,6,inclusion,1929.0,138.0,2042.0,392.0,113.0,254.0,candidate,
img_06_425508600_00938,data/raw/GC10-DET/7/img_06_425508600_00938.jpg,data/raw/GC10-DET/lable/img_06_425508600_00938.xml,7,img_06_425508600_00938.jpg,7_yiwu,6,inclusion,1548.0,275.0,1667.0,434.0,119.0,159.0,candidate,
img_06_425508700_00053,data/raw/GC10-DET/1/img_06_425508700_00053.jpg,data/raw/GC10-DET/lable/img_06_425508700_00053.xml,1,img_06_425508700_00053.jpg,1_chongkong,0,punching_hole,1859.0,262.0,1962.0,311.0,103.0,49.0,candidate,
img_06_425508700_00053,data/raw/GC10-DET/1/img_06_425508700_00053.jpg,data/raw/GC10-DET/lable/img_06_425508700_00053.xml,1,img_06_425508700_00053.jpg,2_hanfeng,1,welding_line,13.0,46.0,2030.0,152.0,2017.0,106.0,candidate,
img_06_425508700_00362,data/raw/GC10-DET/7/img_06_425508700_00362.jpg,data/raw/GC10-DET/lable/img_06_425508700_00362.xml,7,img_06_425508700_00362.jpg,7_yiwu,6,inclusion,1562.0,319.0,1625.0,370.0,63.0,51.0,candidate,
img_06_425508700_00362,data/raw/GC10-DET/7/img_06_425508700_00362.jpg,data/raw/GC10-DET/lable/img_06_425508700_00362.xml,7,img_06_425508700_00362.jpg,7_yiwu,6,inclusion,1690.0,640.0,1723.0,680.0,33.0,40.0,candidate,
img_06_425608200_00007,data/raw/GC10-DET/1/img_06_425608200_00007.jpg,data/raw/GC10-DET/lable/img_06_425608200_00007.xml,1,img_06_425608200_00007.jpg,1_chongkong,0,punching_hole,1866.0,876.0,1969.0,930.0,103.0,54.0,candidate,
img_06_425608200_00007,data/raw/GC10-DET/1/img_06_425608200_00007.jpg,data/raw/GC10-DET/lable/img_06_425608200_00007.xml,1,img_06_425608200_00007.jpg,2_hanfeng,1,welding_line,23.0,681.0,2032.0,773.0,2009.0,92.0,candidate,
img_06_425608200_00814,data/raw/GC10-DET/1/img_06_425608200_00814.jpg,data/raw/GC10-DET/lable/img_06_425608200_00814.xml,1,img_06_425608200_00814.jpg,1_chongkong,0,punching_hole,1876.0,322.0,1985.0,373.0,109.0,51.0,candidate,
img_06_425608200_00814,data/raw/GC10-DET/1/img_06_425608200_00814.jpg,data/raw/GC10-DET/lable/img_06_425608200_00814.xml,1,img_06_425608200_00814.jpg,2_hanfeng,1,welding_line,15.0,117.0,2026.0,213.0,2011.0,96.0,candidate,
img_06_425608200_00814,data/raw/GC10-DET/1/img_06_425608200_00814.jpg,data/raw/GC10-DET/lable/img_06_425608200_00814.xml,1,img_06_425608200_00814.jpg,6_siban,5,silk_spot,27.0,249.0,1659.0,970.0,1632.0,721.0,candidate,
img_06_425613600_00581,data/raw/GC10-DET/1/img_06_425613600_00581.jpg,data/raw/GC10-DET/lable/img_06_425613600_00581.xml,all,img_06_425613600_00581.jpg,1_chongkong,0,punching_hole,1854.0,278.0,1972.0,332.0,118.0,54.0,candidate,
img_06_425613600_00581,data/raw/GC10-DET/1/img_06_425613600_00581.jpg,data/raw/GC10-DET/lable/img_06_425613600_00581.xml,all,img_06_425613600_00581.jpg,2_hanfeng,1,welding_line,26.0,105.0,2048.0,172.0,2022.0,67.0,candidate,
img_06_425613600_00581,data/raw/GC10-DET/1/img_06_425613600_00581.jpg,data/raw/GC10-DET/lable/img_06_425613600_00581.xml,all,img_06_425613600_00581.jpg,6_siban,5,silk_spot,324.0,179.0,1249.0,528.0,925.0,349.0,candidate,
img_06_425613600_00581,data/raw/GC10-DET/1/img_06_425613600_00581.jpg,data/raw/GC10-DET/lable/img_06_425613600_00581.xml,all,img_06_425613600_00581.jpg,6_siban,5,silk_spot,34.0,590.0,469.0,965.0,435.0,375.0,candidate,
img_06_425613600_00581,data/raw/GC10-DET/1/img_06_425613600_00581.jpg,data/raw/GC10-DET/lable/img_06_425613600_00581.xml,all,img_06_425613600_00581.jpg,6_siban,5,silk_spot,799.0,603.0,1316.0,981.0,517.0,378.0,candidate,
img_06_425613600_00581,data/raw/GC10-DET/1/img_06_425613600_00581.jpg,data/raw/GC10-DET/lable/img_06_425613600_00581.xml,all,img_06_425613600_00581.jpg,6_siban,5,silk_spot,1543.0,508.0,1980.0,976.0,437.0,468.0,candidate,
img_06_425613700_00781,data/raw/GC10-DET/1/img_06_425613700_00781.jpg,data/raw/GC10-DET/lable/img_06_425613700_00781.xml,1,img_06_425613700_00781.jpg,1_chongkong,0,punching_hole,1859.0,183.0,1962.0,239.0,103.0,56.0,candidate,
img_06_425613700_00781,data/raw/GC10-DET/1/img_06_425613700_00781.jpg,data/raw/GC10-DET/lable/img_06_425613700_00781.xml,1,img_06_425613700_00781.jpg,2_hanfeng,1,welding_line,11.0,13.0,2034.0,70.0,2023.0,57.0,candidate,
img_06_425613700_00781,data/raw/GC10-DET/1/img_06_425613700_00781.jpg,data/raw/GC10-DET/lable/img_06_425613700_00781.xml,1,img_06_425613700_00781.jpg,6_siban,5,silk_spot,35.0,149.0,472.0,674.0,437.0,525.0,candidate,
img_06_425613800_00787,data/raw/GC10-DET/2/img_06_425613800_00787.jpg,data/raw/GC10-DET/lable/img_06_425613800_00787.xml,2,img_06_425613800_00787.jpg,2_hanfeng,1,welding_line,10.0,645.0,2048.0,738.0,2038.0,93.0,candidate,
img_06_425613800_00787,data/raw/GC10-DET/2/img_06_425613800_00787.jpg,data/raw/GC10-DET/lable/img_06_425613800_00787.xml,2,img_06_425613800_00787.jpg,1_chongkong,0,punching_hole,1836.0,840.0,1954.0,891.0,118.0,51.0,candidate,
img_06_425614600_00406,data/raw/GC10-DET/10/img_06_425614600_00406.jpg,data/raw/GC10-DET/lable/img_06_425614600_00406.xml,10,img_06_425614600_00406.jpg,10_yaozhed,9,waist_folding,918.0,48.0,1682.0,884.0,764.0,836.0,candidate,
img_06_425614600_00410,data/raw/GC10-DET/10/img_06_425614600_00410.jpg,data/raw/GC10-DET/lable/img_06_425614600_00410.xml,10,img_06_425614600_00410.jpg,10_yaozhed,9,waist_folding,971.0,160.0,1643.0,904.0,672.0,744.0,candidate,
img_06_425614600_00411,data/raw/GC10-DET/10/img_06_425614600_00411.jpg,data/raw/GC10-DET/lable/img_06_425614600_00411.xml,10,img_06_425614600_00411.jpg,10_yaozhed,9,waist_folding,1015.0,109.0,1561.0,883.0,546.0,774.0,candidate,
img_06_425614600_00412,data/raw/GC10-DET/10/img_06_425614600_00412.jpg,data/raw/GC10-DET/lable/img_06_425614600_00412.xml,10,img_06_425614600_00412.jpg,10_yaozhed,9,waist_folding,1025.0,78.0,1713.0,962.0,688.0,884.0,candidate,
img_06_425614600_00413,data/raw/GC10-DET/10/img_06_425614600_00413.jpg,data/raw/GC10-DET/lable/img_06_425614600_00413.xml,10,img_06_425614600_00413.jpg,10_yaozhed,9,waist_folding,1036.0,70.0,1687.0,950.0,651.0,880.0,candidate,
img_06_425614600_00414,data/raw/GC10-DET/10/img_06_425614600_00414.jpg,data/raw/GC10-DET/lable/img_06_425614600_00414.xml,10,img_06_425614600_00414.jpg,10_yaozhed,9,waist_folding,1018.0,104.0,1654.0,947.0,636.0,843.0,candidate,
img_06_425614600_00415,data/raw/GC10-DET/10/img_06_425614600_00415.jpg,data/raw/GC10-DET/lable/img_06_425614600_00415.xml,10,img_06_425614600_00415.jpg,10_yaozhed,9,waist_folding,1120.0,47.0,1744.0,953.0,624.0,906.0,candidate,
img_06_425614600_00419,data/raw/GC10-DET/10/img_06_425614600_00419.jpg,data/raw/GC10-DET/lable/img_06_425614600_00419.xml,10,img_06_425614600_00419.jpg,10_yaozhed,9,waist_folding,1094.0,127.0,1641.0,875.0,547.0,748.0,candidate,
img_06_425614600_00420,data/raw/GC10-DET/10/img_06_425614600_00420.jpg,data/raw/GC10-DET/lable/img_06_425614600_00420.xml,10,img_06_425614600_00420.jpg,10_yaozhed,9,waist_folding,1110.0,109.0,1700.0,847.0,590.0,738.0,candidate,
img_06_425614600_00421,data/raw/GC10-DET/10/img_06_425614600_00421.jpg,data/raw/GC10-DET/lable/img_06_425614600_00421.xml,10,img_06_425614600_00421.jpg,10_yaozhed,9,waist_folding,1126.0,89.0,1735.0,868.0,609.0,779.0,candidate,
img_06_425614600_00422,data/raw/GC10-DET/10/img_06_425614600_00422.jpg,data/raw/GC10-DET/lable/img_06_425614600_00422.xml,10,img_06_425614600_00422.jpg,10_yaozhed,9,waist_folding,1058.0,89.0,1710.0,896.0,652.0,807.0,candidate,
img_06_425614600_00423,data/raw/GC10-DET/10/img_06_425614600_00423.jpg,data/raw/GC10-DET/lable/img_06_425614600_00423.xml,10,img_06_425614600_00423.jpg,10_yaozhed,9,waist_folding,1051.0,116.0,1649.0,932.0,598.0,816.0,candidate,
img_06_425614600_00424,data/raw/GC10-DET/10/img_06_425614600_00424.jpg,data/raw/GC10-DET/lable/img_06_425614600_00424.xml,10,img_06_425614600_00424.jpg,10_yaozhed,9,waist_folding,1105.0,44.0,1796.0,1000.0,691.0,956.0,candidate,
img_06_425614600_00425,data/raw/GC10-DET/10/img_06_425614600_00425.jpg,data/raw/GC10-DET/lable/img_06_425614600_00425.xml,10,img_06_425614600_00425.jpg,10_yaozhed,9,waist_folding,1108.0,114.0,1731.0,834.0,623.0,720.0,candidate,
img_06_425614600_00426,data/raw/GC10-DET/10/img_06_425614600_00426.jpg,data/raw/GC10-DET/lable/img_06_425614600_00426.xml,10,img_06_425614600_00426.jpg,10_yaozhed,9,waist_folding,1043.0,76.0,1682.0,893.0,639.0,817.0,candidate,
img_06_425614600_00431,data/raw/GC10-DET/10/img_06_425614600_00431.jpg,data/raw/GC10-DET/lable/img_06_425614600_00431.xml,10,img_06_425614600_00431.jpg,10_yaozhed,9,waist_folding,1146.0,91.0,1748.0,921.0,602.0,830.0,candidate,
img_06_425614600_00432,data/raw/GC10-DET/10/img_06_425614600_00432.jpg,data/raw/GC10-DET/lable/img_06_425614600_00432.xml,10,img_06_425614600_00432.jpg,10_yaozhed,9,waist_folding,1103.0,86.0,1725.0,939.0,622.0,853.0,candidate,
img_06_425614600_00435,data/raw/GC10-DET/10/img_06_425614600_00435.jpg,data/raw/GC10-DET/lable/img_06_425614600_00435.xml,10,img_06_425614600_00435.jpg,10_yaozhed,9,waist_folding,1112.0,55.0,1751.0,889.0,639.0,834.0,candidate,
img_06_425614600_00459,data/raw/GC10-DET/2/img_06_425614600_00459.jpg,data/raw/GC10-DET/lable/img_06_425614600_00459.xml,2,img_06_425614600_00459.jpg,2_hanfeng,1,welding_line,8.0,1.0,2048.0,74.0,2040.0,73.0,candidate,
img_06_425614700_00001,data/raw/GC10-DET/1/img_06_425614700_00001.jpg,data/raw/GC10-DET/lable/img_06_425614700_00001.xml,1,img_06_425614700_00001.jpg,1_chongkong,0,punching_hole,1851.0,942.0,1962.0,996.0,111.0,54.0,candidate,
img_06_425614700_00001,data/raw/GC10-DET/1/img_06_425614700_00001.jpg,data/raw/GC10-DET/lable/img_06_425614700_00001.xml,1,img_06_425614700_00001.jpg,2_hanfeng,1,welding_line,29.0,733.0,2027.0,836.0,1998.0,103.0,candidate,
img_06_425614700_00001,data/raw/GC10-DET/1/img_06_425614700_00001.jpg,data/raw/GC10-DET/lable/img_06_425614700_00001.xml,1,img_06_425614700_00001.jpg,6_siban,5,silk_spot,1046.0,59.0,1692.0,703.0,646.0,644.0,candidate,
img_06_425614700_00001,data/raw/GC10-DET/1/img_06_425614700_00001.jpg,data/raw/GC10-DET/lable/img_06_425614700_00001.xml,1,img_06_425614700_00001.jpg,6_siban,5,silk_spot,10.0,47.0,329.0,714.0,319.0,667.0,candidate,
img_06_425614700_00694,data/raw/GC10-DET/1/img_06_425614700_00694.jpg,data/raw/GC10-DET/lable/img_06_425614700_00694.xml,1,img_06_425614700_00694.jpg,1_chongkong,0,punching_hole,1853.0,142.0,1961.0,196.0,108.0,54.0,candidate,
img_06_425615200_00639,data/raw/GC10-DET/1/img_06_425615200_00639.jpg,data/raw/GC10-DET/lable/img_06_425615200_00639.xml,1,img_06_425615200_00639.jpg,1_chongkong,0,punching_hole,1853.0,183.0,1972.0,239.0,119.0,56.0,candidate,
img_06_425615200_00639,data/raw/GC10-DET/1/img_06_425615200_00639.jpg,data/raw/GC10-DET/lable/img_06_425615200_00639.xml,1,img_06_425615200_00639.jpg,2_hanfeng,1,welding_line,11.0,11.0,2034.0,63.0,2023.0,52.0,candidate,
img_06_425616500_00769,data/raw/GC10-DET/1/img_06_425616500_00769.jpg,data/raw/GC10-DET/lable/img_06_425616500_00769.xml,1,img_06_425616500_00769.jpg,1_chongkong,0,punching_hole,1861.0,101.0,1969.0,162.0,108.0,61.0,candidate,
img_06_425637500_00002,data/raw/GC10-DET/7/img_06_425637500_00002.jpg,data/raw/GC10-DET/lable/img_06_425637500_00002.xml,7,img_06_425637500_00002.jpg,7_yiwu,6,inclusion,1341.0,612.0,1395.0,666.0,54.0,54.0,candidate,
img_06_425637500_00002,data/raw/GC10-DET/7/img_06_425637500_00002.jpg,data/raw/GC10-DET/lable/img_06_425637500_00002.xml,7,img_06_425637500_00002.jpg,7_yiwu,6,inclusion,679.0,464.0,779.0,547.0,100.0,83.0,candidate,
img_06_425637500_00652,data/raw/GC10-DET/2/img_06_425637500_00652.jpg,data/raw/GC10-DET/lable/img_06_425637500_00652.xml,2,img_06_425637500_00652.jpg,2_hanfeng,1,welding_line,20.0,235.0,2048.0,321.0,2028.0,86.0,candidate,
img_06_425637500_00652,data/raw/GC10-DET/2/img_06_425637500_00652.jpg,data/raw/GC10-DET/lable/img_06_425637500_00652.xml,2,img_06_425637500_00652.jpg,1_chongkong,0,punching_hole,1840.0,396.0,1976.0,481.0,136.0,85.0,candidate,
img_06_425637800_00890,data/raw/GC10-DET/1/img_06_425637800_00890.jpg,data/raw/GC10-DET/lable/img_06_425637800_00890.xml,1,img_06_425637800_00890.jpg,1_chongkong,0,punching_hole,1854.0,53.0,1962.0,114.0,108.0,61.0,candidate,
img_06_425637800_00890,data/raw/GC10-DET/1/img_06_425637800_00890.jpg,data/raw/GC10-DET/lable/img_06_425637800_00890.xml,1,img_06_425637800_00890.jpg,6_siban,5,silk_spot,1053.0,28.0,1789.0,966.0,736.0,938.0,candidate,
img_06_425637800_00890,data/raw/GC10-DET/1/img_06_425637800_00890.jpg,data/raw/GC10-DET/lable/img_06_425637800_00890.xml,1,img_06_425637800_00890.jpg,6_siban,5,silk_spot,300.0,33.0,1027.0,962.0,727.0,929.0,candidate,
img_06_425637900_00899,data/raw/GC10-DET/1/img_06_425637900_00899.jpg,data/raw/GC10-DET/lable/img_06_425637900_00899.xml,all,img_06_425637900_00899.jpg,1_chongkong,0,punching_hole,1856.0,827.0,1954.0,878.0,98.0,51.0,candidate,
img_06_425637900_00899,data/raw/GC10-DET/1/img_06_425637900_00899.jpg,data/raw/GC10-DET/lable/img_06_425637900_00899.xml,all,img_06_425637900_00899.jpg,6_siban,5,silk_spot,23.0,698.0,1823.0,984.0,1800.0,286.0,candidate,
img_06_425637900_00899,data/raw/GC10-DET/1/img_06_425637900_00899.jpg,data/raw/GC10-DET/lable/img_06_425637900_00899.xml,all,img_06_425637900_00899.jpg,2_hanfeng,1,welding_line,10.0,640.0,2027.0,695.0,2017.0,55.0,candidate,
img_06_425638500_00714,data/raw/GC10-DET/1/img_06_425638500_00714.jpg,data/raw/GC10-DET/lable/img_06_425638500_00714.xml,all,img_06_425638500_00714.jpg,1_chongkong,0,punching_hole,1866.0,398.0,1967.0,453.0,101.0,55.0,candidate,
img_06_425638500_00714,data/raw/GC10-DET/1/img_06_425638500_00714.jpg,data/raw/GC10-DET/lable/img_06_425638500_00714.xml,all,img_06_425638500_00714.jpg,2_hanfeng,1,welding_line,1.0,217.0,2031.0,295.0,2030.0,78.0,candidate,
img_06_425639800_00873,data/raw/GC10-DET/1/img_06_425639800_00873.jpg,data/raw/GC10-DET/lable/img_06_425639800_00873.xml,1,img_06_425639800_00873.jpg,1_chongkong,0,punching_hole,1854.0,37.0,1964.0,86.0,110.0,49.0,candidate,
img_06_425639800_00873,data/raw/GC10-DET/1/img_06_425639800_00873.jpg,data/raw/GC10-DET/lable/img_06_425639800_00873.xml,1,img_06_425639800_00873.jpg,6_siban,5,silk_spot,16.0,27.0,1829.0,967.0,1813.0,940.0,candidate,
img_06_425639900_00614,data/raw/GC10-DET/1/img_06_425639900_00614.jpg,data/raw/GC10-DET/lable/img_06_425639900_00614.xml,1,img_06_425639900_00614.jpg,1_chongkong,0,punching_hole,1853.0,1.0,1949.0,39.0,96.0,38.0,candidate,
img_06_425640000_00633,data/raw/GC10-DET/1/img_06_425640000_00633.jpg,data/raw/GC10-DET/lable/img_06_425640000_00633.xml,1,img_06_425640000_00633.jpg,1_chongkong,0,punching_hole,1848.0,160.0,1962.0,217.0,114.0,57.0,candidate,
img_06_425640000_00633,data/raw/GC10-DET/1/img_06_425640000_00633.jpg,data/raw/GC10-DET/lable/img_06_425640000_00633.xml,1,img_06_425640000_00633.jpg,6_siban,5,silk_spot,137.0,28.0,1240.0,414.0,1103.0,386.0,candidate,
img_06_425640100_00874,data/raw/GC10-DET/1/img_06_425640100_00874.jpg,data/raw/GC10-DET/lable/img_06_425640100_00874.xml,1,img_06_425640100_00874.jpg,1_chongkong,0,punching_hole,1861.0,619.0,1969.0,678.0,108.0,59.0,candidate,
img_06_425640100_00874,data/raw/GC10-DET/1/img_06_425640100_00874.jpg,data/raw/GC10-DET/lable/img_06_425640100_00874.xml,1,img_06_425640100_00874.jpg,2_hanfeng,1,welding_line,11.0,418.0,2032.0,511.0,2021.0,93.0,candidate,
img_06_425640100_00874,data/raw/GC10-DET/1/img_06_425640100_00874.jpg,data/raw/GC10-DET/lable/img_06_425640100_00874.xml,1,img_06_425640100_00874.jpg,6_siban,5,silk_spot,196.0,559.0,892.0,984.0,696.0,425.0,candidate,
img_06_425644200_00680,data/raw/GC10-DET/1/img_06_425644200_00680.jpg,data/raw/GC10-DET/lable/img_06_425644200_00680.xml,1,img_06_425644200_00680.jpg,1_chongkong,0,punching_hole,1848.0,3.0,1976.0,60.0,128.0,57.0,candidate,
img_06_425644300_00598,data/raw/GC10-DET/1/img_06_425644300_00598.jpg,data/raw/GC10-DET/lable/img_06_425644300_00598.xml,1,img_06_425644300_00598.jpg,1_chongkong,0,punching_hole,1862.0,327.0,1967.0,383.0,105.0,56.0,candidate,
img_06_425644300_00598,data/raw/GC10-DET/1/img_06_425644300_00598.jpg,data/raw/GC10-DET/lable/img_06_425644300_00598.xml,1,img_06_425644300_00598.jpg,2_hanfeng,1,welding_line,10.0,144.0,2034.0,211.0,2024.0,67.0,candidate,
img_06_425646200_00657,data/raw/GC10-DET/2/img_06_425646200_00657.jpg,data/raw/GC10-DET/lable/img_06_425646200_00657.xml,2,img_06_425646200_00657.jpg,2_hanfeng,1,welding_line,10.0,162.0,2048.0,238.0,2038.0,76.0,candidate,
img_06_425646200_00657,data/raw/GC10-DET/2/img_06_425646200_00657.jpg,data/raw/GC10-DET/lable/img_06_425646200_00657.xml,2,img_06_425646200_00657.jpg,1_chongkong,0,punching_hole,1848.0,330.0,1964.0,406.0,116.0,76.0,candidate,
img_06_427199900_00001,data/raw/GC10-DET/2/img_06_427199900_00001.jpg,data/raw/GC10-DET/lable/img_06_427199900_00001.xml,2,img_06_427199900_00001.jpg,2_hanfeng,1,welding_line,12.0,686.0,2047.0,782.0,2035.0,96.0,candidate,
img_06_427199900_00001,data/raw/GC10-DET/2/img_06_427199900_00001.jpg,data/raw/GC10-DET/lable/img_06_427199900_00001.xml,2,img_06_427199900_00001.jpg,1_chongkong,0,punching_hole,1835.0,857.0,1967.0,937.0,132.0,80.0,candidate,
img_06_427199900_00007,data/raw/GC10-DET/8/img_06_427199900_00007.jpg,data/raw/GC10-DET/lable/img_06_427199900_00007.xml,8,img_06_427199900_00007.jpg,8_yahen,7,rolled_pit,271.0,855.0,459.0,942.0,188.0,87.0,candidate,
img_06_427199900_01016,data/raw/GC10-DET/9/img_06_427199900_01016.jpg,data/raw/GC10-DET/lable/img_06_427199900_01016.xml,9,img_06_427199900_01016.jpg,9_zhehen,8,crease,1.0,15.0,689.0,127.0,688.0,112.0,candidate,
img_06_427199900_01065,data/raw/GC10-DET/5/img_06_427199900_01065.jpg,data/raw/GC10-DET/lable/img_06_427199900_01065.xml,5,img_06_427199900_01065.jpg,7_yiwu,6,inclusion,1822.0,317.0,2041.0,621.0,219.0,304.0,candidate,
img_06_427199900_01134,data/raw/GC10-DET/9/img_06_427199900_01134.jpg,data/raw/GC10-DET/lable/img_06_427199900_01134.xml,9,img_06_427199900_01134.jpg,9_zhehen,8,crease,185.0,70.0,2048.0,184.0,1863.0,114.0,candidate,
img_06_430103100_01149,data/raw/GC10-DET/9/img_06_430103100_01149.jpg,data/raw/GC10-DET/lable/img_06_430103100_01149.xml,9,img_06_430103100_01149.jpg,9_zhehen,8,crease,1054.0,4.0,1544.0,378.0,490.0,374.0,candidate,
img_06_430103100_01150,data/raw/GC10-DET/9/img_06_430103100_01150.jpg,data/raw/GC10-DET/lable/img_06_430103100_01150.xml,9,img_06_430103100_01150.jpg,9_zhehen,8,crease,1418.0,327.0,2031.0,976.0,613.0,649.0,candidate,
img_06_432235600_01054,data/raw/GC10-DET/2/img_06_432235600_01054.jpg,data/raw/GC10-DET/lable/img_06_432235600_01054.xml,2,img_06_432235600_01054.jpg,2_hanfeng,1,welding_line,12.0,365.0,2048.0,449.0,2036.0,84.0,candidate,
img_06_432235600_01054,data/raw/GC10-DET/2/img_06_432235600_01054.jpg,data/raw/GC10-DET/lable/img_06_432235600_01054.xml,2,img_06_432235600_01054.jpg,1_chongkong,0,punching_hole,1841.0,550.0,1959.0,614.0,118.0,64.0,candidate,
img_06_436153300_01007,data/raw/GC10-DET/2/img_06_436153300_01007.jpg,data/raw/GC10-DET/lable/img_06_436153300_01007.xml,2,img_06_436153300_01007.jpg,2_hanfeng,1,welding_line,3.0,9.0,2048.0,85.0,2045.0,76.0,candidate,
img_06_436153300_01007,data/raw/GC10-DET/2/img_06_436153300_01007.jpg,data/raw/GC10-DET/lable/img_06_436153300_01007.xml,2,img_06_436153300_01007.jpg,1_chongkong,0,punching_hole,1862.0,175.0,1999.0,252.0,137.0,77.0,candidate,
img_06_436164000_00005,data/raw/GC10-DET/2/img_06_436164000_00005.jpg,data/raw/GC10-DET/lable/img_06_436164000_00005.xml,2,img_06_436164000_00005.jpg,2_hanfeng,1,welding_line,18.0,506.0,2048.0,600.0,2030.0,94.0,candidate,
img_06_436164000_00005,data/raw/GC10-DET/2/img_06_436164000_00005.jpg,data/raw/GC10-DET/lable/img_06_436164000_00005.xml,2,img_06_436164000_00005.jpg,1_chongkong,0,punching_hole,1862.0,694.0,1990.0,768.0,128.0,74.0,candidate,
img_06_436164200_00003,data/raw/GC10-DET/2/img_06_436164200_00003.jpg,data/raw/GC10-DET/lable/img_06_436164200_00003.xml,2,img_06_436164200_00003.jpg,2_hanfeng,1,welding_line,10.0,463.0,2048.0,560.0,2038.0,97.0,candidate,
img_06_436164200_00003,data/raw/GC10-DET/2/img_06_436164200_00003.jpg,data/raw/GC10-DET/lable/img_06_436164200_00003.xml,2,img_06_436164200_00003.jpg,1_chongkong,0,punching_hole,1864.0,640.0,2005.0,714.0,141.0,74.0,candidate,
img_06_436164300_00003,data/raw/GC10-DET/10/img_06_436164300_00003.jpg,data/raw/GC10-DET/lable/img_06_436164300_00003.xml,10,img_06_436164300_00003.jpg,10_yaozhed,9,waist_folding,1146.0,104.0,1766.0,880.0,620.0,776.0,candidate,
img_06_436164300_00004,data/raw/GC10-DET/10/img_06_436164300_00004.jpg,data/raw/GC10-DET/lable/img_06_436164300_00004.xml,10,img_06_436164300_00004.jpg,10_yaozhed,9,waist_folding,613.0,62.0,2013.0,957.0,1400.0,895.0,candidate,
img_06_436164500_01565,data/raw/GC10-DET/2/img_06_436164500_01565.jpg,data/raw/GC10-DET/lable/img_06_436164500_01565.xml,2,img_06_436164500_01565.jpg,2_hanfeng,1,welding_line,5.0,525.0,2048.0,621.0,2043.0,96.0,candidate,
img_06_436164500_01565,data/raw/GC10-DET/2/img_06_436164500_01565.jpg,data/raw/GC10-DET/lable/img_06_436164500_01565.xml,2,img_06_436164500_01565.jpg,1_chongkong,0,punching_hole,1866.0,707.0,1997.0,771.0,131.0,64.0,candidate,
img_06_436164700_01537,data/raw/GC10-DET/10/img_06_436164700_01537.jpg,data/raw/GC10-DET/lable/img_06_436164700_01537.xml,10,img_06_436164700_01537.jpg,10_yaozhed,9,waist_folding,1.0,113.0,468.0,858.0,467.0,745.0,candidate,
img_06_436164700_01556,data/raw/GC10-DET/10/img_06_436164700_01556.jpg,data/raw/GC10-DET/lable/img_06_436164700_01556.xml,10,img_06_436164700_01556.jpg,10_yaozhed,9,waist_folding,448.0,101.0,2041.0,973.0,1593.0,872.0,candidate,
img_06_436166500_01098,data/raw/GC10-DET/2/img_06_436166500_01098.jpg,data/raw/GC10-DET/lable/img_06_436166500_01098.xml,2,img_06_436166500_01098.jpg,2_hanfeng,1,welding_line,181.0,364.0,2048.0,438.0,1867.0,74.0,candidate,
img_06_436166500_01098,data/raw/GC10-DET/2/img_06_436166500_01098.jpg,data/raw/GC10-DET/lable/img_06_436166500_01098.xml,2,img_06_436166500_01098.jpg,1_chongkong,0,punching_hole,1867.0,522.0,1990.0,601.0,123.0,79.0,candidate,
img_06_436185800_00723,data/raw/GC10-DET/10/img_06_436185800_00723.jpg,data/raw/GC10-DET/lable/img_06_436185800_00723.xml,10,img_06_436185800_00723.jpg,10_yaozhed,9,waist_folding,853.0,37.0,2048.0,789.0,1195.0,752.0,candidate,
img_06_436185800_00727,data/raw/GC10-DET/10/img_06_436185800_00727.jpg,data/raw/GC10-DET/lable/img_06_436185800_00727.xml,10,img_06_436185800_00727.jpg,10_yaozhed,9,waist_folding,1318.0,57.0,2022.0,962.0,704.0,905.0,candidate,
img_06_436185800_00731,data/raw/GC10-DET/10/img_06_436185800_00731.jpg,data/raw/GC10-DET/lable/img_06_436185800_00731.xml,10,img_06_436185800_00731.jpg,10_yaozhed,9,waist_folding,1390.0,30.0,2048.0,863.0,658.0,833.0,candidate,
img_06_436185800_00735,data/raw/GC10-DET/10/img_06_436185800_00735.jpg,data/raw/GC10-DET/lable/img_06_436185800_00735.xml,10,img_06_436185800_00735.jpg,10_yaozhed,9,waist_folding,1371.0,39.0,2048.0,959.0,677.0,920.0,candidate,
img_06_4402541100_00001,data/raw/GC10-DET/2/img_06_4402541100_00001.jpg,data/raw/GC10-DET/lable/img_06_4402541100_00001.xml,2,img_06_4402541100_00001.jpg,2_hanfeng,1,welding_line,26.0,744.0,2048.0,817.0,2022.0,73.0,candidate,
img_06_4402541100_00001,data/raw/GC10-DET/2/img_06_4402541100_00001.jpg,data/raw/GC10-DET/lable/img_06_4402541100_00001.xml,2,img_06_4402541100_00001.jpg,1_chongkong,0,punching_hole,1849.0,914.0,1979.0,993.0,130.0,79.0,candidate,
img_06_4402625300_00104,data/raw/GC10-DET/7/img_06_4402625300_00104.jpg,data/raw/GC10-DET/lable/img_06_4402625300_00104.xml,7,img_06_4402625300_00104.jpg,7_yiwu,6,inclusion,1940.0,524.0,2000.0,562.0,60.0,38.0,candidate,
img_06_4402625300_00104,data/raw/GC10-DET/7/img_06_4402625300_00104.jpg,data/raw/GC10-DET/lable/img_06_4402625300_00104.xml,7,img_06_4402625300_00104.jpg,7_yiwu,6,inclusion,1995.0,457.0,2044.0,504.0,49.0,47.0,candidate,
img_06_4402625300_00104,data/raw/GC10-DET/7/img_06_4402625300_00104.jpg,data/raw/GC10-DET/lable/img_06_4402625300_00104.xml,7,img_06_4402625300_00104.jpg,7_yiwu,6,inclusion,2013.0,534.0,2041.0,571.0,28.0,37.0,candidate,
img_06_4402625300_00104,data/raw/GC10-DET/7/img_06_4402625300_00104.jpg,data/raw/GC10-DET/lable/img_06_4402625300_00104.xml,7,img_06_4402625300_00104.jpg,7_yiwu,6,inclusion,1997.0,593.0,2048.0,626.0,51.0,33.0,candidate,
img_06_4402625300_00104,data/raw/GC10-DET/7/img_06_4402625300_00104.jpg,data/raw/GC10-DET/lable/img_06_4402625300_00104.xml,7,img_06_4402625300_00104.jpg,7_yiwu,6,inclusion,2005.0,657.0,2046.0,696.0,41.0,39.0,candidate,
img_06_4402625300_00104,data/raw/GC10-DET/7/img_06_4402625300_00104.jpg,data/raw/GC10-DET/lable/img_06_4402625300_00104.xml,7,img_06_4402625300_00104.jpg,7_yiwu,6,inclusion,2000.0,763.0,2043.0,814.0,43.0,51.0,candidate,
img_06_4402625300_00104,data/raw/GC10-DET/7/img_06_4402625300_00104.jpg,data/raw/GC10-DET/lable/img_06_4402625300_00104.xml,7,img_06_4402625300_00104.jpg,7_yiwu,6,inclusion,1961.0,696.0,1985.0,732.0,24.0,36.0,candidate,
img_06_4402625300_00109,data/raw/GC10-DET/7/img_06_4402625300_00109.jpg,data/raw/GC10-DET/lable/img_06_4402625300_00109.xml,7,img_06_4402625300_00109.jpg,7_yiwu,6,inclusion,1585.0,193.0,1658.0,250.0,73.0,57.0,candidate,
img_06_4402625300_00109,data/raw/GC10-DET/7/img_06_4402625300_00109.jpg,data/raw/GC10-DET/lable/img_06_4402625300_00109.xml,7,img_06_4402625300_00109.jpg,7_yiwu,6,inclusion,1584.0,263.0,1659.0,371.0,75.0,108.0,candidate,
img_06_4402625300_00109,data/raw/GC10-DET/7/img_06_4402625300_00109.jpg,data/raw/GC10-DET/lable/img_06_4402625300_00109.xml,7,img_06_4402625300_00109.jpg,7_yiwu,6,inclusion,1917.0,498.0,1970.0,632.0,53.0,134.0,candidate,
img_06_4402625300_00109,data/raw/GC10-DET/7/img_06_4402625300_00109.jpg,data/raw/GC10-DET/lable/img_06_4402625300_00109.xml,7,img_06_4402625300_00109.jpg,7_yiwu,6,inclusion,1907.0,666.0,1971.0,925.0,64.0,259.0,candidate,
img_06_4402625300_00109,data/raw/GC10-DET/7/img_06_4402625300_00109.jpg,data/raw/GC10-DET/lable/img_06_4402625300_00109.xml,7,img_06_4402625300_00109.jpg,7_yiwu,6,inclusion,1799.0,698.0,1838.0,892.0,39.0,194.0,candidate,
img_06_4402625300_00109,data/raw/GC10-DET/7/img_06_4402625300_00109.jpg,data/raw/GC10-DET/lable/img_06_4402625300_00109.xml,7,img_06_4402625300_00109.jpg,7_yiwu,6,inclusion,1545.0,409.0,1592.0,578.0,47.0,169.0,candidate,
img_06_4402625300_01262,data/raw/GC10-DET/7/img_06_4402625300_01262.jpg,data/raw/GC10-DET/lable/img_06_4402625300_01262.xml,7,img_06_4402625300_01262.jpg,6_siban,5,silk_spot,1836.0,22.0,2003.0,453.0,167.0,431.0,candidate,
img_06_4402625300_01262,data/raw/GC10-DET/7/img_06_4402625300_01262.jpg,data/raw/GC10-DET/lable/img_06_4402625300_01262.xml,7,img_06_4402625300_01262.jpg,6_siban,5,silk_spot,1400.0,12.0,1569.0,244.0,169.0,232.0,candidate,
img_06_4402625300_01262,data/raw/GC10-DET/7/img_06_4402625300_01262.jpg,data/raw/GC10-DET/lable/img_06_4402625300_01262.xml,7,img_06_4402625300_01262.jpg,7_yiwu,6,inclusion,1027.0,20.0,1276.0,220.0,249.0,200.0,candidate,
img_06_4402625300_01262,data/raw/GC10-DET/7/img_06_4402625300_01262.jpg,data/raw/GC10-DET/lable/img_06_4402625300_01262.xml,7,img_06_4402625300_01262.jpg,7_yiwu,6,inclusion,1708.0,211.0,1811.0,443.0,103.0,232.0,candidate,
img_06_4402625300_01263,data/raw/GC10-DET/7/img_06_4402625300_01263.jpg,data/raw/GC10-DET/lable/img_06_4402625300_01263.xml,7,img_06_4402625300_01263.jpg,5_youban,4,oil_spot,1434.0,109.0,1519.0,248.0,85.0,139.0,candidate,
img_06_4402625300_01263,data/raw/GC10-DET/7/img_06_4402625300_01263.jpg,data/raw/GC10-DET/lable/img_06_4402625300_01263.xml,7,img_06_4402625300_01263.jpg,5_youban,4,oil_spot,1438.0,257.0,1568.0,436.0,130.0,179.0,candidate,
img_06_4402625300_01263,data/raw/GC10-DET/7/img_06_4402625300_01263.jpg,data/raw/GC10-DET/lable/img_06_4402625300_01263.xml,7,img_06_4402625300_01263.jpg,7_yiwu,6,inclusion,1846.0,927.0,1954.0,993.0,108.0,66.0,candidate,
img_06_4402625300_01263,data/raw/GC10-DET/7/img_06_4402625300_01263.jpg,data/raw/GC10-DET/lable/img_06_4402625300_01263.xml,7,img_06_4402625300_01263.jpg,7_yiwu,6,inclusion,994.0,181.0,1203.0,625.0,209.0,444.0,candidate,
img_06_4402625300_01263,data/raw/GC10-DET/7/img_06_4402625300_01263.jpg,data/raw/GC10-DET/lable/img_06_4402625300_01263.xml,7,img_06_4402625300_01263.jpg,7_yiwu,6,inclusion,1845.0,415.0,1955.0,635.0,110.0,220.0,candidate,
img_06_4402719100_00020,data/raw/GC10-DET/10/img_06_4402719100_00020.jpg,data/raw/GC10-DET/lable/img_06_4402719100_00020.xml,10,img_06_4402719100_00020.jpg,10_yaozhed,9,waist_folding,195.0,47.0,2048.0,870.0,1853.0,823.0,candidate,
img_06_4402719200_00017,data/raw/GC10-DET/10/img_06_4402719200_00017.jpg,data/raw/GC10-DET/lable/img_06_4402719200_00017.xml,10,img_06_4402719200_00017.jpg,10_yaozhed,9,waist_folding,76.0,27.0,1951.0,866.0,1875.0,839.0,candidate,
img_06_4402787700_01015,data/raw/GC10-DET/2/img_06_4402787700_01015.jpg,data/raw/GC10-DET/lable/img_06_4402787700_01015.xml,2,img_06_4402787700_01015.jpg,2_hanfeng,1,welding_line,5.0,317.0,2033.0,368.0,2028.0,51.0,candidate,
img_06_4402787700_01015,data/raw/GC10-DET/2/img_06_4402787700_01015.jpg,data/raw/GC10-DET/lable/img_06_4402787700_01015.xml,2,img_06_4402787700_01015.jpg,1_chongkong,0,punching_hole,1825.0,476.0,1940.0,553.0,115.0,77.0,candidate,
img_06_4402830700_01162,data/raw/GC10-DET/10/img_06_4402830700_01162.jpg,data/raw/GC10-DET/lable/img_06_4402830700_01162.xml,10,img_06_4402830700_01162.jpg,10_yaozhed,9,waist_folding,315.0,83.0,1835.0,640.0,1520.0,557.0,candidate,
img_06_4402852500_01045,data/raw/GC10-DET/2/img_06_4402852500_01045.jpg,data/raw/GC10-DET/lable/img_06_4402852500_01045.xml,2,img_06_4402852500_01045.jpg,2_hanfeng,1,welding_line,15.0,562.0,2048.0,637.0,2033.0,75.0,candidate,
img_06_4402852500_01045,data/raw/GC10-DET/2/img_06_4402852500_01045.jpg,data/raw/GC10-DET/lable/img_06_4402852500_01045.xml,2,img_06_4402852500_01045.jpg,1_chongkong,0,punching_hole,1841.0,745.0,1949.0,807.0,108.0,62.0,candidate,
img_06_4403068300_01280,data/raw/GC10-DET/2/img_06_4403068300_01280.jpg,data/raw/GC10-DET/lable/img_06_4403068300_01280.xml,2,img_06_4403068300_01280.jpg,1_chongkong,0,punching_hole,1849.0,203.0,1964.0,270.0,115.0,67.0,candidate,
img_06_4403068400_01288,data/raw/GC10-DET/2/img_06_4403068400_01288.jpg,data/raw/GC10-DET/lable/img_06_4403068400_01288.xml,2,img_06_4403068400_01288.jpg,2_hanfeng,1,welding_line,25.0,486.0,2048.0,566.0,2023.0,80.0,candidate,
img_06_4403068400_01288,data/raw/GC10-DET/2/img_06_4403068400_01288.jpg,data/raw/GC10-DET/lable/img_06_4403068400_01288.xml,2,img_06_4403068400_01288.jpg,1_chongkong,0,punching_hole,1840.0,657.0,1969.0,721.0,129.0,64.0,candidate,
img_06_4403801500_01282,data/raw/GC10-DET/2/img_06_4403801500_01282.jpg,data/raw/GC10-DET/lable/img_06_4403801500_01282.xml,2,img_06_4403801500_01282.jpg,2_hanfeng,1,welding_line,28.0,906.0,2048.0,972.0,2020.0,66.0,candidate,
img_06_4404374100_01306,data/raw/GC10-DET/10/img_06_4404374100_01306.jpg,data/raw/GC10-DET/lable/img_06_4404374100_01306.xml,10,img_06_4404374100_01306.jpg,10_yaozhed,9,waist_folding,917.0,94.0,1931.0,924.0,1014.0,830.0,candidate,
img_06_4404374100_01337,data/raw/GC10-DET/10/img_06_4404374100_01337.jpg,data/raw/GC10-DET/lable/img_06_4404374100_01337.xml,10,img_06_4404374100_01337.jpg,10_yaozhed,9,waist_folding,1174.0,42.0,2048.0,567.0,874.0,525.0,candidate,
img_06_4404374100_01350,data/raw/GC10-DET/10/img_06_4404374100_01350.jpg,data/raw/GC10-DET/lable/img_06_4404374100_01350.xml,10,img_06_4404374100_01350.jpg,10_yaozhed,9,waist_folding,1077.0,73.0,1885.0,894.0,808.0,821.0,candidate,
img_06_4404580000_00741,data/raw/GC10-DET/8/img_06_4404580000_00741.jpg,data/raw/GC10-DET/lable/img_06_4404580000_00741.xml,8,img_06_4404580000_00741.jpg,8_yahen,7,rolled_pit,476.0,47.0,694.0,170.0,218.0,123.0,candidate,
img_06_4404580600_01173,data/raw/GC10-DET/6/img_06_4404580600_01173.jpg,data/raw/GC10-DET/lable/img_06_4404580600_01173.xml,6,img_06_4404580600_01173.jpg,6_siban,5,silk_spot,767.0,63.0,1315.0,378.0,548.0,315.0,candidate,
img_06_4404580600_01173,data/raw/GC10-DET/6/img_06_4404580600_01173.jpg,data/raw/GC10-DET/lable/img_06_4404580600_01173.xml,6,img_06_4404580600_01173.jpg,6_siban,5,silk_spot,972.0,416.0,1764.0,816.0,792.0,400.0,candidate,
img_06_4404580600_01173,data/raw/GC10-DET/6/img_06_4404580600_01173.jpg,data/raw/GC10-DET/lable/img_06_4404580600_01173.xml,6,img_06_4404580600_01173.jpg,6_siban,5,silk_spot,1399.0,40.0,2048.0,326.0,649.0,286.0,candidate,
img_06_4404612700_01306,data/raw/GC10-DET/2/img_06_4404612700_01306.jpg,data/raw/GC10-DET/lable/img_06_4404612700_01306.xml,2,img_06_4404612700_01306.jpg,2_hanfeng,1,welding_line,12.0,32.0,2048.0,109.0,2036.0,77.0,candidate,
img_06_4404616100_00947,data/raw/GC10-DET/9/img_06_4404616100_00947.jpg,data/raw/GC10-DET/lable/img_06_4404616100_00947.xml,9,img_06_4404616100_00947.jpg,9_zhehen,8,crease,902.0,283.0,2048.0,434.0,1146.0,151.0,candidate,
img_06_4404892700_01142,data/raw/GC10-DET/2/img_06_4404892700_01142.jpg,data/raw/GC10-DET/lable/img_06_4404892700_01142.xml,2,img_06_4404892700_01142.jpg,2_hanfeng,1,welding_line,18.0,901.0,2048.0,980.0,2030.0,79.0,candidate,
img_06_4404997500_01006,data/raw/GC10-DET/2/img_06_4404997500_01006.jpg,data/raw/GC10-DET/lable/img_06_4404997500_01006.xml,2,img_06_4404997500_01006.jpg,2_hanfeng,1,welding_line,12.0,604.0,2048.0,709.0,2036.0,105.0,candidate,
img_06_4404997500_01006,data/raw/GC10-DET/2/img_06_4404997500_01006.jpg,data/raw/GC10-DET/lable/img_06_4404997500_01006.xml,2,img_06_4404997500_01006.jpg,1_chongkong,0,punching_hole,1808.0,788.0,1930.0,862.0,122.0,74.0,candidate,
img_06_4405000800_01031,data/raw/GC10-DET/7/img_06_4405000800_01031.jpg,data/raw/GC10-DET/lable/img_06_4405000800_01031.xml,7,img_06_4405000800_01031.jpg,7_yiwu,6,inclusion,1269.0,34.0,1377.0,106.0,108.0,72.0,candidate,
img_06_4405133600_00034,data/raw/GC10-DET/10/img_06_4405133600_00034.jpg,data/raw/GC10-DET/lable/img_06_4405133600_00034.xml,10,img_06_4405133600_00034.jpg,10_yaozhed,9,waist_folding,249.0,50.0,1861.0,935.0,1612.0,885.0,candidate,
img_06_4405133600_00035,data/raw/GC10-DET/10/img_06_4405133600_00035.jpg,data/raw/GC10-DET/lable/img_06_4405133600_00035.xml,10,img_06_4405133600_00035.jpg,10_yaozhed,9,waist_folding,190.0,76.0,2048.0,959.0,1858.0,883.0,candidate,
img_06_4405133600_00921,data/raw/GC10-DET/10/img_06_4405133600_00921.jpg,data/raw/GC10-DET/lable/img_06_4405133600_00921.xml,10,img_06_4405133600_00921.jpg,9_zhehen,8,crease,317.0,770.0,1987.0,934.0,1670.0,164.0,candidate,
img_06_4405228000_01156,data/raw/GC10-DET/2/img_06_4405228000_01156.jpg,data/raw/GC10-DET/lable/img_06_4405228000_01156.xml,2,img_06_4405228000_01156.jpg,2_hanfeng,1,welding_line,25.0,740.0,2048.0,832.0,2023.0,92.0,candidate,
img_06_4405377100_00032,data/raw/GC10-DET/10/img_06_4405377100_00032.jpg,data/raw/GC10-DET/lable/img_06_4405377100_00032.xml,10,img_06_4405377100_00032.jpg,10_yaozhed,9,waist_folding,105.0,209.0,1708.0,942.0,1603.0,733.0,candidate,
img_06_4406424300_00002,data/raw/GC10-DET/1/img_06_4406424300_00002.jpg,data/raw/GC10-DET/lable/img_06_4406424300_00002.xml,1,img_06_4406424300_00002.jpg,1_chongkong,0,punching_hole,1792.0,834.0,1912.0,891.0,120.0,57.0,candidate,
img_06_4406424300_00002,data/raw/GC10-DET/1/img_06_4406424300_00002.jpg,data/raw/GC10-DET/lable/img_06_4406424300_00002.xml,1,img_06_4406424300_00002.jpg,2_hanfeng,1,welding_line,7.0,649.0,2038.0,713.0,2031.0,64.0,candidate,
img_06_4406424500_00002,data/raw/GC10-DET/1/img_06_4406424500_00002.jpg,data/raw/GC10-DET/lable/img_06_4406424500_00002.xml,1,img_06_4406424500_00002.jpg,1_chongkong,0,punching_hole,1804.0,870.0,1922.0,924.0,118.0,54.0,candidate,
img_06_4406424500_00002,data/raw/GC10-DET/1/img_06_4406424500_00002.jpg,data/raw/GC10-DET/lable/img_06_4406424500_00002.xml,1,img_06_4406424500_00002.jpg,2_hanfeng,1,welding_line,10.0,682.0,2040.0,754.0,2030.0,72.0,candidate,
img_06_4406424500_00002,data/raw/GC10-DET/1/img_06_4406424500_00002.jpg,data/raw/GC10-DET/lable/img_06_4406424500_00002.xml,1,img_06_4406424500_00002.jpg,5_youban,4,oil_spot,576.0,122.0,616.0,162.0,40.0,40.0,candidate,
img_06_4406424700_00001,data/raw/GC10-DET/1/img_06_4406424700_00001.jpg,data/raw/GC10-DET/lable/img_06_4406424700_00001.xml,1,img_06_4406424700_00001.jpg,1_chongkong,0,punching_hole,1795.0,678.0,1910.0,729.0,115.0,51.0,candidate,
img_06_4406424700_00001,data/raw/GC10-DET/1/img_06_4406424700_00001.jpg,data/raw/GC10-DET/lable/img_06_4406424700_00001.xml,1,img_06_4406424700_00001.jpg,2_hanfeng,1,welding_line,2.0,497.0,2043.0,554.0,2041.0,57.0,candidate,
img_06_4406424700_00001,data/raw/GC10-DET/1/img_06_4406424700_00001.jpg,data/raw/GC10-DET/lable/img_06_4406424700_00001.xml,1,img_06_4406424700_00001.jpg,6_siban,5,silk_spot,532.0,535.0,872.0,979.0,340.0,444.0,candidate,
img_06_4406425500_00001,data/raw/GC10-DET/2/img_06_4406425500_00001.jpg,data/raw/GC10-DET/lable/img_06_4406425500_00001.xml,2,img_06_4406425500_00001.jpg,2_hanfeng,1,welding_line,3.0,283.0,2048.0,372.0,2045.0,89.0,candidate,
img_06_4406425500_00001,data/raw/GC10-DET/2/img_06_4406425500_00001.jpg,data/raw/GC10-DET/lable/img_06_4406425500_00001.xml,2,img_06_4406425500_00001.jpg,1_chongkong,0,punching_hole,1800.0,466.0,1935.0,542.0,135.0,76.0,candidate,
img_06_4406562900_00002,data/raw/GC10-DET/7/img_06_4406562900_00002.jpg,data/raw/GC10-DET/lable/img_06_4406562900_00002.xml,7,img_06_4406562900_00002.jpg,1_chongkong,0,punching_hole,1829.0,162.0,1940.0,228.0,111.0,66.0,candidate,
img_06_4406562900_00002,data/raw/GC10-DET/7/img_06_4406562900_00002.jpg,data/raw/GC10-DET/lable/img_06_4406562900_00002.xml,7,img_06_4406562900_00002.jpg,3_yueyawan,2,crescent_gap,1.0,4.0,38.0,190.0,37.0,186.0,candidate,
img_06_4406562900_00002,data/raw/GC10-DET/7/img_06_4406562900_00002.jpg,data/raw/GC10-DET/lable/img_06_4406562900_00002.xml,7,img_06_4406562900_00002.jpg,4_shuiban,3,water_spot,1597.0,28.0,1811.0,928.0,214.0,900.0,candidate,
img_06_4406562900_00002,data/raw/GC10-DET/7/img_06_4406562900_00002.jpg,data/raw/GC10-DET/lable/img_06_4406562900_00002.xml,7,img_06_4406562900_00002.jpg,2_hanfeng,1,welding_line,37.0,3.0,2048.0,40.0,2011.0,37.0,candidate,
img_06_4406645900_00001,data/raw/GC10-DET/2/img_06_4406645900_00001.jpg,data/raw/GC10-DET/lable/img_06_4406645900_00001.xml,2,img_06_4406645900_00001.jpg,2_hanfeng,1,welding_line,30.0,237.0,2048.0,316.0,2018.0,79.0,candidate,
img_06_4406645900_00001,data/raw/GC10-DET/2/img_06_4406645900_00001.jpg,data/raw/GC10-DET/lable/img_06_4406645900_00001.xml,2,img_06_4406645900_00001.jpg,1_chongkong,0,punching_hole,1782.0,412.0,1918.0,473.0,136.0,61.0,candidate,
img_06_4406645900_00291,data/raw/GC10-DET/6/img_06_4406645900_00291.jpg,data/raw/GC10-DET/lable/img_06_4406645900_00291.xml,6,img_06_4406645900_00291.jpg,6_siban,5,silk_spot,1722.0,112.0,2033.0,335.0,311.0,223.0,candidate,
img_06_4406645900_00291,data/raw/GC10-DET/6/img_06_4406645900_00291.jpg,data/raw/GC10-DET/lable/img_06_4406645900_00291.xml,6,img_06_4406645900_00291.jpg,6_siban,5,silk_spot,1728.0,703.0,1967.0,953.0,239.0,250.0,candidate,
img_06_4406645900_00303,data/raw/GC10-DET/6/img_06_4406645900_00303.jpg,data/raw/GC10-DET/lable/img_06_4406645900_00303.xml,6,img_06_4406645900_00303.jpg,6_siban,5,silk_spot,1476.0,32.0,1664.0,239.0,188.0,207.0,candidate,
img_06_4406645900_00312,data/raw/GC10-DET/6/img_06_4406645900_00312.jpg,data/raw/GC10-DET/lable/img_06_4406645900_00312.xml,6,img_06_4406645900_00312.jpg,6_siban,5,silk_spot,126.0,293.0,317.0,617.0,191.0,324.0,candidate,
img_06_4406645900_00449,data/raw/GC10-DET/6/img_06_4406645900_00449.jpg,data/raw/GC10-DET/lable/img_06_4406645900_00449.xml,6,img_06_4406645900_00449.jpg,6_siban,5,silk_spot,1331.0,24.0,1590.0,201.0,259.0,177.0,candidate,
img_06_4406645900_00451,data/raw/GC10-DET/6/img_06_4406645900_00451.jpg,data/raw/GC10-DET/lable/img_06_4406645900_00451.xml,6,img_06_4406645900_00451.jpg,6_siban,5,silk_spot,1476.0,63.0,1754.0,306.0,278.0,243.0,candidate,
img_06_4406645900_00475,data/raw/GC10-DET/6/img_06_4406645900_00475.jpg,data/raw/GC10-DET/lable/img_06_4406645900_00475.xml,6,img_06_4406645900_00475.jpg,6_siban,5,silk_spot,1484.0,707.0,1718.0,994.0,234.0,287.0,candidate,
img_06_4406645900_00477,data/raw/GC10-DET/6/img_06_4406645900_00477.jpg,data/raw/GC10-DET/lable/img_06_4406645900_00477.xml,6,img_06_4406645900_00477.jpg,6_siban,5,silk_spot,1562.0,163.0,1830.0,653.0,268.0,490.0,candidate,
img_06_4406645900_00479,data/raw/GC10-DET/6/img_06_4406645900_00479.jpg,data/raw/GC10-DET/lable/img_06_4406645900_00479.xml,6,img_06_4406645900_00479.jpg,6_siban,5,silk_spot,1569.0,293.0,1795.0,919.0,226.0,626.0,candidate,
img_06_4406645900_00480,data/raw/GC10-DET/6/img_06_4406645900_00480.jpg,data/raw/GC10-DET/lable/img_06_4406645900_00480.xml,6,img_06_4406645900_00480.jpg,6_siban,5,silk_spot,1118.0,44.0,1254.0,240.0,136.0,196.0,candidate,
img_06_4406645900_00481,data/raw/GC10-DET/6/img_06_4406645900_00481.jpg,data/raw/GC10-DET/lable/img_06_4406645900_00481.xml,6,img_06_4406645900_00481.jpg,6_siban,5,silk_spot,1612.0,53.0,1800.0,937.0,188.0,884.0,candidate,
img_06_4406645900_00485,data/raw/GC10-DET/6/img_06_4406645900_00485.jpg,data/raw/GC10-DET/lable/img_06_4406645900_00485.xml,6,img_06_4406645900_00485.jpg,6_siban,5,silk_spot,1622.0,129.0,1807.0,922.0,185.0,793.0,candidate,
img_06_4406645900_00489,data/raw/GC10-DET/6/img_06_4406645900_00489.jpg,data/raw/GC10-DET/lable/img_06_4406645900_00489.xml,6,img_06_4406645900_00489.jpg,6_siban,5,silk_spot,1618.0,273.0,1830.0,924.0,212.0,651.0,candidate,
img_06_4406645900_00490,data/raw/GC10-DET/6/img_06_4406645900_00490.jpg,data/raw/GC10-DET/lable/img_06_4406645900_00490.xml,6,img_06_4406645900_00490.jpg,6_siban,5,silk_spot,1608.0,57.0,1825.0,932.0,217.0,875.0,candidate,
img_06_4406645900_00491,data/raw/GC10-DET/6/img_06_4406645900_00491.jpg,data/raw/GC10-DET/lable/img_06_4406645900_00491.xml,6,img_06_4406645900_00491.jpg,6_siban,5,silk_spot,1584.0,227.0,1797.0,929.0,213.0,702.0,candidate,
img_06_4406645900_00492,data/raw/GC10-DET/6/img_06_4406645900_00492.jpg,data/raw/GC10-DET/lable/img_06_4406645900_00492.xml,6,img_06_4406645900_00492.jpg,6_siban,5,silk_spot,1631.0,1.0,1779.0,651.0,148.0,650.0,candidate,
img_06_4406645900_00493,data/raw/GC10-DET/6/img_06_4406645900_00493.jpg,data/raw/GC10-DET/lable/img_06_4406645900_00493.xml,6,img_06_4406645900_00493.jpg,6_siban,5,silk_spot,1636.0,434.0,1785.0,896.0,149.0,462.0,candidate,
img_06_4406645900_00494,data/raw/GC10-DET/6/img_06_4406645900_00494.jpg,data/raw/GC10-DET/lable/img_06_4406645900_00494.xml,6,img_06_4406645900_00494.jpg,6_siban,5,silk_spot,1623.0,91.0,1858.0,970.0,235.0,879.0,candidate,
img_06_4406645900_00498,data/raw/GC10-DET/6/img_06_4406645900_00498.jpg,data/raw/GC10-DET/lable/img_06_4406645900_00498.xml,6,img_06_4406645900_00498.jpg,6_siban,5,silk_spot,1623.0,109.0,1866.0,955.0,243.0,846.0,candidate,
img_06_4406645900_00501,data/raw/GC10-DET/6/img_06_4406645900_00501.jpg,data/raw/GC10-DET/lable/img_06_4406645900_00501.xml,6,img_06_4406645900_00501.jpg,6_siban,5,silk_spot,1656.0,96.0,1853.0,827.0,197.0,731.0,candidate,
img_06_4406743300_00001,data/raw/GC10-DET/2/img_06_4406743300_00001.jpg,data/raw/GC10-DET/lable/img_06_4406743300_00001.xml,2,img_06_4406743300_00001.jpg,2_hanfeng,1,welding_line,12.0,855.0,2048.0,934.0,2036.0,79.0,candidate,
img_06_4406743300_00023,data/raw/GC10-DET/6/img_06_4406743300_00023.jpg,data/raw/GC10-DET/lable/img_06_4406743300_00023.xml,6,img_06_4406743300_00023.jpg,6_siban,5,silk_spot,572.0,193.0,1690.0,899.0,1118.0,706.0,candidate,
img_06_4406743300_00033,data/raw/GC10-DET/6/img_06_4406743300_00033.jpg,data/raw/GC10-DET/lable/img_06_4406743300_00033.xml,6,img_06_4406743300_00033.jpg,6_siban,5,silk_spot,412.0,73.0,1600.0,844.0,1188.0,771.0,candidate,
img_06_4406743300_00034,data/raw/GC10-DET/6/img_06_4406743300_00034.jpg,data/raw/GC10-DET/lable/img_06_4406743300_00034.xml,6,img_06_4406743300_00034.jpg,6_siban,5,silk_spot,438.0,101.0,1876.0,870.0,1438.0,769.0,candidate,
img_06_4406743300_00036,data/raw/GC10-DET/6/img_06_4406743300_00036.jpg,data/raw/GC10-DET/lable/img_06_4406743300_00036.xml,6,img_06_4406743300_00036.jpg,6_siban,5,silk_spot,512.0,45.0,1603.0,576.0,1091.0,531.0,candidate,
img_06_4406743300_00041,data/raw/GC10-DET/6/img_06_4406743300_00041.jpg,data/raw/GC10-DET/lable/img_06_4406743300_00041.xml,6,img_06_4406743300_00041.jpg,6_siban,5,silk_spot,575.0,12.0,1624.0,673.0,1049.0,661.0,candidate,
img_06_4406743300_00042,data/raw/GC10-DET/6/img_06_4406743300_00042.jpg,data/raw/GC10-DET/lable/img_06_4406743300_00042.xml,6,img_06_4406743300_00042.jpg,6_siban,5,silk_spot,571.0,75.0,1628.0,762.0,1057.0,687.0,candidate,
img_06_4406743300_00045,data/raw/GC10-DET/6/img_06_4406743300_00045.jpg,data/raw/GC10-DET/lable/img_06_4406743300_00045.xml,6,img_06_4406743300_00045.jpg,6_siban,5,silk_spot,569.0,144.0,1641.0,875.0,1072.0,731.0,candidate,
img_06_4406743300_00052,data/raw/GC10-DET/6/img_06_4406743300_00052.jpg,data/raw/GC10-DET/lable/img_06_4406743300_00052.xml,6,img_06_4406743300_00052.jpg,6_siban,5,silk_spot,531.0,76.0,1502.0,629.0,971.0,553.0,candidate,
img_06_4406743300_00066,data/raw/GC10-DET/6/img_06_4406743300_00066.jpg,data/raw/GC10-DET/lable/img_06_4406743300_00066.xml,6,img_06_4406743300_00066.jpg,6_siban,5,silk_spot,164.0,137.0,1071.0,799.0,907.0,662.0,candidate,
img_06_4406743300_00081,data/raw/GC10-DET/6/img_06_4406743300_00081.jpg,data/raw/GC10-DET/lable/img_06_4406743300_00081.xml,6,img_06_4406743300_00081.jpg,6_siban,5,silk_spot,1.0,68.0,413.0,824.0,412.0,756.0,candidate,
img_06_4406743300_00082,data/raw/GC10-DET/6/img_06_4406743300_00082.jpg,data/raw/GC10-DET/lable/img_06_4406743300_00082.xml,6,img_06_4406743300_00082.jpg,6_siban,5,silk_spot,774.0,140.0,1459.0,686.0,685.0,546.0,candidate,
img_06_4406743300_00087,data/raw/GC10-DET/6/img_06_4406743300_00087.jpg,data/raw/GC10-DET/lable/img_06_4406743300_00087.xml,6,img_06_4406743300_00087.jpg,6_siban,5,silk_spot,107.0,173.0,579.0,840.0,472.0,667.0,candidate,
img_06_4406743300_00092,data/raw/GC10-DET/6/img_06_4406743300_00092.jpg,data/raw/GC10-DET/lable/img_06_4406743300_00092.xml,6,img_06_4406743300_00092.jpg,6_siban,5,silk_spot,3.0,142.0,453.0,888.0,450.0,746.0,candidate,
img_06_4406743300_00093,data/raw/GC10-DET/6/img_06_4406743300_00093.jpg,data/raw/GC10-DET/lable/img_06_4406743300_00093.xml,6,img_06_4406743300_00093.jpg,6_siban,5,silk_spot,26.0,129.0,369.0,693.0,343.0,564.0,candidate,
img_06_4406743300_00094,data/raw/GC10-DET/6/img_06_4406743300_00094.jpg,data/raw/GC10-DET/lable/img_06_4406743300_00094.xml,6,img_06_4406743300_00094.jpg,6_siban,5,silk_spot,36.0,129.0,343.0,707.0,307.0,578.0,candidate,
img_06_4406743300_00095,data/raw/GC10-DET/6/img_06_4406743300_00095.jpg,data/raw/GC10-DET/lable/img_06_4406743300_00095.xml,6,img_06_4406743300_00095.jpg,6_siban,5,silk_spot,31.0,155.0,395.0,860.0,364.0,705.0,candidate,
img_06_4406743300_00096,data/raw/GC10-DET/6/img_06_4406743300_00096.jpg,data/raw/GC10-DET/lable/img_06_4406743300_00096.xml,6,img_06_4406743300_00096.jpg,6_siban,5,silk_spot,43.0,155.0,362.0,668.0,319.0,513.0,candidate,
img_06_4406743300_00101,data/raw/GC10-DET/6/img_06_4406743300_00101.jpg,data/raw/GC10-DET/lable/img_06_4406743300_00101.xml,6,img_06_4406743300_00101.jpg,6_siban,5,silk_spot,77.0,501.0,353.0,893.0,276.0,392.0,candidate,
img_06_4406772100_00002,data/raw/GC10-DET/1/img_06_4406772100_00002.jpg,data/raw/GC10-DET/lable/img_06_4406772100_00002.xml,1,img_06_4406772100_00002.jpg,1_chongkong,0,punching_hole,1797.0,665.0,1902.0,727.0,105.0,62.0,candidate,
img_06_4406772100_00002,data/raw/GC10-DET/1/img_06_4406772100_00002.jpg,data/raw/GC10-DET/lable/img_06_4406772100_00002.xml,1,img_06_4406772100_00002.jpg,2_hanfeng,1,welding_line,7.0,493.0,2038.0,551.0,2031.0,58.0,candidate,
img_06_4406783500_00003,data/raw/GC10-DET/9/img_06_4406783500_00003.jpg,data/raw/GC10-DET/lable/img_06_4406783500_00003.xml,9,img_06_4406783500_00003.jpg,9_zhehen,8,crease,231.0,227.0,1502.0,789.0,1271.0,562.0,candidate,
img_06_SIS002344_00834,data/raw/GC10-DET/2/img_06_SIS002344_00834.jpg,data/raw/GC10-DET/lable/img_06_SIS002344_00834.xml,2,img_06_SIS002344_00834.jpg,2_hanfeng,1,welding_line,25.0,760.0,2048.0,877.0,2023.0,117.0,candidate,
img_06_SIS002344_00834,data/raw/GC10-DET/2/img_06_SIS002344_00834.jpg,data/raw/GC10-DET/lable/img_06_SIS002344_00834.xml,2,img_06_SIS002344_00834.jpg,1_chongkong,0,punching_hole,1884.0,970.0,1975.0,1000.0,91.0,30.0,candidate,
img_07_3402616100_00001,data/raw/GC10-DET/2/img_07_3402616100_00001.jpg,data/raw/GC10-DET/lable/img_07_3402616100_00001.xml,2,img_07_3402616100_00001.jpg,2_hanfeng,1,welding_line,12.0,191.0,2048.0,270.0,2036.0,79.0,candidate,
img_07_3402617400_01102,data/raw/GC10-DET/2/img_07_3402617400_01102.jpg,data/raw/GC10-DET/lable/img_07_3402617400_01102.xml,2,img_07_3402617400_01102.jpg,2_hanfeng,1,welding_line,5.0,9.0,1974.0,55.0,1969.0,46.0,candidate,
img_07_3403334300_00854,data/raw/GC10-DET/2/img_07_3403334300_00854.jpg,data/raw/GC10-DET/lable/img_07_3403334300_00854.xml,2,img_07_3403334300_00854.jpg,2_hanfeng,1,welding_line,8.0,368.0,2048.0,444.0,2040.0,76.0,candidate,
img_07_3403334600_00682,data/raw/GC10-DET/2/img_07_3403334600_00682.jpg,data/raw/GC10-DET/lable/img_07_3403334600_00682.xml,2,img_07_3403334600_00682.jpg,2_hanfeng,1,welding_line,13.0,817.0,2048.0,903.0,2035.0,86.0,candidate,
img_07_3403334800_00898,data/raw/GC10-DET/2/img_07_3403334800_00898.jpg,data/raw/GC10-DET/lable/img_07_3403334800_00898.xml,2,img_07_3403334800_00898.jpg,2_hanfeng,1,welding_line,13.0,642.0,2048.0,719.0,2035.0,77.0,candidate,
img_07_3403334900_00596,data/raw/GC10-DET/2/img_07_3403334900_00596.jpg,data/raw/GC10-DET/lable/img_07_3403334900_00596.xml,2,img_07_3403334900_00596.jpg,2_hanfeng,1,welding_line,8.0,635.0,2048.0,709.0,2040.0,74.0,candidate,
img_07_3403335000_01066,data/raw/GC10-DET/2/img_07_3403335000_01066.jpg,data/raw/GC10-DET/lable/img_07_3403335000_01066.xml,2,img_07_3403335000_01066.jpg,2_hanfeng,1,welding_line,20.0,312.0,2048.0,394.0,2028.0,82.0,candidate,
img_07_3403335100_01063,data/raw/GC10-DET/2/img_07_3403335100_01063.jpg,data/raw/GC10-DET/lable/img_07_3403335100_01063.xml,2,img_07_3403335100_01063.jpg,2_hanfeng,1,welding_line,15.0,611.0,2048.0,709.0,2033.0,98.0,candidate,
img_07_3403335200_00806,data/raw/GC10-DET/2/img_07_3403335200_00806.jpg,data/raw/GC10-DET/lable/img_07_3403335200_00806.xml,2,img_07_3403335200_00806.jpg,2_hanfeng,1,welding_line,7.0,873.0,2048.0,954.0,2041.0,81.0,candidate,
img_07_3403335500_00710,data/raw/GC10-DET/2/img_07_3403335500_00710.jpg,data/raw/GC10-DET/lable/img_07_3403335500_00710.xml,2,img_07_3403335500_00710.jpg,2_hanfeng,1,welding_line,13.0,837.0,2048.0,938.0,2035.0,101.0,candidate,
img_07_3403335600_00795,data/raw/GC10-DET/2/img_07_3403335600_00795.jpg,data/raw/GC10-DET/lable/img_07_3403335600_00795.xml,2,img_07_3403335600_00795.jpg,2_hanfeng,1,welding_line,10.0,821.0,2047.0,911.0,2037.0,90.0,candidate,
img_07_3403335700_01048,data/raw/GC10-DET/2/img_07_3403335700_01048.jpg,data/raw/GC10-DET/lable/img_07_3403335700_01048.xml,2,img_07_3403335700_01048.jpg,2_hanfeng,1,welding_line,3.0,657.0,2048.0,765.0,2045.0,108.0,candidate,
img_07_3403335800_00900,data/raw/GC10-DET/2/img_07_3403335800_00900.jpg,data/raw/GC10-DET/lable/img_07_3403335800_00900.xml,2,img_07_3403335800_00900.jpg,2_hanfeng,1,welding_line,7.0,281.0,2048.0,387.0,2041.0,106.0,candidate,
img_07_3403337700_00899,data/raw/GC10-DET/2/img_07_3403337700_00899.jpg,data/raw/GC10-DET/lable/img_07_3403337700_00899.xml,2,img_07_3403337700_00899.jpg,2_hanfeng,1,welding_line,7.0,294.0,2013.0,416.0,2006.0,122.0,candidate,
img_07_3403337800_00765,data/raw/GC10-DET/2/img_07_3403337800_00765.jpg,data/raw/GC10-DET/lable/img_07_3403337800_00765.xml,2,img_07_3403337800_00765.jpg,2_hanfeng,1,welding_line,7.0,196.0,2048.0,273.0,2041.0,77.0,candidate,
img_07_3403338100_00785,data/raw/GC10-DET/2/img_07_3403338100_00785.jpg,data/raw/GC10-DET/lable/img_07_3403338100_00785.xml,2,img_07_3403338100_00785.jpg,2_hanfeng,1,welding_line,7.0,673.0,2048.0,770.0,2041.0,97.0,candidate,
img_07_3403338900_00683,data/raw/GC10-DET/2/img_07_3403338900_00683.jpg,data/raw/GC10-DET/lable/img_07_3403338900_00683.xml,2,img_07_3403338900_00683.jpg,2_hanfeng,1,welding_line,10.0,703.0,2048.0,817.0,2038.0,114.0,candidate,
img_07_3403403800_00910,data/raw/GC10-DET/2/img_07_3403403800_00910.jpg,data/raw/GC10-DET/lable/img_07_3403403800_00910.xml,2,img_07_3403403800_00910.jpg,2_hanfeng,1,welding_line,10.0,150.0,2048.0,222.0,2038.0,72.0,candidate,
img_07_3403403800_00910,data/raw/GC10-DET/2/img_07_3403403800_00910.jpg,data/raw/GC10-DET/lable/img_07_3403403800_00910.xml,2,img_07_3403403800_00910.jpg,1_chongkong,0,punching_hole,2.0,342.0,38.0,411.0,36.0,69.0,candidate,
img_07_3403403900_00809,data/raw/GC10-DET/2/img_07_3403403900_00809.jpg,data/raw/GC10-DET/lable/img_07_3403403900_00809.xml,2,img_07_3403403900_00809.jpg,2_hanfeng,1,welding_line,7.0,658.0,2048.0,719.0,2041.0,61.0,candidate,
img_07_3403403900_00809,data/raw/GC10-DET/2/img_07_3403403900_00809.jpg,data/raw/GC10-DET/lable/img_07_3403403900_00809.xml,2,img_07_3403403900_00809.jpg,1_chongkong,0,punching_hole,1.0,822.0,56.0,892.0,55.0,70.0,candidate,
img_07_3403404500_01254,data/raw/GC10-DET/2/img_07_3403404500_01254.jpg,data/raw/GC10-DET/lable/img_07_3403404500_01254.xml,2,img_07_3403404500_01254.jpg,2_hanfeng,1,welding_line,1.0,766.0,2015.0,844.0,2014.0,78.0,candidate,
img_07_3403404500_01254,data/raw/GC10-DET/2/img_07_3403404500_01254.jpg,data/raw/GC10-DET/lable/img_07_3403404500_01254.xml,2,img_07_3403404500_01254.jpg,1_chongkong,0,punching_hole,1.0,939.0,41.0,994.0,40.0,55.0,candidate,
img_07_3403404600_01001,data/raw/GC10-DET/2/img_07_3403404600_01001.jpg,data/raw/GC10-DET/lable/img_07_3403404600_01001.xml,2,img_07_3403404600_01001.jpg,2_hanfeng,1,welding_line,7.0,488.0,2046.0,552.0,2039.0,64.0,candidate,
img_07_3403404600_01001,data/raw/GC10-DET/2/img_07_3403404600_01001.jpg,data/raw/GC10-DET/lable/img_07_3403404600_01001.xml,2,img_07_3403404600_01001.jpg,1_chongkong,0,punching_hole,1.0,646.0,38.0,728.0,37.0,82.0,candidate,
img_07_3403405200_00719,data/raw/GC10-DET/2/img_07_3403405200_00719.jpg,data/raw/GC10-DET/lable/img_07_3403405200_00719.xml,2,img_07_3403405200_00719.jpg,2_hanfeng,1,welding_line,7.0,711.0,1951.0,798.0,1944.0,87.0,candidate,
img_07_3403405400_00930,data/raw/GC10-DET/2/img_07_3403405400_00930.jpg,data/raw/GC10-DET/lable/img_07_3403405400_00930.xml,2,img_07_3403405400_00930.jpg,2_hanfeng,1,welding_line,1.0,679.0,1964.0,776.0,1963.0,97.0,candidate,
img_07_3403405400_00930,data/raw/GC10-DET/2/img_07_3403405400_00930.jpg,data/raw/GC10-DET/lable/img_07_3403405400_00930.xml,2,img_07_3403405400_00930.jpg,1_chongkong,0,punching_hole,1.0,864.0,15.0,919.0,14.0,55.0,candidate,
img_07_3403405500_00670,data/raw/GC10-DET/2/img_07_3403405500_00670.jpg,data/raw/GC10-DET/lable/img_07_3403405500_00670.xml,2,img_07_3403405500_00670.jpg,2_hanfeng,1,welding_line,3.0,544.0,1925.0,630.0,1922.0,86.0,candidate,
img_07_3403405700_00736,data/raw/GC10-DET/2/img_07_3403405700_00736.jpg,data/raw/GC10-DET/lable/img_07_3403405700_00736.xml,2,img_07_3403405700_00736.jpg,2_hanfeng,1,welding_line,1.0,342.0,1864.0,410.0,1863.0,68.0,candidate,
img_07_3403405700_00736,data/raw/GC10-DET/2/img_07_3403405700_00736.jpg,data/raw/GC10-DET/lable/img_07_3403405700_00736.xml,2,img_07_3403405700_00736.jpg,1_chongkong,0,punching_hole,2.0,478.0,46.0,557.0,44.0,79.0,candidate,
img_07_3403405800_00821,data/raw/GC10-DET/2/img_07_3403405800_00821.jpg,data/raw/GC10-DET/lable/img_07_3403405800_00821.xml,2,img_07_3403405800_00821.jpg,2_hanfeng,1,welding_line,1.0,244.0,1884.0,341.0,1883.0,97.0,candidate,
img_07_3403405800_00821,data/raw/GC10-DET/2/img_07_3403405800_00821.jpg,data/raw/GC10-DET/lable/img_07_3403405800_00821.xml,2,img_07_3403405800_00821.jpg,1_chongkong,0,punching_hole,1.0,421.0,38.0,493.0,37.0,72.0,candidate,
img_07_3403406000_00825,data/raw/GC10-DET/2/img_07_3403406000_00825.jpg,data/raw/GC10-DET/lable/img_07_3403406000_00825.xml,2,img_07_3403406000_00825.jpg,2_hanfeng,1,welding_line,1.0,393.0,1830.0,480.0,1829.0,87.0,candidate,
img_07_3403406200_01076,data/raw/GC10-DET/2/img_07_3403406200_01076.jpg,data/raw/GC10-DET/lable/img_07_3403406200_01076.xml,2,img_07_3403406200_01076.jpg,2_hanfeng,1,welding_line,1.0,884.0,1766.0,950.0,1765.0,66.0,candidate,
img_07_3403406400_00797,data/raw/GC10-DET/2/img_07_3403406400_00797.jpg,data/raw/GC10-DET/lable/img_07_3403406400_00797.xml,2,img_07_3403406400_00797.jpg,2_hanfeng,1,welding_line,1.0,206.0,1710.0,286.0,1709.0,80.0,candidate,
img_07_3436785900_00004,data/raw/GC10-DET/10/img_07_3436785900_00004.jpg,data/raw/GC10-DET/lable/img_07_3436785900_00004.xml,10,img_07_3436785900_00004.jpg,10_yaozhed,9,waist_folding,1.0,1.0,883.0,756.0,882.0,755.0,candidate,
img_07_3436786500_00002,data/raw/GC10-DET/10/img_07_3436786500_00002.jpg,data/raw/GC10-DET/lable/img_07_3436786500_00002.xml,10,img_07_3436786500_00002.jpg,10_yaozhed,9,waist_folding,89.0,116.0,1077.0,991.0,988.0,875.0,candidate,
img_07_3436814000_00005,data/raw/GC10-DET/10/img_07_3436814000_00005.jpg,data/raw/GC10-DET/lable/img_07_3436814000_00005.xml,10,img_07_3436814000_00005.jpg,10_yaozhed,9,waist_folding,158.0,53.0,1579.0,888.0,1421.0,835.0,candidate,
img_07_3436814000_00006,data/raw/GC10-DET/10/img_07_3436814000_00006.jpg,data/raw/GC10-DET/lable/img_07_3436814000_00006.xml,10,img_07_3436814000_00006.jpg,10_yaozhed,9,waist_folding,281.0,96.0,1551.0,965.0,1270.0,869.0,candidate,
img_07_3436814000_00007,data/raw/GC10-DET/10/img_07_3436814000_00007.jpg,data/raw/GC10-DET/lable/img_07_3436814000_00007.xml,10,img_07_3436814000_00007.jpg,10_yaozhed,9,waist_folding,358.0,48.0,1522.0,860.0,1164.0,812.0,candidate,
img_07_3436814000_00009,data/raw/GC10-DET/10/img_07_3436814000_00009.jpg,data/raw/GC10-DET/lable/img_07_3436814000_00009.xml,10,img_07_3436814000_00009.jpg,10_yaozhed,9,waist_folding,349.0,47.0,1467.0,853.0,1118.0,806.0,candidate,
img_07_3436814000_00010,data/raw/GC10-DET/10/img_07_3436814000_00010.jpg,data/raw/GC10-DET/lable/img_07_3436814000_00010.xml,10,img_07_3436814000_00010.jpg,10_yaozhed,9,waist_folding,454.0,65.0,1517.0,814.0,1063.0,749.0,candidate,
img_07_3436814000_00011,data/raw/GC10-DET/10/img_07_3436814000_00011.jpg,data/raw/GC10-DET/lable/img_07_3436814000_00011.xml,10,img_07_3436814000_00011.jpg,10_yaozhed,9,waist_folding,184.0,44.0,1205.0,775.0,1021.0,731.0,candidate,
img_07_3436814000_00016,data/raw/GC10-DET/10/img_07_3436814000_00016.jpg,data/raw/GC10-DET/lable/img_07_3436814000_00016.xml,10,img_07_3436814000_00016.jpg,10_yaozhed,9,waist_folding,295.0,48.0,1631.0,934.0,1336.0,886.0,candidate,
img_07_3436814000_00676,data/raw/GC10-DET/10/img_07_3436814000_00676.jpg,data/raw/GC10-DET/lable/img_07_3436814000_00676.xml,10,img_07_3436814000_00676.jpg,10_yaozhed,9,waist_folding,353.0,19.0,1484.0,806.0,1131.0,787.0,candidate,
img_07_3436814000_00679,data/raw/GC10-DET/10/img_07_3436814000_00679.jpg,data/raw/GC10-DET/lable/img_07_3436814000_00679.xml,10,img_07_3436814000_00679.jpg,10_yaozhed,9,waist_folding,446.0,50.0,1723.0,991.0,1277.0,941.0,candidate,
img_07_3436814000_00680,data/raw/GC10-DET/10/img_07_3436814000_00680.jpg,data/raw/GC10-DET/lable/img_07_3436814000_00680.xml,10,img_07_3436814000_00680.jpg,10_yaozhed,9,waist_folding,220.0,112.0,1849.0,947.0,1629.0,835.0,candidate,
img_07_3436814000_00684,data/raw/GC10-DET/10/img_07_3436814000_00684.jpg,data/raw/GC10-DET/lable/img_07_3436814000_00684.xml,10,img_07_3436814000_00684.jpg,10_yaozhed,9,waist_folding,90.0,153.0,1782.0,909.0,1692.0,756.0,candidate,
img_07_3436814000_00691,data/raw/GC10-DET/10/img_07_3436814000_00691.jpg,data/raw/GC10-DET/lable/img_07_3436814000_00691.xml,10,img_07_3436814000_00691.jpg,10_yaozhed,9,waist_folding,194.0,75.0,1695.0,750.0,1501.0,675.0,candidate,
img_07_3436814000_00692,data/raw/GC10-DET/10/img_07_3436814000_00692.jpg,data/raw/GC10-DET/lable/img_07_3436814000_00692.xml,10,img_07_3436814000_00692.jpg,10_yaozhed,9,waist_folding,205.0,175.0,1859.0,993.0,1654.0,818.0,candidate,
img_07_3436814000_00693,data/raw/GC10-DET/10/img_07_3436814000_00693.jpg,data/raw/GC10-DET/lable/img_07_3436814000_00693.xml,10,img_07_3436814000_00693.jpg,10_yaozhed,9,waist_folding,285.0,93.0,1697.0,752.0,1412.0,659.0,candidate,
img_07_3436814000_00694,data/raw/GC10-DET/10/img_07_3436814000_00694.jpg,data/raw/GC10-DET/lable/img_07_3436814000_00694.xml,10,img_07_3436814000_00694.jpg,10_yaozhed,9,waist_folding,305.0,157.0,1822.0,901.0,1517.0,744.0,candidate,
img_07_3437006500_00761,data/raw/GC10-DET/10/img_07_3437006500_00761.jpg,data/raw/GC10-DET/lable/img_07_3437006500_00761.xml,10,img_07_3437006500_00761.jpg,10_yaozhed,9,waist_folding,326.0,176.0,1581.0,975.0,1255.0,799.0,candidate,
img_07_3437011100_00683,data/raw/GC10-DET/5/img_07_3437011100_00683.jpg,data/raw/GC10-DET/lable/img_07_3437011100_00683.xml,5,img_07_3437011100_00683.jpg,5_youban,4,oil_spot,1829.0,302.0,1985.0,525.0,156.0,223.0,candidate,
img_07_3437011100_00684,data/raw/GC10-DET/5/img_07_3437011100_00684.jpg,data/raw/GC10-DET/lable/img_07_3437011100_00684.xml,5,img_07_3437011100_00684.jpg,5_youban,4,oil_spot,1817.0,507.0,1982.0,727.0,165.0,220.0,candidate,
img_07_3437011100_00685,data/raw/GC10-DET/5/img_07_3437011100_00685.jpg,data/raw/GC10-DET/lable/img_07_3437011100_00685.xml,5,img_07_3437011100_00685.jpg,5_youban,4,oil_spot,1806.0,1.0,1977.0,193.0,171.0,192.0,candidate,
img_07_3437011100_00685,data/raw/GC10-DET/5/img_07_3437011100_00685.jpg,data/raw/GC10-DET/lable/img_07_3437011100_00685.xml,5,img_07_3437011100_00685.jpg,5_youban,4,oil_spot,1827.0,740.0,1963.0,960.0,136.0,220.0,candidate,
img_07_3437011100_00686,data/raw/GC10-DET/5/img_07_3437011100_00686.jpg,data/raw/GC10-DET/lable/img_07_3437011100_00686.xml,5,img_07_3437011100_00686.jpg,5_youban,4,oil_spot,1825.0,188.0,1995.0,401.0,170.0,213.0,candidate,
img_07_3437011100_00688,data/raw/GC10-DET/5/img_07_3437011100_00688.jpg,data/raw/GC10-DET/lable/img_07_3437011100_00688.xml,5,img_07_3437011100_00688.jpg,5_youban,4,oil_spot,1799.0,1.0,1985.0,99.0,186.0,98.0,candidate,
img_07_3437011100_00688,data/raw/GC10-DET/5/img_07_3437011100_00688.jpg,data/raw/GC10-DET/lable/img_07_3437011100_00688.xml,5,img_07_3437011100_00688.jpg,5_youban,4,oil_spot,1818.0,525.0,1982.0,665.0,164.0,140.0,candidate,
img_07_3437011100_00688,data/raw/GC10-DET/5/img_07_3437011100_00688.jpg,data/raw/GC10-DET/lable/img_07_3437011100_00688.xml,5,img_07_3437011100_00688.jpg,5_youban,4,oil_spot,1794.0,691.0,1984.0,862.0,190.0,171.0,candidate,
img_07_3437011100_00693,data/raw/GC10-DET/5/img_07_3437011100_00693.jpg,data/raw/GC10-DET/lable/img_07_3437011100_00693.xml,5,img_07_3437011100_00693.jpg,5_youban,4,oil_spot,1826.0,201.0,1977.0,404.0,151.0,203.0,candidate,
img_07_3437011100_00693,data/raw/GC10-DET/5/img_07_3437011100_00693.jpg,data/raw/GC10-DET/lable/img_07_3437011100_00693.xml,5,img_07_3437011100_00693.jpg,5_youban,4,oil_spot,1835.0,448.0,1971.0,640.0,136.0,192.0,candidate,
img_07_3437011100_00693,data/raw/GC10-DET/5/img_07_3437011100_00693.jpg,data/raw/GC10-DET/lable/img_07_3437011100_00693.xml,5,img_07_3437011100_00693.jpg,5_youban,4,oil_spot,1836.0,678.0,1969.0,824.0,133.0,146.0,candidate,
img_07_3437011100_01183,data/raw/GC10-DET/10/img_07_3437011100_01183.jpg,data/raw/GC10-DET/lable/img_07_3437011100_01183.xml,10,img_07_3437011100_01183.jpg,10_yaozhed,9,waist_folding,543.0,252.0,1908.0,886.0,1365.0,634.0,candidate,
img_07_424714400_00008,data/raw/GC10-DET/6/img_07_424714400_00008.jpg,data/raw/GC10-DET/lable/img_07_424714400_00008.xml,6,img_07_424714400_00008.jpg,6_siban,5,silk_spot,351.0,483.0,615.0,781.0,264.0,298.0,candidate,
img_07_424714400_00008,data/raw/GC10-DET/6/img_07_424714400_00008.jpg,data/raw/GC10-DET/lable/img_07_424714400_00008.xml,6,img_07_424714400_00008.jpg,6_siban,5,silk_spot,1172.0,139.0,1625.0,603.0,453.0,464.0,candidate,
img_07_424714400_00009,data/raw/GC10-DET/6/img_07_424714400_00009.jpg,data/raw/GC10-DET/lable/img_07_424714400_00009.xml,6,img_07_424714400_00009.jpg,6_siban,5,silk_spot,936.0,114.0,1335.0,403.0,399.0,289.0,candidate,
img_07_424714400_00009,data/raw/GC10-DET/6/img_07_424714400_00009.jpg,data/raw/GC10-DET/lable/img_07_424714400_00009.xml,6,img_07_424714400_00009.jpg,6_siban,5,silk_spot,1425.0,142.0,1787.0,575.0,362.0,433.0,candidate,
img_07_424714400_00009,data/raw/GC10-DET/6/img_07_424714400_00009.jpg,data/raw/GC10-DET/lable/img_07_424714400_00009.xml,6,img_07_424714400_00009.jpg,6_siban,5,silk_spot,1177.0,644.0,1767.0,973.0,590.0,329.0,candidate,
img_07_424714400_00011,data/raw/GC10-DET/6/img_07_424714400_00011.jpg,data/raw/GC10-DET/lable/img_07_424714400_00011.xml,6,img_07_424714400_00011.jpg,6_siban,5,silk_spot,982.0,263.0,1797.0,868.0,815.0,605.0,candidate,
img_07_424714400_00011,data/raw/GC10-DET/6/img_07_424714400_00011.jpg,data/raw/GC10-DET/lable/img_07_424714400_00011.xml,6,img_07_424714400_00011.jpg,6_siban,5,silk_spot,1267.0,63.0,1759.0,255.0,492.0,192.0,candidate,
img_07_424799400_00071,data/raw/GC10-DET/7/img_07_424799400_00071.jpg,data/raw/GC10-DET/lable/img_07_424799400_00071.xml,7,img_07_424799400_00071.jpg,7_yiwu,6,inclusion,501.0,828.0,532.0,957.0,31.0,129.0,candidate,
img_07_424799400_01080,data/raw/GC10-DET/3/img_07_424799400_01080.jpg,data/raw/GC10-DET/lable/img_07_424799400_01080.xml,3,img_07_424799400_01080.jpg,2_hanfeng,1,welding_line,1.0,743.0,2026.0,837.0,2025.0,94.0,candidate,
img_07_424799400_01080,data/raw/GC10-DET/3/img_07_424799400_01080.jpg,data/raw/GC10-DET/lable/img_07_424799400_01080.xml,3,img_07_424799400_01080.jpg,3_yueyawan,2,crescent_gap,1979.0,612.0,2048.0,972.0,69.0,360.0,candidate,
img_07_424826800_00488,data/raw/GC10-DET/10/img_07_424826800_00488.jpg,data/raw/GC10-DET/lable/img_07_424826800_00488.xml,10,img_07_424826800_00488.jpg,10_yaozhed,9,waist_folding,533.0,203.0,1492.0,950.0,959.0,747.0,candidate,
img_07_424826800_00492,data/raw/GC10-DET/10/img_07_424826800_00492.jpg,data/raw/GC10-DET/lable/img_07_424826800_00492.xml,10,img_07_424826800_00492.jpg,10_yaozhed,9,waist_folding,874.0,111.0,1443.0,819.0,569.0,708.0,candidate,
img_07_424826800_00493,data/raw/GC10-DET/10/img_07_424826800_00493.jpg,data/raw/GC10-DET/lable/img_07_424826800_00493.xml,10,img_07_424826800_00493.jpg,10_yaozhed,9,waist_folding,741.0,109.0,1418.0,762.0,677.0,653.0,candidate,
img_07_424826800_00494,data/raw/GC10-DET/10/img_07_424826800_00494.jpg,data/raw/GC10-DET/lable/img_07_424826800_00494.xml,10,img_07_424826800_00494.jpg,10_yaozhed,9,waist_folding,879.0,201.0,1448.0,865.0,569.0,664.0,candidate,
img_07_424826800_00497,data/raw/GC10-DET/10/img_07_424826800_00497.jpg,data/raw/GC10-DET/lable/img_07_424826800_00497.xml,10,img_07_424826800_00497.jpg,10_yaozhed,9,waist_folding,774.0,116.0,1392.0,678.0,618.0,562.0,candidate,
img_07_424826800_00502,data/raw/GC10-DET/10/img_07_424826800_00502.jpg,data/raw/GC10-DET/lable/img_07_424826800_00502.xml,10,img_07_424826800_00502.jpg,10_yaozhed,9,waist_folding,805.0,65.0,1418.0,878.0,613.0,813.0,candidate,
img_07_424826800_00507,data/raw/GC10-DET/10/img_07_424826800_00507.jpg,data/raw/GC10-DET/lable/img_07_424826800_00507.xml,10,img_07_424826800_00507.jpg,10_yaozhed,9,waist_folding,949.0,171.0,1407.0,778.0,458.0,607.0,candidate,
img_07_425004200_00982,data/raw/GC10-DET/9/img_07_425004200_00982.jpg,data/raw/GC10-DET/lable/img_07_425004200_00982.xml,9,img_07_425004200_00982.jpg,9_zhehen,8,crease,35.0,501.0,817.0,598.0,782.0,97.0,candidate,
img_07_425004200_00986,data/raw/GC10-DET/3/img_07_425004200_00986.jpg,data/raw/GC10-DET/lable/img_07_425004200_00986.xml,3,img_07_425004200_00986.jpg,2_hanfeng,1,welding_line,1.0,936.0,1677.0,991.0,1676.0,55.0,candidate,
img_07_425004200_00986,data/raw/GC10-DET/3/img_07_425004200_00986.jpg,data/raw/GC10-DET/lable/img_07_425004200_00986.xml,3,img_07_425004200_00986.jpg,3_yueyawan,2,crescent_gap,1590.0,598.0,1838.0,1000.0,248.0,402.0,candidate,
img_07_425005700_01204,data/raw/GC10-DET/7/img_07_425005700_01204.jpg,data/raw/GC10-DET/lable/img_07_425005700_01204.xml,7,img_07_425005700_01204.jpg,7_yiwu,6,inclusion,966.0,491.0,1030.0,554.0,64.0,63.0,candidate,
img_07_425008500_00312,data/raw/GC10-DET/7/img_07_425008500_00312.jpg,data/raw/GC10-DET/lable/img_07_425008500_00312.xml,7,img_07_425008500_00312.jpg,7_yiwu,6,inclusion,964.0,178.0,1011.0,352.0,47.0,174.0,candidate,
img_07_425008500_00314,data/raw/GC10-DET/7/img_07_425008500_00314.jpg,data/raw/GC10-DET/lable/img_07_425008500_00314.xml,7,img_07_425008500_00314.jpg,7_yiwu,6,inclusion,969.0,327.0,1010.0,455.0,41.0,128.0,candidate,
img_07_425008500_00314,data/raw/GC10-DET/7/img_07_425008500_00314.jpg,data/raw/GC10-DET/lable/img_07_425008500_00314.xml,7,img_07_425008500_00314.jpg,7_yiwu,6,inclusion,974.0,468.0,1011.0,620.0,37.0,152.0,candidate,
img_07_425100400_00067,data/raw/GC10-DET/5/img_07_425100400_00067.jpg,data/raw/GC10-DET/lable/img_07_425100400_00067.xml,5,img_07_425100400_00067.jpg,5_youban,4,oil_spot,841.0,834.0,982.0,957.0,141.0,123.0,candidate,
img_07_425100400_00082,data/raw/GC10-DET/5/img_07_425100400_00082.jpg,data/raw/GC10-DET/lable/img_07_425100400_00082.xml,5,img_07_425100400_00082.jpg,5_youban,4,oil_spot,846.0,429.0,1030.0,532.0,184.0,103.0,candidate,
img_07_425100400_00088,data/raw/GC10-DET/5/img_07_425100400_00088.jpg,data/raw/GC10-DET/lable/img_07_425100400_00088.xml,5,img_07_425100400_00088.jpg,5_youban,4,oil_spot,846.0,460.0,985.0,553.0,139.0,93.0,candidate,
img_07_425100400_00094,data/raw/GC10-DET/5/img_07_425100400_00094.jpg,data/raw/GC10-DET/lable/img_07_425100400_00094.xml,5,img_07_425100400_00094.jpg,5_youban,4,oil_spot,843.0,470.0,1000.0,583.0,157.0,113.0,candidate,
img_07_425100400_00100,data/raw/GC10-DET/5/img_07_425100400_00100.jpg,data/raw/GC10-DET/lable/img_07_425100400_00100.xml,5,img_07_425100400_00100.jpg,5_youban,4,oil_spot,843.0,488.0,1022.0,607.0,179.0,119.0,candidate,
img_07_425243200_00001,data/raw/GC10-DET/6/img_07_425243200_00001.jpg,data/raw/GC10-DET/lable/img_07_425243200_00001.xml,6,img_07_425243200_00001.jpg,6_siban,5,silk_spot,869.0,206.0,1199.0,773.0,330.0,567.0,candidate,
img_07_425243200_00005,data/raw/GC10-DET/6/img_07_425243200_00005.jpg,data/raw/GC10-DET/lable/img_07_425243200_00005.xml,6,img_07_425243200_00005.jpg,6_siban,5,silk_spot,887.0,158.0,1615.0,462.0,728.0,304.0,candidate,
img_07_425243200_00005,data/raw/GC10-DET/6/img_07_425243200_00005.jpg,data/raw/GC10-DET/lable/img_07_425243200_00005.xml,6,img_07_425243200_00005.jpg,6_siban,5,silk_spot,994.0,586.0,1525.0,932.0,531.0,346.0,candidate,
img_07_425390100_00053,data/raw/GC10-DET/2/img_07_425390100_00053.jpg,data/raw/GC10-DET/lable/img_07_425390100_00053.xml,2,img_07_425390100_00053.jpg,2_hanfeng,1,welding_line,13.0,552.0,1661.0,632.0,1648.0,80.0,candidate,
img_07_425390700_00050,data/raw/GC10-DET/3/img_07_425390700_00050.jpg,data/raw/GC10-DET/lable/img_07_425390700_00050.xml,3,img_07_425390700_00050.jpg,3_yueyawan,2,crescent_gap,1280.0,1.0,1856.0,476.0,576.0,475.0,candidate,
img_07_425390700_00051,data/raw/GC10-DET/3/img_07_425390700_00051.jpg,data/raw/GC10-DET/lable/img_07_425390700_00051.xml,3,img_07_425390700_00051.jpg,3_yueyawan,2,crescent_gap,1268.0,204.0,1805.0,1000.0,537.0,796.0,candidate,
img_07_425390700_00051,data/raw/GC10-DET/3/img_07_425390700_00051.jpg,data/raw/GC10-DET/lable/img_07_425390700_00051.xml,3,img_07_425390700_00051.jpg,2_hanfeng,1,welding_line,10.0,786.0,1440.0,873.0,1430.0,87.0,candidate,
img_07_425390700_00052,data/raw/GC10-DET/5/img_07_425390700_00052.jpg,data/raw/GC10-DET/lable/img_07_425390700_00052.xml,5,img_07_425390700_00052.jpg,5_youban,4,oil_spot,1592.0,286.0,1700.0,366.0,108.0,80.0,candidate,
img_07_425390800_00008,data/raw/GC10-DET/5/img_07_425390800_00008.jpg,data/raw/GC10-DET/lable/img_07_425390800_00008.xml,5,img_07_425390800_00008.jpg,5_youban,4,oil_spot,1526.0,125.0,1623.0,207.0,97.0,82.0,candidate,
img_07_425390800_00009,data/raw/GC10-DET/5/img_07_425390800_00009.jpg,data/raw/GC10-DET/lable/img_07_425390800_00009.xml,5,img_07_425390800_00009.jpg,5_youban,4,oil_spot,1610.0,383.0,1677.0,429.0,67.0,46.0,candidate,
img_07_425390800_00009,data/raw/GC10-DET/5/img_07_425390800_00009.jpg,data/raw/GC10-DET/lable/img_07_425390800_00009.xml,5,img_07_425390800_00009.jpg,7_yiwu,6,inclusion,1546.0,482.0,1595.0,530.0,49.0,48.0,candidate,
img_07_425390800_00009,data/raw/GC10-DET/5/img_07_425390800_00009.jpg,data/raw/GC10-DET/lable/img_07_425390800_00009.xml,5,img_07_425390800_00009.jpg,7_yiwu,6,inclusion,1622.0,535.0,1676.0,574.0,54.0,39.0,candidate,
img_07_425390900_00052,data/raw/GC10-DET/5/img_07_425390900_00052.jpg,data/raw/GC10-DET/lable/img_07_425390900_00052.xml,5,img_07_425390900_00052.jpg,5_youban,4,oil_spot,1617.0,6.0,1672.0,68.0,55.0,62.0,candidate,
img_07_425390900_00052,data/raw/GC10-DET/5/img_07_425390900_00052.jpg,data/raw/GC10-DET/lable/img_07_425390900_00052.xml,5,img_07_425390900_00052.jpg,5_youban,4,oil_spot,1622.0,186.0,1685.0,257.0,63.0,71.0,candidate,
img_07_425390900_00052,data/raw/GC10-DET/5/img_07_425390900_00052.jpg,data/raw/GC10-DET/lable/img_07_425390900_00052.xml,5,img_07_425390900_00052.jpg,5_youban,4,oil_spot,1556.0,201.0,1626.0,673.0,70.0,472.0,candidate,
img_07_425390900_00052,data/raw/GC10-DET/5/img_07_425390900_00052.jpg,data/raw/GC10-DET/lable/img_07_425390900_00052.xml,5,img_07_425390900_00052.jpg,5_youban,4,oil_spot,1622.0,386.0,1697.0,440.0,75.0,54.0,candidate,
img_07_425390900_00052,data/raw/GC10-DET/5/img_07_425390900_00052.jpg,data/raw/GC10-DET/lable/img_07_425390900_00052.xml,5,img_07_425390900_00052.jpg,5_youban,4,oil_spot,1603.0,614.0,1689.0,698.0,86.0,84.0,candidate,
img_07_425390900_00052,data/raw/GC10-DET/5/img_07_425390900_00052.jpg,data/raw/GC10-DET/lable/img_07_425390900_00052.xml,5,img_07_425390900_00052.jpg,5_youban,4,oil_spot,1545.0,886.0,1707.0,992.0,162.0,106.0,candidate,
img_07_425390900_00052,data/raw/GC10-DET/5/img_07_425390900_00052.jpg,data/raw/GC10-DET/lable/img_07_425390900_00052.xml,5,img_07_425390900_00052.jpg,5_youban,4,oil_spot,1547.0,693.0,1608.0,872.0,61.0,179.0,candidate,
img_07_425390900_00053,data/raw/GC10-DET/5/img_07_425390900_00053.jpg,data/raw/GC10-DET/lable/img_07_425390900_00053.xml,5,img_07_425390900_00053.jpg,5_youban,4,oil_spot,1543.0,107.0,1658.0,199.0,115.0,92.0,candidate,
img_07_425390900_00053,data/raw/GC10-DET/5/img_07_425390900_00053.jpg,data/raw/GC10-DET/lable/img_07_425390900_00053.xml,5,img_07_425390900_00053.jpg,5_youban,4,oil_spot,1694.0,144.0,1759.0,230.0,65.0,86.0,candidate,
img_07_425390900_00053,data/raw/GC10-DET/5/img_07_425390900_00053.jpg,data/raw/GC10-DET/lable/img_07_425390900_00053.xml,5,img_07_425390900_00053.jpg,5_youban,4,oil_spot,1518.0,386.0,1730.0,583.0,212.0,197.0,candidate,
img_07_425390900_00053,data/raw/GC10-DET/5/img_07_425390900_00053.jpg,data/raw/GC10-DET/lable/img_07_425390900_00053.xml,5,img_07_425390900_00053.jpg,5_youban,4,oil_spot,1538.0,632.0,1687.0,707.0,149.0,75.0,candidate,
img_07_425390900_00053,data/raw/GC10-DET/5/img_07_425390900_00053.jpg,data/raw/GC10-DET/lable/img_07_425390900_00053.xml,5,img_07_425390900_00053.jpg,5_youban,4,oil_spot,1543.0,748.0,1623.0,809.0,80.0,61.0,candidate,
img_07_425390900_00053,data/raw/GC10-DET/5/img_07_425390900_00053.jpg,data/raw/GC10-DET/lable/img_07_425390900_00053.xml,5,img_07_425390900_00053.jpg,5_youban,4,oil_spot,1626.0,844.0,1677.0,884.0,51.0,40.0,candidate,
img_07_425390900_00053,data/raw/GC10-DET/5/img_07_425390900_00053.jpg,data/raw/GC10-DET/lable/img_07_425390900_00053.xml,5,img_07_425390900_00053.jpg,5_youban,4,oil_spot,1697.0,760.0,1753.0,832.0,56.0,72.0,candidate,
img_07_425390900_00053,data/raw/GC10-DET/5/img_07_425390900_00053.jpg,data/raw/GC10-DET/lable/img_07_425390900_00053.xml,5,img_07_425390900_00053.jpg,5_youban,4,oil_spot,1538.0,891.0,1754.0,999.0,216.0,108.0,candidate,
img_07_425390900_00053,data/raw/GC10-DET/5/img_07_425390900_00053.jpg,data/raw/GC10-DET/lable/img_07_425390900_00053.xml,5,img_07_425390900_00053.jpg,5_youban,4,oil_spot,1560.0,275.0,1608.0,383.0,48.0,108.0,candidate,
img_07_425390900_00053,data/raw/GC10-DET/5/img_07_425390900_00053.jpg,data/raw/GC10-DET/lable/img_07_425390900_00053.xml,5,img_07_425390900_00053.jpg,5_youban,4,oil_spot,1549.0,23.0,1615.0,66.0,66.0,43.0,candidate,
img_07_425390900_00053,data/raw/GC10-DET/5/img_07_425390900_00053.jpg,data/raw/GC10-DET/lable/img_07_425390900_00053.xml,5,img_07_425390900_00053.jpg,5_youban,4,oil_spot,1696.0,1.0,1750.0,45.0,54.0,44.0,candidate,
img_07_425390900_00054,data/raw/GC10-DET/5/img_07_425390900_00054.jpg,data/raw/GC10-DET/lable/img_07_425390900_00054.xml,5,img_07_425390900_00054.jpg,5_youban,4,oil_spot,1535.0,83.0,1649.0,235.0,114.0,152.0,candidate,
img_07_425390900_00054,data/raw/GC10-DET/5/img_07_425390900_00054.jpg,data/raw/GC10-DET/lable/img_07_425390900_00054.xml,5,img_07_425390900_00054.jpg,5_youban,4,oil_spot,1707.0,158.0,1744.0,271.0,37.0,113.0,candidate,
img_07_425390900_00054,data/raw/GC10-DET/5/img_07_425390900_00054.jpg,data/raw/GC10-DET/lable/img_07_425390900_00054.xml,5,img_07_425390900_00054.jpg,5_youban,4,oil_spot,1525.0,347.0,1644.0,450.0,119.0,103.0,candidate,
img_07_425390900_00054,data/raw/GC10-DET/5/img_07_425390900_00054.jpg,data/raw/GC10-DET/lable/img_07_425390900_00054.xml,5,img_07_425390900_00054.jpg,5_youban,4,oil_spot,1682.0,342.0,1766.0,460.0,84.0,118.0,candidate,
img_07_425390900_00054,data/raw/GC10-DET/5/img_07_425390900_00054.jpg,data/raw/GC10-DET/lable/img_07_425390900_00054.xml,5,img_07_425390900_00054.jpg,5_youban,4,oil_spot,1585.0,571.0,1702.0,775.0,117.0,204.0,candidate,
img_07_425390900_00054,data/raw/GC10-DET/5/img_07_425390900_00054.jpg,data/raw/GC10-DET/lable/img_07_425390900_00054.xml,5,img_07_425390900_00054.jpg,5_youban,4,oil_spot,1520.0,537.0,1618.0,771.0,98.0,234.0,candidate,
img_07_425390900_00054,data/raw/GC10-DET/5/img_07_425390900_00054.jpg,data/raw/GC10-DET/lable/img_07_425390900_00054.xml,5,img_07_425390900_00054.jpg,5_youban,4,oil_spot,1702.0,937.0,1743.0,1000.0,41.0,63.0,candidate,
img_07_425390900_00055,data/raw/GC10-DET/5/img_07_425390900_00055.jpg,data/raw/GC10-DET/lable/img_07_425390900_00055.xml,5,img_07_425390900_00055.jpg,5_youban,4,oil_spot,1553.0,19.0,1625.0,693.0,72.0,674.0,candidate,
img_07_425390900_00055,data/raw/GC10-DET/5/img_07_425390900_00055.jpg,data/raw/GC10-DET/lable/img_07_425390900_00055.xml,5,img_07_425390900_00055.jpg,5_youban,4,oil_spot,1599.0,304.0,1722.0,516.0,123.0,212.0,candidate,
img_07_425390900_00055,data/raw/GC10-DET/5/img_07_425390900_00055.jpg,data/raw/GC10-DET/lable/img_07_425390900_00055.xml,5,img_07_425390900_00055.jpg,5_youban,4,oil_spot,1689.0,586.0,1758.0,703.0,69.0,117.0,candidate,
img_07_425390900_00055,data/raw/GC10-DET/5/img_07_425390900_00055.jpg,data/raw/GC10-DET/lable/img_07_425390900_00055.xml,5,img_07_425390900_00055.jpg,5_youban,4,oil_spot,1525.0,737.0,1695.0,940.0,170.0,203.0,candidate,
img_07_425390900_00056,data/raw/GC10-DET/5/img_07_425390900_00056.jpg,data/raw/GC10-DET/lable/img_07_425390900_00056.xml,5,img_07_425390900_00056.jpg,5_youban,4,oil_spot,1426.0,39.0,1762.0,345.0,336.0,306.0,candidate,
img_07_425390900_00056,data/raw/GC10-DET/5/img_07_425390900_00056.jpg,data/raw/GC10-DET/lable/img_07_425390900_00056.xml,5,img_07_425390900_00056.jpg,5_youban,4,oil_spot,1541.0,425.0,1707.0,532.0,166.0,107.0,candidate,
img_07_425390900_00056,data/raw/GC10-DET/5/img_07_425390900_00056.jpg,data/raw/GC10-DET/lable/img_07_425390900_00056.xml,5,img_07_425390900_00056.jpg,5_youban,4,oil_spot,1513.0,632.0,1635.0,765.0,122.0,133.0,candidate,
img_07_425390900_00056,data/raw/GC10-DET/5/img_07_425390900_00056.jpg,data/raw/GC10-DET/lable/img_07_425390900_00056.xml,5,img_07_425390900_00056.jpg,5_youban,4,oil_spot,1553.0,839.0,1635.0,935.0,82.0,96.0,candidate,
img_07_425390900_00056,data/raw/GC10-DET/5/img_07_425390900_00056.jpg,data/raw/GC10-DET/lable/img_07_425390900_00056.xml,5,img_07_425390900_00056.jpg,5_youban,4,oil_spot,1677.0,789.0,1758.0,924.0,81.0,135.0,candidate,
img_07_425390900_00057,data/raw/GC10-DET/5/img_07_425390900_00057.jpg,data/raw/GC10-DET/lable/img_07_425390900_00057.xml,5,img_07_425390900_00057.jpg,5_youban,4,oil_spot,1530.0,178.0,1646.0,502.0,116.0,324.0,candidate,
img_07_425390900_00057,data/raw/GC10-DET/5/img_07_425390900_00057.jpg,data/raw/GC10-DET/lable/img_07_425390900_00057.xml,5,img_07_425390900_00057.jpg,5_youban,4,oil_spot,1605.0,40.0,1718.0,111.0,113.0,71.0,candidate,
img_07_425390900_00057,data/raw/GC10-DET/5/img_07_425390900_00057.jpg,data/raw/GC10-DET/lable/img_07_425390900_00057.xml,5,img_07_425390900_00057.jpg,5_youban,4,oil_spot,1702.0,278.0,1758.0,380.0,56.0,102.0,candidate,
img_07_425390900_00057,data/raw/GC10-DET/5/img_07_425390900_00057.jpg,data/raw/GC10-DET/lable/img_07_425390900_00057.xml,5,img_07_425390900_00057.jpg,5_youban,4,oil_spot,1517.0,662.0,1710.0,889.0,193.0,227.0,candidate,
img_07_425390900_00057,data/raw/GC10-DET/5/img_07_425390900_00057.jpg,data/raw/GC10-DET/lable/img_07_425390900_00057.xml,5,img_07_425390900_00057.jpg,5_youban,4,oil_spot,1711.0,465.0,1758.0,516.0,47.0,51.0,candidate,
img_07_425390900_00057,data/raw/GC10-DET/5/img_07_425390900_00057.jpg,data/raw/GC10-DET/lable/img_07_425390900_00057.xml,5,img_07_425390900_00057.jpg,5_youban,4,oil_spot,1554.0,7.0,1596.0,109.0,42.0,102.0,candidate,
img_07_425390900_00058,data/raw/GC10-DET/5/img_07_425390900_00058.jpg,data/raw/GC10-DET/lable/img_07_425390900_00058.xml,5,img_07_425390900_00058.jpg,5_youban,4,oil_spot,1528.0,209.0,1690.0,750.0,162.0,541.0,candidate,
img_07_425390900_00058,data/raw/GC10-DET/5/img_07_425390900_00058.jpg,data/raw/GC10-DET/lable/img_07_425390900_00058.xml,5,img_07_425390900_00058.jpg,5_youban,4,oil_spot,1590.0,19.0,1672.0,80.0,82.0,61.0,candidate,
img_07_425390900_00058,data/raw/GC10-DET/5/img_07_425390900_00058.jpg,data/raw/GC10-DET/lable/img_07_425390900_00058.xml,5,img_07_425390900_00058.jpg,5_youban,4,oil_spot,1551.0,863.0,1702.0,970.0,151.0,107.0,candidate,
img_07_425390900_00059,data/raw/GC10-DET/5/img_07_425390900_00059.jpg,data/raw/GC10-DET/lable/img_07_425390900_00059.xml,5,img_07_425390900_00059.jpg,5_youban,4,oil_spot,1541.0,414.0,1722.0,540.0,181.0,126.0,candidate,
img_07_425390900_00059,data/raw/GC10-DET/5/img_07_425390900_00059.jpg,data/raw/GC10-DET/lable/img_07_425390900_00059.xml,5,img_07_425390900_00059.jpg,5_youban,4,oil_spot,1526.0,527.0,1625.0,599.0,99.0,72.0,candidate,
img_07_425390900_00059,data/raw/GC10-DET/5/img_07_425390900_00059.jpg,data/raw/GC10-DET/lable/img_07_425390900_00059.xml,5,img_07_425390900_00059.jpg,5_youban,4,oil_spot,1528.0,663.0,1654.0,717.0,126.0,54.0,candidate,
img_07_425390900_00059,data/raw/GC10-DET/5/img_07_425390900_00059.jpg,data/raw/GC10-DET/lable/img_07_425390900_00059.xml,5,img_07_425390900_00059.jpg,5_youban,4,oil_spot,1523.0,907.0,1700.0,1000.0,177.0,93.0,candidate,
img_07_425390900_00059,data/raw/GC10-DET/5/img_07_425390900_00059.jpg,data/raw/GC10-DET/lable/img_07_425390900_00059.xml,5,img_07_425390900_00059.jpg,5_youban,4,oil_spot,1544.0,773.0,1603.0,816.0,59.0,43.0,candidate,
img_07_425390900_00059,data/raw/GC10-DET/5/img_07_425390900_00059.jpg,data/raw/GC10-DET/lable/img_07_425390900_00059.xml,5,img_07_425390900_00059.jpg,5_youban,4,oil_spot,1613.0,844.0,1666.0,880.0,53.0,36.0,candidate,
img_07_425390900_00059,data/raw/GC10-DET/5/img_07_425390900_00059.jpg,data/raw/GC10-DET/lable/img_07_425390900_00059.xml,5,img_07_425390900_00059.jpg,5_youban,4,oil_spot,1708.0,709.0,1741.0,791.0,33.0,82.0,candidate,
img_07_425390900_00059,data/raw/GC10-DET/5/img_07_425390900_00059.jpg,data/raw/GC10-DET/lable/img_07_425390900_00059.xml,5,img_07_425390900_00059.jpg,5_youban,4,oil_spot,1543.0,122.0,1643.0,230.0,100.0,108.0,candidate,
img_07_425390900_00061,data/raw/GC10-DET/5/img_07_425390900_00061.jpg,data/raw/GC10-DET/lable/img_07_425390900_00061.xml,5,img_07_425390900_00061.jpg,5_youban,4,oil_spot,1536.0,16.0,1648.0,196.0,112.0,180.0,candidate,
img_07_425390900_00061,data/raw/GC10-DET/5/img_07_425390900_00061.jpg,data/raw/GC10-DET/lable/img_07_425390900_00061.xml,5,img_07_425390900_00061.jpg,5_youban,4,oil_spot,1533.0,242.0,1692.0,586.0,159.0,344.0,candidate,
img_07_425390900_00061,data/raw/GC10-DET/5/img_07_425390900_00061.jpg,data/raw/GC10-DET/lable/img_07_425390900_00061.xml,5,img_07_425390900_00061.jpg,5_youban,4,oil_spot,1549.0,621.0,1618.0,686.0,69.0,65.0,candidate,
img_07_425390900_00061,data/raw/GC10-DET/5/img_07_425390900_00061.jpg,data/raw/GC10-DET/lable/img_07_425390900_00061.xml,5,img_07_425390900_00061.jpg,5_youban,4,oil_spot,1526.0,775.0,1695.0,963.0,169.0,188.0,candidate,
img_07_425390900_00062,data/raw/GC10-DET/5/img_07_425390900_00062.jpg,data/raw/GC10-DET/lable/img_07_425390900_00062.xml,5,img_07_425390900_00062.jpg,5_youban,4,oil_spot,1428.0,83.0,1477.0,170.0,49.0,87.0,candidate,
img_07_425390900_00062,data/raw/GC10-DET/5/img_07_425390900_00062.jpg,data/raw/GC10-DET/lable/img_07_425390900_00062.xml,5,img_07_425390900_00062.jpg,5_youban,4,oil_spot,1548.0,62.0,1700.0,353.0,152.0,291.0,candidate,
img_07_425390900_00062,data/raw/GC10-DET/5/img_07_425390900_00062.jpg,data/raw/GC10-DET/lable/img_07_425390900_00062.xml,5,img_07_425390900_00062.jpg,5_youban,4,oil_spot,1538.0,416.0,1699.0,529.0,161.0,113.0,candidate,
img_07_425390900_00062,data/raw/GC10-DET/5/img_07_425390900_00062.jpg,data/raw/GC10-DET/lable/img_07_425390900_00062.xml,5,img_07_425390900_00062.jpg,5_youban,4,oil_spot,1522.0,671.0,1622.0,762.0,100.0,91.0,candidate,
img_07_425390900_00062,data/raw/GC10-DET/5/img_07_425390900_00062.jpg,data/raw/GC10-DET/lable/img_07_425390900_00062.xml,5,img_07_425390900_00062.jpg,5_youban,4,oil_spot,1533.0,870.0,1643.0,944.0,110.0,74.0,candidate,
img_07_425390900_00063,data/raw/GC10-DET/5/img_07_425390900_00063.jpg,data/raw/GC10-DET/lable/img_07_425390900_00063.xml,5,img_07_425390900_00063.jpg,5_youban,4,oil_spot,1530.0,1.0,1627.0,523.0,97.0,522.0,candidate,
img_07_425390900_00063,data/raw/GC10-DET/5/img_07_425390900_00063.jpg,data/raw/GC10-DET/lable/img_07_425390900_00063.xml,5,img_07_425390900_00063.jpg,5_youban,4,oil_spot,1622.0,60.0,1690.0,134.0,68.0,74.0,candidate,
img_07_425390900_00063,data/raw/GC10-DET/5/img_07_425390900_00063.jpg,data/raw/GC10-DET/lable/img_07_425390900_00063.xml,5,img_07_425390900_00063.jpg,5_youban,4,oil_spot,1538.0,712.0,1708.0,979.0,170.0,267.0,candidate,
img_07_425390900_00065,data/raw/GC10-DET/5/img_07_425390900_00065.jpg,data/raw/GC10-DET/lable/img_07_425390900_00065.xml,5,img_07_425390900_00065.jpg,5_youban,4,oil_spot,1539.0,148.0,1645.0,266.0,106.0,118.0,candidate,
img_07_425390900_00065,data/raw/GC10-DET/5/img_07_425390900_00065.jpg,data/raw/GC10-DET/lable/img_07_425390900_00065.xml,5,img_07_425390900_00065.jpg,5_youban,4,oil_spot,1538.0,388.0,1716.0,598.0,178.0,210.0,candidate,
img_07_425390900_00065,data/raw/GC10-DET/5/img_07_425390900_00065.jpg,data/raw/GC10-DET/lable/img_07_425390900_00065.xml,5,img_07_425390900_00065.jpg,5_youban,4,oil_spot,1528.0,670.0,1674.0,762.0,146.0,92.0,candidate,
img_07_425390900_00065,data/raw/GC10-DET/5/img_07_425390900_00065.jpg,data/raw/GC10-DET/lable/img_07_425390900_00065.xml,5,img_07_425390900_00065.jpg,5_youban,4,oil_spot,1559.0,804.0,1602.0,842.0,43.0,38.0,candidate,
img_07_425390900_00065,data/raw/GC10-DET/5/img_07_425390900_00065.jpg,data/raw/GC10-DET/lable/img_07_425390900_00065.xml,5,img_07_425390900_00065.jpg,5_youban,4,oil_spot,1551.0,868.0,1686.0,991.0,135.0,123.0,candidate,
img_07_425390900_00069,data/raw/GC10-DET/5/img_07_425390900_00069.jpg,data/raw/GC10-DET/lable/img_07_425390900_00069.xml,5,img_07_425390900_00069.jpg,5_youban,4,oil_spot,1541.0,230.0,1621.0,541.0,80.0,311.0,candidate,
img_07_425390900_00069,data/raw/GC10-DET/5/img_07_425390900_00069.jpg,data/raw/GC10-DET/lable/img_07_425390900_00069.xml,5,img_07_425390900_00069.jpg,5_youban,4,oil_spot,1643.0,70.0,1708.0,184.0,65.0,114.0,candidate,
img_07_425390900_00069,data/raw/GC10-DET/5/img_07_425390900_00069.jpg,data/raw/GC10-DET/lable/img_07_425390900_00069.xml,5,img_07_425390900_00069.jpg,5_youban,4,oil_spot,1621.0,712.0,1683.0,849.0,62.0,137.0,candidate,
img_07_425390900_00069,data/raw/GC10-DET/5/img_07_425390900_00069.jpg,data/raw/GC10-DET/lable/img_07_425390900_00069.xml,5,img_07_425390900_00069.jpg,5_youban,4,oil_spot,1537.0,763.0,1615.0,979.0,78.0,216.0,candidate,
img_07_425390900_00071,data/raw/GC10-DET/5/img_07_425390900_00071.jpg,data/raw/GC10-DET/lable/img_07_425390900_00071.xml,5,img_07_425390900_00071.jpg,5_youban,4,oil_spot,1551.0,74.0,1646.0,316.0,95.0,242.0,candidate,
img_07_425390900_00071,data/raw/GC10-DET/5/img_07_425390900_00071.jpg,data/raw/GC10-DET/lable/img_07_425390900_00071.xml,5,img_07_425390900_00071.jpg,5_youban,4,oil_spot,1549.0,463.0,1736.0,566.0,187.0,103.0,candidate,
img_07_425390900_00071,data/raw/GC10-DET/5/img_07_425390900_00071.jpg,data/raw/GC10-DET/lable/img_07_425390900_00071.xml,5,img_07_425390900_00071.jpg,5_youban,4,oil_spot,1535.0,573.0,1644.0,624.0,109.0,51.0,candidate,
img_07_425390900_00071,data/raw/GC10-DET/5/img_07_425390900_00071.jpg,data/raw/GC10-DET/lable/img_07_425390900_00071.xml,5,img_07_425390900_00071.jpg,5_youban,4,oil_spot,1546.0,701.0,1659.0,784.0,113.0,83.0,candidate,
img_07_425390900_00071,data/raw/GC10-DET/5/img_07_425390900_00071.jpg,data/raw/GC10-DET/lable/img_07_425390900_00071.xml,5,img_07_425390900_00071.jpg,5_youban,4,oil_spot,1546.0,837.0,1626.0,881.0,80.0,44.0,candidate,
img_07_425390900_00071,data/raw/GC10-DET/5/img_07_425390900_00071.jpg,data/raw/GC10-DET/lable/img_07_425390900_00071.xml,5,img_07_425390900_00071.jpg,5_youban,4,oil_spot,1538.0,930.0,1662.0,1000.0,124.0,70.0,candidate,
img_07_425390900_00074,data/raw/GC10-DET/5/img_07_425390900_00074.jpg,data/raw/GC10-DET/lable/img_07_425390900_00074.xml,5,img_07_425390900_00074.jpg,5_youban,4,oil_spot,1428.0,140.0,1518.0,211.0,90.0,71.0,candidate,
img_07_425390900_00074,data/raw/GC10-DET/5/img_07_425390900_00074.jpg,data/raw/GC10-DET/lable/img_07_425390900_00074.xml,5,img_07_425390900_00074.jpg,5_youban,4,oil_spot,1574.0,132.0,1678.0,247.0,104.0,115.0,candidate,
img_07_425390900_00074,data/raw/GC10-DET/5/img_07_425390900_00074.jpg,data/raw/GC10-DET/lable/img_07_425390900_00074.xml,5,img_07_425390900_00074.jpg,5_youban,4,oil_spot,1551.0,262.0,1733.0,383.0,182.0,121.0,candidate,
img_07_425390900_00074,data/raw/GC10-DET/5/img_07_425390900_00074.jpg,data/raw/GC10-DET/lable/img_07_425390900_00074.xml,5,img_07_425390900_00074.jpg,5_youban,4,oil_spot,1618.0,506.0,1692.0,565.0,74.0,59.0,candidate,
img_07_425390900_00074,data/raw/GC10-DET/5/img_07_425390900_00074.jpg,data/raw/GC10-DET/lable/img_07_425390900_00074.xml,5,img_07_425390900_00074.jpg,5_youban,4,oil_spot,1546.0,714.0,1633.0,794.0,87.0,80.0,candidate,
img_07_425390900_00074,data/raw/GC10-DET/5/img_07_425390900_00074.jpg,data/raw/GC10-DET/lable/img_07_425390900_00074.xml,5,img_07_425390900_00074.jpg,5_youban,4,oil_spot,1549.0,919.0,1636.0,996.0,87.0,77.0,candidate,
img_07_425390900_00074,data/raw/GC10-DET/5/img_07_425390900_00074.jpg,data/raw/GC10-DET/lable/img_07_425390900_00074.xml,5,img_07_425390900_00074.jpg,5_youban,4,oil_spot,1549.0,473.0,1622.0,666.0,73.0,193.0,candidate,
img_07_425390900_00075,data/raw/GC10-DET/5/img_07_425390900_00075.jpg,data/raw/GC10-DET/lable/img_07_425390900_00075.xml,5,img_07_425390900_00075.jpg,5_youban,4,oil_spot,1617.0,84.0,1707.0,176.0,90.0,92.0,candidate,
img_07_425390900_00075,data/raw/GC10-DET/5/img_07_425390900_00075.jpg,data/raw/GC10-DET/lable/img_07_425390900_00075.xml,5,img_07_425390900_00075.jpg,5_youban,4,oil_spot,1540.0,267.0,1633.0,573.0,93.0,306.0,candidate,
img_07_425390900_00075,data/raw/GC10-DET/5/img_07_425390900_00075.jpg,data/raw/GC10-DET/lable/img_07_425390900_00075.xml,5,img_07_425390900_00075.jpg,5_youban,4,oil_spot,1631.0,744.0,1687.0,827.0,56.0,83.0,candidate,
img_07_425390900_00075,data/raw/GC10-DET/5/img_07_425390900_00075.jpg,data/raw/GC10-DET/lable/img_07_425390900_00075.xml,5,img_07_425390900_00075.jpg,5_youban,4,oil_spot,1546.0,845.0,1615.0,894.0,69.0,49.0,candidate,
img_07_425390900_00077,data/raw/GC10-DET/5/img_07_425390900_00077.jpg,data/raw/GC10-DET/lable/img_07_425390900_00077.xml,5,img_07_425390900_00077.jpg,5_youban,4,oil_spot,1549.0,196.0,1641.0,275.0,92.0,79.0,candidate,
img_07_425390900_00077,data/raw/GC10-DET/5/img_07_425390900_00077.jpg,data/raw/GC10-DET/lable/img_07_425390900_00077.xml,5,img_07_425390900_00077.jpg,5_youban,4,oil_spot,1553.0,476.0,1736.0,581.0,183.0,105.0,candidate,
img_07_425390900_00077,data/raw/GC10-DET/5/img_07_425390900_00077.jpg,data/raw/GC10-DET/lable/img_07_425390900_00077.xml,5,img_07_425390900_00077.jpg,5_youban,4,oil_spot,1523.0,586.0,1623.0,648.0,100.0,62.0,candidate,
img_07_425390900_00077,data/raw/GC10-DET/5/img_07_425390900_00077.jpg,data/raw/GC10-DET/lable/img_07_425390900_00077.xml,5,img_07_425390900_00077.jpg,5_youban,4,oil_spot,1543.0,717.0,1671.0,786.0,128.0,69.0,candidate,
img_07_425390900_00077,data/raw/GC10-DET/5/img_07_425390900_00077.jpg,data/raw/GC10-DET/lable/img_07_425390900_00077.xml,5,img_07_425390900_00077.jpg,5_youban,4,oil_spot,1582.0,894.0,1687.0,962.0,105.0,68.0,candidate,
img_07_425390900_00080,data/raw/GC10-DET/5/img_07_425390900_00080.jpg,data/raw/GC10-DET/lable/img_07_425390900_00080.xml,5,img_07_425390900_00080.jpg,5_youban,4,oil_spot,1603.0,144.0,1700.0,266.0,97.0,122.0,candidate,
img_07_425390900_00080,data/raw/GC10-DET/5/img_07_425390900_00080.jpg,data/raw/GC10-DET/lable/img_07_425390900_00080.xml,5,img_07_425390900_00080.jpg,5_youban,4,oil_spot,1553.0,273.0,1717.0,411.0,164.0,138.0,candidate,
img_07_425390900_00080,data/raw/GC10-DET/5/img_07_425390900_00080.jpg,data/raw/GC10-DET/lable/img_07_425390900_00080.xml,5,img_07_425390900_00080.jpg,5_youban,4,oil_spot,1636.0,533.0,1697.0,577.0,61.0,44.0,candidate,
img_07_425390900_00080,data/raw/GC10-DET/5/img_07_425390900_00080.jpg,data/raw/GC10-DET/lable/img_07_425390900_00080.xml,5,img_07_425390900_00080.jpg,5_youban,4,oil_spot,1548.0,737.0,1628.0,840.0,80.0,103.0,candidate,
img_07_425390900_00080,data/raw/GC10-DET/5/img_07_425390900_00080.jpg,data/raw/GC10-DET/lable/img_07_425390900_00080.xml,5,img_07_425390900_00080.jpg,5_youban,4,oil_spot,1549.0,921.0,1616.0,1000.0,67.0,79.0,candidate,
img_07_425390900_00080,data/raw/GC10-DET/5/img_07_425390900_00080.jpg,data/raw/GC10-DET/lable/img_07_425390900_00080.xml,5,img_07_425390900_00080.jpg,5_youban,4,oil_spot,1538.0,476.0,1622.0,691.0,84.0,215.0,candidate,
img_07_425390900_00080,data/raw/GC10-DET/5/img_07_425390900_00080.jpg,data/raw/GC10-DET/lable/img_07_425390900_00080.xml,5,img_07_425390900_00080.jpg,5_youban,4,oil_spot,1431.0,82.0,1502.0,252.0,71.0,170.0,candidate,
img_07_425390900_00080,data/raw/GC10-DET/5/img_07_425390900_00080.jpg,data/raw/GC10-DET/lable/img_07_425390900_00080.xml,5,img_07_425390900_00080.jpg,5_youban,4,oil_spot,1549.0,12.0,1608.0,194.0,59.0,182.0,candidate,
img_07_425390900_00081,data/raw/GC10-DET/5/img_07_425390900_00081.jpg,data/raw/GC10-DET/lable/img_07_425390900_00081.xml,5,img_07_425390900_00081.jpg,5_youban,4,oil_spot,1541.0,268.0,1627.0,598.0,86.0,330.0,candidate,
img_07_425390900_00081,data/raw/GC10-DET/5/img_07_425390900_00081.jpg,data/raw/GC10-DET/lable/img_07_425390900_00081.xml,5,img_07_425390900_00081.jpg,5_youban,4,oil_spot,1551.0,1.0,1690.0,52.0,139.0,51.0,candidate,
img_07_425390900_00081,data/raw/GC10-DET/5/img_07_425390900_00081.jpg,data/raw/GC10-DET/lable/img_07_425390900_00081.xml,5,img_07_425390900_00081.jpg,5_youban,4,oil_spot,1635.0,141.0,1697.0,195.0,62.0,54.0,candidate,
img_07_425390900_00081,data/raw/GC10-DET/5/img_07_425390900_00081.jpg,data/raw/GC10-DET/lable/img_07_425390900_00081.xml,5,img_07_425390900_00081.jpg,5_youban,4,oil_spot,1608.0,780.0,1697.0,829.0,89.0,49.0,candidate,
img_07_425390900_00081,data/raw/GC10-DET/5/img_07_425390900_00081.jpg,data/raw/GC10-DET/lable/img_07_425390900_00081.xml,5,img_07_425390900_00081.jpg,5_youban,4,oil_spot,1544.0,829.0,1617.0,937.0,73.0,108.0,candidate,
img_07_425390900_00081,data/raw/GC10-DET/5/img_07_425390900_00081.jpg,data/raw/GC10-DET/lable/img_07_425390900_00081.xml,5,img_07_425390900_00081.jpg,5_youban,4,oil_spot,1547.0,75.0,1607.0,244.0,60.0,169.0,candidate,
img_07_425390900_00083,data/raw/GC10-DET/5/img_07_425390900_00083.jpg,data/raw/GC10-DET/lable/img_07_425390900_00083.xml,5,img_07_425390900_00083.jpg,5_youban,4,oil_spot,1538.0,216.0,1635.0,299.0,97.0,83.0,candidate,
img_07_425390900_00083,data/raw/GC10-DET/5/img_07_425390900_00083.jpg,data/raw/GC10-DET/lable/img_07_425390900_00083.xml,5,img_07_425390900_00083.jpg,5_youban,4,oil_spot,1557.0,523.0,1713.0,592.0,156.0,69.0,candidate,
img_07_425390900_00083,data/raw/GC10-DET/5/img_07_425390900_00083.jpg,data/raw/GC10-DET/lable/img_07_425390900_00083.xml,5,img_07_425390900_00083.jpg,5_youban,4,oil_spot,1536.0,601.0,1631.0,655.0,95.0,54.0,candidate,
img_07_425390900_00083,data/raw/GC10-DET/5/img_07_425390900_00083.jpg,data/raw/GC10-DET/lable/img_07_425390900_00083.xml,5,img_07_425390900_00083.jpg,5_youban,4,oil_spot,1576.0,740.0,1654.0,799.0,78.0,59.0,candidate,
img_07_425390900_00083,data/raw/GC10-DET/5/img_07_425390900_00083.jpg,data/raw/GC10-DET/lable/img_07_425390900_00083.xml,5,img_07_425390900_00083.jpg,5_youban,4,oil_spot,1571.0,858.0,1686.0,961.0,115.0,103.0,candidate,
img_07_425390900_00086,data/raw/GC10-DET/5/img_07_425390900_00086.jpg,data/raw/GC10-DET/lable/img_07_425390900_00086.xml,5,img_07_425390900_00086.jpg,5_youban,4,oil_spot,1608.0,171.0,1674.0,293.0,66.0,122.0,candidate,
img_07_425390900_00086,data/raw/GC10-DET/5/img_07_425390900_00086.jpg,data/raw/GC10-DET/lable/img_07_425390900_00086.xml,5,img_07_425390900_00086.jpg,5_youban,4,oil_spot,1551.0,289.0,1731.0,422.0,180.0,133.0,candidate,
img_07_425390900_00086,data/raw/GC10-DET/5/img_07_425390900_00086.jpg,data/raw/GC10-DET/lable/img_07_425390900_00086.xml,5,img_07_425390900_00086.jpg,5_youban,4,oil_spot,1626.0,553.0,1684.0,603.0,58.0,50.0,candidate,
img_07_425390900_00086,data/raw/GC10-DET/5/img_07_425390900_00086.jpg,data/raw/GC10-DET/lable/img_07_425390900_00086.xml,5,img_07_425390900_00086.jpg,5_youban,4,oil_spot,1546.0,781.0,1623.0,845.0,77.0,64.0,candidate,
img_07_425390900_00086,data/raw/GC10-DET/5/img_07_425390900_00086.jpg,data/raw/GC10-DET/lable/img_07_425390900_00086.xml,5,img_07_425390900_00086.jpg,5_youban,4,oil_spot,1548.0,952.0,1610.0,997.0,62.0,45.0,candidate,
img_07_425390900_00086,data/raw/GC10-DET/5/img_07_425390900_00086.jpg,data/raw/GC10-DET/lable/img_07_425390900_00086.xml,5,img_07_425390900_00086.jpg,5_youban,4,oil_spot,1532.0,493.0,1611.0,698.0,79.0,205.0,candidate,
img_07_425390900_00087,data/raw/GC10-DET/5/img_07_425390900_00087.jpg,data/raw/GC10-DET/lable/img_07_425390900_00087.xml,5,img_07_425390900_00087.jpg,5_youban,4,oil_spot,1620.0,24.0,1685.0,60.0,65.0,36.0,candidate,
img_07_425390900_00087,data/raw/GC10-DET/5/img_07_425390900_00087.jpg,data/raw/GC10-DET/lable/img_07_425390900_00087.xml,5,img_07_425390900_00087.jpg,5_youban,4,oil_spot,1631.0,175.0,1699.0,219.0,68.0,44.0,candidate,
img_07_425390900_00087,data/raw/GC10-DET/5/img_07_425390900_00087.jpg,data/raw/GC10-DET/lable/img_07_425390900_00087.xml,5,img_07_425390900_00087.jpg,5_youban,4,oil_spot,1548.0,289.0,1628.0,593.0,80.0,304.0,candidate,
img_07_425390900_00087,data/raw/GC10-DET/5/img_07_425390900_00087.jpg,data/raw/GC10-DET/lable/img_07_425390900_00087.xml,5,img_07_425390900_00087.jpg,5_youban,4,oil_spot,1607.0,762.0,1684.0,863.0,77.0,101.0,candidate,
img_07_425390900_00087,data/raw/GC10-DET/5/img_07_425390900_00087.jpg,data/raw/GC10-DET/lable/img_07_425390900_00087.xml,5,img_07_425390900_00087.jpg,5_youban,4,oil_spot,1543.0,808.0,1611.0,982.0,68.0,174.0,candidate,
img_07_425390900_00087,data/raw/GC10-DET/5/img_07_425390900_00087.jpg,data/raw/GC10-DET/lable/img_07_425390900_00087.xml,5,img_07_425390900_00087.jpg,5_youban,4,oil_spot,1550.0,19.0,1606.0,220.0,56.0,201.0,candidate,
img_07_425390900_00110,data/raw/GC10-DET/5/img_07_425390900_00110.jpg,data/raw/GC10-DET/lable/img_07_425390900_00110.xml,5,img_07_425390900_00110.jpg,5_youban,4,oil_spot,1617.0,291.0,1697.0,380.0,80.0,89.0,candidate,
img_07_425390900_00110,data/raw/GC10-DET/5/img_07_425390900_00110.jpg,data/raw/GC10-DET/lable/img_07_425390900_00110.xml,5,img_07_425390900_00110.jpg,5_youban,4,oil_spot,1557.0,389.0,1692.0,511.0,135.0,122.0,candidate,
img_07_425390900_00110,data/raw/GC10-DET/5/img_07_425390900_00110.jpg,data/raw/GC10-DET/lable/img_07_425390900_00110.xml,5,img_07_425390900_00110.jpg,5_youban,4,oil_spot,1617.0,621.0,1698.0,686.0,81.0,65.0,candidate,
img_07_425390900_00111,data/raw/GC10-DET/5/img_07_425390900_00111.jpg,data/raw/GC10-DET/lable/img_07_425390900_00111.xml,5,img_07_425390900_00111.jpg,5_youban,4,oil_spot,1520.0,481.0,1646.0,575.0,126.0,94.0,candidate,
img_07_425390900_00111,data/raw/GC10-DET/5/img_07_425390900_00111.jpg,data/raw/GC10-DET/lable/img_07_425390900_00111.xml,5,img_07_425390900_00111.jpg,5_youban,4,oil_spot,1617.0,830.0,1712.0,953.0,95.0,123.0,candidate,
img_07_425390900_00111,data/raw/GC10-DET/5/img_07_425390900_00111.jpg,data/raw/GC10-DET/lable/img_07_425390900_00111.xml,5,img_07_425390900_00111.jpg,5_youban,4,oil_spot,1593.0,91.0,1688.0,145.0,95.0,54.0,candidate,
img_07_425390900_00111,data/raw/GC10-DET/5/img_07_425390900_00111.jpg,data/raw/GC10-DET/lable/img_07_425390900_00111.xml,5,img_07_425390900_00111.jpg,5_youban,4,oil_spot,1620.0,236.0,1677.0,287.0,57.0,51.0,candidate,
img_07_425390900_00113,data/raw/GC10-DET/5/img_07_425390900_00113.jpg,data/raw/GC10-DET/lable/img_07_425390900_00113.xml,5,img_07_425390900_00113.jpg,5_youban,4,oil_spot,1542.0,324.0,1624.0,426.0,82.0,102.0,candidate,
img_07_425390900_00113,data/raw/GC10-DET/5/img_07_425390900_00113.jpg,data/raw/GC10-DET/lable/img_07_425390900_00113.xml,5,img_07_425390900_00113.jpg,5_youban,4,oil_spot,1540.0,627.0,1707.0,745.0,167.0,118.0,candidate,
img_07_425390900_00113,data/raw/GC10-DET/5/img_07_425390900_00113.jpg,data/raw/GC10-DET/lable/img_07_425390900_00113.xml,5,img_07_425390900_00113.jpg,5_youban,4,oil_spot,1584.0,834.0,1674.0,914.0,90.0,80.0,candidate,
img_07_425391000_00291,data/raw/GC10-DET/7/img_07_425391000_00291.jpg,data/raw/GC10-DET/lable/img_07_425391000_00291.xml,7,img_07_425391000_00291.jpg,4_shuiban,3,water_spot,1664.0,32.0,1972.0,940.0,308.0,908.0,candidate,
img_07_425391800_00054,data/raw/GC10-DET/1/img_07_425391800_00054.jpg,data/raw/GC10-DET/lable/img_07_425391800_00054.xml,1,img_07_425391800_00054.jpg,1_chongkong,0,punching_hole,1.0,409.0,44.0,481.0,43.0,72.0,candidate,
img_07_425391800_00054,data/raw/GC10-DET/1/img_07_425391800_00054.jpg,data/raw/GC10-DET/lable/img_07_425391800_00054.xml,1,img_07_425391800_00054.jpg,2_hanfeng,1,welding_line,1.0,243.0,2038.0,309.0,2037.0,66.0,candidate,
img_07_425502900_00052,data/raw/GC10-DET/1/img_07_425502900_00052.jpg,data/raw/GC10-DET/lable/img_07_425502900_00052.xml,1,img_07_425502900_00052.jpg,1_chongkong,0,punching_hole,5.0,183.0,35.0,239.0,30.0,56.0,candidate,
img_07_425502900_00052,data/raw/GC10-DET/1/img_07_425502900_00052.jpg,data/raw/GC10-DET/lable/img_07_425502900_00052.xml,1,img_07_425502900_00052.jpg,2_hanfeng,1,welding_line,5.0,1.0,2037.0,50.0,2032.0,49.0,candidate,
img_07_425503000_00053,data/raw/GC10-DET/2/img_07_425503000_00053.jpg,data/raw/GC10-DET/lable/img_07_425503000_00053.xml,2,img_07_425503000_00053.jpg,2_hanfeng,1,welding_line,5.0,625.0,2047.0,709.0,2042.0,84.0,candidate,
img_07_425503000_00053,data/raw/GC10-DET/2/img_07_425503000_00053.jpg,data/raw/GC10-DET/lable/img_07_425503000_00053.xml,2,img_07_425503000_00053.jpg,1_chongkong,0,punching_hole,1.0,809.0,44.0,894.0,43.0,85.0,candidate,
img_07_425503000_00061,data/raw/GC10-DET/7/img_07_425503000_00061.jpg,data/raw/GC10-DET/lable/img_07_425503000_00061.xml,7,img_07_425503000_00061.jpg,4_shuiban,3,water_spot,1535.0,13.0,1946.0,983.0,411.0,970.0,candidate,
img_07_425503000_00062,data/raw/GC10-DET/7/img_07_425503000_00062.jpg,data/raw/GC10-DET/lable/img_07_425503000_00062.xml,7,img_07_425503000_00062.jpg,4_shuiban,3,water_spot,1827.0,14.0,1996.0,993.0,169.0,979.0,candidate,
img_07_425503000_00062,data/raw/GC10-DET/7/img_07_425503000_00062.jpg,data/raw/GC10-DET/lable/img_07_425503000_00062.xml,7,img_07_425503000_00062.jpg,4_shuiban,3,water_spot,1561.0,652.0,1694.0,847.0,133.0,195.0,candidate,
img_07_425503100_00007,data/raw/GC10-DET/7/img_07_425503100_00007.jpg,data/raw/GC10-DET/lable/img_07_425503100_00007.xml,7,img_07_425503100_00007.jpg,4_shuiban,3,water_spot,1651.0,257.0,2028.0,998.0,377.0,741.0,candidate,
img_07_425504800_00992,data/raw/GC10-DET/7/img_07_425504800_00992.jpg,data/raw/GC10-DET/lable/img_07_425504800_00992.xml,7,img_07_425504800_00992.jpg,7_yiwu,6,inclusion,327.0,1.0,465.0,800.0,138.0,799.0,candidate,
img_07_425506100_00205,data/raw/GC10-DET/7/img_07_425506100_00205.jpg,data/raw/GC10-DET/lable/img_07_425506100_00205.xml,7,img_07_425506100_00205.jpg,4_shuiban,3,water_spot,154.0,134.0,217.0,393.0,63.0,259.0,candidate,
img_07_425506100_00205,data/raw/GC10-DET/7/img_07_425506100_00205.jpg,data/raw/GC10-DET/lable/img_07_425506100_00205.xml,7,img_07_425506100_00205.jpg,7_yiwu,6,inclusion,356.0,174.0,416.0,476.0,60.0,302.0,candidate,
img_07_425506100_00205,data/raw/GC10-DET/7/img_07_425506100_00205.jpg,data/raw/GC10-DET/lable/img_07_425506100_00205.xml,7,img_07_425506100_00205.jpg,7_yiwu,6,inclusion,240.0,186.0,288.0,436.0,48.0,250.0,candidate,
img_07_425507000_00965,data/raw/GC10-DET/7/img_07_425507000_00965.jpg,data/raw/GC10-DET/lable/img_07_425507000_00965.xml,7,img_07_425507000_00965.jpg,7_yiwu,6,inclusion,1000.0,57.0,1046.0,117.0,46.0,60.0,candidate,
img_07_425507200_00974,data/raw/GC10-DET/7/img_07_425507200_00974.jpg,data/raw/GC10-DET/lable/img_07_425507200_00974.xml,7,img_07_425507200_00974.jpg,4_shuiban,3,water_spot,335.0,24.0,530.0,765.0,195.0,741.0,candidate,
img_07_425507200_00974,data/raw/GC10-DET/7/img_07_425507200_00974.jpg,data/raw/GC10-DET/lable/img_07_425507200_00974.xml,7,img_07_425507200_00974.jpg,7_yiwu,6,inclusion,151.0,103.0,303.0,784.0,152.0,681.0,candidate,
img_07_425507400_01690,data/raw/GC10-DET/5/img_07_425507400_01690.jpg,data/raw/GC10-DET/lable/img_07_425507400_01690.xml,5,img_07_425507400_01690.jpg,5_youban,4,oil_spot,1043.0,147.0,1156.0,280.0,113.0,133.0,candidate,
img_07_425507400_01690,data/raw/GC10-DET/5/img_07_425507400_01690.jpg,data/raw/GC10-DET/lable/img_07_425507400_01690.xml,5,img_07_425507400_01690.jpg,5_youban,4,oil_spot,1054.0,668.0,1141.0,777.0,87.0,109.0,candidate,
img_07_425507400_01692,data/raw/GC10-DET/5/img_07_425507400_01692.jpg,data/raw/GC10-DET/lable/img_07_425507400_01692.xml,5,img_07_425507400_01692.jpg,5_youban,4,oil_spot,1060.0,262.0,1149.0,408.0,89.0,146.0,candidate,
img_07_425507400_01692,data/raw/GC10-DET/5/img_07_425507400_01692.jpg,data/raw/GC10-DET/lable/img_07_425507400_01692.xml,5,img_07_425507400_01692.jpg,5_youban,4,oil_spot,1043.0,804.0,1125.0,881.0,82.0,77.0,candidate,
img_07_425508300_00926,data/raw/GC10-DET/7/img_07_425508300_00926.jpg,data/raw/GC10-DET/lable/img_07_425508300_00926.xml,7,img_07_425508300_00926.jpg,7_yiwu,6,inclusion,271.0,218.0,351.0,269.0,80.0,51.0,candidate,
img_07_425508300_00926,data/raw/GC10-DET/7/img_07_425508300_00926.jpg,data/raw/GC10-DET/lable/img_07_425508300_00926.xml,7,img_07_425508300_00926.jpg,7_yiwu,6,inclusion,365.0,123.0,418.0,173.0,53.0,50.0,candidate,
img_07_425508300_00926,data/raw/GC10-DET/7/img_07_425508300_00926.jpg,data/raw/GC10-DET/lable/img_07_425508300_00926.xml,7,img_07_425508300_00926.jpg,7_yiwu,6,inclusion,223.0,471.0,289.0,593.0,66.0,122.0,candidate,
img_07_425508300_00926,data/raw/GC10-DET/7/img_07_425508300_00926.jpg,data/raw/GC10-DET/lable/img_07_425508300_00926.xml,7,img_07_425508300_00926.jpg,7_yiwu,6,inclusion,259.0,654.0,408.0,722.0,149.0,68.0,candidate,
img_07_425508300_00927,data/raw/GC10-DET/4/img_07_425508300_00927.jpg,data/raw/GC10-DET/lable/img_07_425508300_00927.xml,4,img_07_425508300_00927.jpg,4_shuiban,3,water_spot,238.0,193.0,400.0,729.0,162.0,536.0,candidate,
img_07_425508300_00928,data/raw/GC10-DET/7/img_07_425508300_00928.jpg,data/raw/GC10-DET/lable/img_07_425508300_00928.xml,7,img_07_425508300_00928.jpg,7_yiwu,6,inclusion,244.0,369.0,318.0,426.0,74.0,57.0,candidate,
img_07_425508300_00928,data/raw/GC10-DET/7/img_07_425508300_00928.jpg,data/raw/GC10-DET/lable/img_07_425508300_00928.xml,7,img_07_425508300_00928.jpg,7_yiwu,6,inclusion,425.0,645.0,490.0,688.0,65.0,43.0,candidate,
img_07_425508300_00928,data/raw/GC10-DET/7/img_07_425508300_00928.jpg,data/raw/GC10-DET/lable/img_07_425508300_00928.xml,7,img_07_425508300_00928.jpg,7_yiwu,6,inclusion,272.0,45.0,321.0,333.0,49.0,288.0,candidate,
img_07_425508300_00929,data/raw/GC10-DET/7/img_07_425508300_00929.jpg,data/raw/GC10-DET/lable/img_07_425508300_00929.xml,7,img_07_425508300_00929.jpg,7_yiwu,6,inclusion,197.0,475.0,310.0,614.0,113.0,139.0,candidate,
img_07_425508300_00929,data/raw/GC10-DET/7/img_07_425508300_00929.jpg,data/raw/GC10-DET/lable/img_07_425508300_00929.xml,7,img_07_425508300_00929.jpg,7_yiwu,6,inclusion,189.0,192.0,319.0,425.0,130.0,233.0,candidate,
img_07_425508400_00364,data/raw/GC10-DET/7/img_07_425508400_00364.jpg,data/raw/GC10-DET/lable/img_07_425508400_00364.xml,7,img_07_425508400_00364.jpg,4_shuiban,3,water_spot,746.0,29.0,1262.0,975.0,516.0,946.0,candidate,
img_07_425508400_00965,data/raw/GC10-DET/7/img_07_425508400_00965.jpg,data/raw/GC10-DET/lable/img_07_425508400_00965.xml,7,img_07_425508400_00965.jpg,7_yiwu,6,inclusion,151.0,86.0,303.0,276.0,152.0,190.0,candidate,
img_07_425508400_00965,data/raw/GC10-DET/7/img_07_425508400_00965.jpg,data/raw/GC10-DET/lable/img_07_425508400_00965.xml,7,img_07_425508400_00965.jpg,7_yiwu,6,inclusion,356.0,313.0,429.0,489.0,73.0,176.0,candidate,
img_07_425508400_00965,data/raw/GC10-DET/7/img_07_425508400_00965.jpg,data/raw/GC10-DET/lable/img_07_425508400_00965.xml,7,img_07_425508400_00965.jpg,7_yiwu,6,inclusion,308.0,659.0,443.0,898.0,135.0,239.0,candidate,
img_07_425508400_00967,data/raw/GC10-DET/6/img_07_425508400_00967.jpg,data/raw/GC10-DET/lable/img_07_425508400_00967.xml,6,img_07_425508400_00967.jpg,6_siban,5,silk_spot,126.0,278.0,305.0,494.0,179.0,216.0,candidate,
img_07_425508400_00968,data/raw/GC10-DET/7/img_07_425508400_00968.jpg,data/raw/GC10-DET/lable/img_07_425508400_00968.xml,7,img_07_425508400_00968.jpg,7_yiwu,6,inclusion,159.0,12.0,246.0,244.0,87.0,232.0,candidate,
img_07_425508400_00969,data/raw/GC10-DET/7/img_07_425508400_00969.jpg,data/raw/GC10-DET/lable/img_07_425508400_00969.xml,7,img_07_425508400_00969.jpg,7_yiwu,6,inclusion,130.0,132.0,252.0,965.0,122.0,833.0,candidate,
img_07_425508400_00969,data/raw/GC10-DET/7/img_07_425508400_00969.jpg,data/raw/GC10-DET/lable/img_07_425508400_00969.xml,7,img_07_425508400_00969.jpg,7_yiwu,6,inclusion,304.0,555.0,357.0,610.0,53.0,55.0,candidate,
img_07_425508400_00969,data/raw/GC10-DET/7/img_07_425508400_00969.jpg,data/raw/GC10-DET/lable/img_07_425508400_00969.xml,7,img_07_425508400_00969.jpg,7_yiwu,6,inclusion,371.0,273.0,396.0,309.0,25.0,36.0,candidate,
img_07_425508400_00969,data/raw/GC10-DET/7/img_07_425508400_00969.jpg,data/raw/GC10-DET/lable/img_07_425508400_00969.xml,7,img_07_425508400_00969.jpg,7_yiwu,6,inclusion,378.0,653.0,431.0,724.0,53.0,71.0,candidate,
img_07_425508700_00362,data/raw/GC10-DET/7/img_07_425508700_00362.jpg,data/raw/GC10-DET/lable/img_07_425508700_00362.xml,7,img_07_425508700_00362.jpg,7_yiwu,6,inclusion,189.0,509.0,285.0,586.0,96.0,77.0,candidate,
img_07_425508700_00363,data/raw/GC10-DET/7/img_07_425508700_00363.jpg,data/raw/GC10-DET/lable/img_07_425508700_00363.xml,7,img_07_425508700_00363.jpg,7_yiwu,6,inclusion,317.0,114.0,390.0,160.0,73.0,46.0,candidate,
img_07_425508700_01012,data/raw/GC10-DET/7/img_07_425508700_01012.jpg,data/raw/GC10-DET/lable/img_07_425508700_01012.xml,7,img_07_425508700_01012.jpg,7_yiwu,6,inclusion,125.0,194.0,398.0,397.0,273.0,203.0,candidate,
img_07_425508700_01012,data/raw/GC10-DET/7/img_07_425508700_01012.jpg,data/raw/GC10-DET/lable/img_07_425508700_01012.xml,7,img_07_425508700_01012.jpg,7_yiwu,6,inclusion,506.0,19.0,650.0,433.0,144.0,414.0,candidate,
img_07_425508700_01012,data/raw/GC10-DET/7/img_07_425508700_01012.jpg,data/raw/GC10-DET/lable/img_07_425508700_01012.xml,7,img_07_425508700_01012.jpg,7_yiwu,6,inclusion,438.0,465.0,561.0,956.0,123.0,491.0,candidate,
img_07_425613700_00782,data/raw/GC10-DET/2/img_07_425613700_00782.jpg,data/raw/GC10-DET/lable/img_07_425613700_00782.xml,2,img_07_425613700_00782.jpg,2_hanfeng,1,welding_line,5.0,665.0,2048.0,737.0,2043.0,72.0,candidate,
img_07_425613800_00786,data/raw/GC10-DET/2/img_07_425613800_00786.jpg,data/raw/GC10-DET/lable/img_07_425613800_00786.xml,2,img_07_425613800_00786.jpg,2_hanfeng,1,welding_line,10.0,306.0,2048.0,394.0,2038.0,88.0,candidate,
img_07_425637500_00653,data/raw/GC10-DET/2/img_07_425637500_00653.jpg,data/raw/GC10-DET/lable/img_07_425637500_00653.xml,2,img_07_425637500_00653.jpg,2_hanfeng,1,welding_line,12.0,878.0,2048.0,955.0,2036.0,77.0,candidate,
img_07_425644600_00785,data/raw/GC10-DET/2/img_07_425644600_00785.jpg,data/raw/GC10-DET/lable/img_07_425644600_00785.xml,2,img_07_425644600_00785.jpg,2_hanfeng,1,welding_line,17.0,225.0,2048.0,304.0,2031.0,79.0,candidate,
img_07_427199900_00007,data/raw/GC10-DET/8/img_07_427199900_00007.jpg,data/raw/GC10-DET/lable/img_07_427199900_00007.xml,8,img_07_427199900_00007.jpg,7_yiwu,6,inclusion,472.0,894.0,589.0,975.0,117.0,81.0,candidate,
img_07_427199900_00008,data/raw/GC10-DET/10/img_07_427199900_00008.jpg,data/raw/GC10-DET/lable/img_07_427199900_00008.xml,10,img_07_427199900_00008.jpg,10_yaozhed,9,waist_folding,425.0,101.0,1854.0,647.0,1429.0,546.0,candidate,
img_07_427199900_01135,data/raw/GC10-DET/9/img_07_427199900_01135.jpg,data/raw/GC10-DET/lable/img_07_427199900_01135.xml,9,img_07_427199900_01135.jpg,9_zhehen,8,crease,90.0,119.0,1987.0,207.0,1897.0,88.0,candidate,
img_07_430103100_01150,data/raw/GC10-DET/9/img_07_430103100_01150.jpg,data/raw/GC10-DET/lable/img_07_430103100_01150.xml,9,img_07_430103100_01150.jpg,9_zhehen,8,crease,1.0,16.0,394.0,298.0,393.0,282.0,candidate,
img_07_435974600_00211,data/raw/GC10-DET/5/img_07_435974600_00211.jpg,data/raw/GC10-DET/lable/img_07_435974600_00211.xml,5,img_07_435974600_00211.jpg,5_youban,4,oil_spot,1582.0,106.0,1777.0,175.0,195.0,69.0,candidate,
img_07_435974600_00211,data/raw/GC10-DET/5/img_07_435974600_00211.jpg,data/raw/GC10-DET/lable/img_07_435974600_00211.xml,5,img_07_435974600_00211.jpg,5_youban,4,oil_spot,1540.0,691.0,1815.0,848.0,275.0,157.0,candidate,
img_07_435974600_00212,data/raw/GC10-DET/5/img_07_435974600_00212.jpg,data/raw/GC10-DET/lable/img_07_435974600_00212.xml,5,img_07_435974600_00212.jpg,5_youban,4,oil_spot,1585.0,111.0,1793.0,164.0,208.0,53.0,candidate,
img_07_435974600_00212,data/raw/GC10-DET/5/img_07_435974600_00212.jpg,data/raw/GC10-DET/lable/img_07_435974600_00212.xml,5,img_07_435974600_00212.jpg,5_youban,4,oil_spot,1566.0,687.0,1799.0,854.0,233.0,167.0,candidate,
img_07_435974600_00213,data/raw/GC10-DET/5/img_07_435974600_00213.jpg,data/raw/GC10-DET/lable/img_07_435974600_00213.xml,5,img_07_435974600_00213.jpg,5_youban,4,oil_spot,1565.0,219.0,1824.0,327.0,259.0,108.0,candidate,
img_07_435974600_00214,data/raw/GC10-DET/5/img_07_435974600_00214.jpg,data/raw/GC10-DET/lable/img_07_435974600_00214.xml,5,img_07_435974600_00214.jpg,5_youban,4,oil_spot,1576.0,203.0,1794.0,378.0,218.0,175.0,candidate,
img_07_435974600_00214,data/raw/GC10-DET/5/img_07_435974600_00214.jpg,data/raw/GC10-DET/lable/img_07_435974600_00214.xml,5,img_07_435974600_00214.jpg,5_youban,4,oil_spot,1585.0,629.0,1800.0,686.0,215.0,57.0,candidate,
img_07_435974600_00215,data/raw/GC10-DET/5/img_07_435974600_00215.jpg,data/raw/GC10-DET/lable/img_07_435974600_00215.xml,5,img_07_435974600_00215.jpg,5_youban,4,oil_spot,1551.0,114.0,1807.0,339.0,256.0,225.0,candidate,
img_07_435974600_00217,data/raw/GC10-DET/5/img_07_435974600_00217.jpg,data/raw/GC10-DET/lable/img_07_435974600_00217.xml,5,img_07_435974600_00217.jpg,5_youban,4,oil_spot,1556.0,691.0,1825.0,847.0,269.0,156.0,candidate,
img_07_435974600_00218,data/raw/GC10-DET/5/img_07_435974600_00218.jpg,data/raw/GC10-DET/lable/img_07_435974600_00218.xml,5,img_07_435974600_00218.jpg,5_youban,4,oil_spot,1567.0,639.0,1831.0,852.0,264.0,213.0,candidate,
img_07_435974600_00220,data/raw/GC10-DET/5/img_07_435974600_00220.jpg,data/raw/GC10-DET/lable/img_07_435974600_00220.xml,5,img_07_435974600_00220.jpg,5_youban,4,oil_spot,1569.0,178.0,1815.0,388.0,246.0,210.0,candidate,
img_07_435974600_00221,data/raw/GC10-DET/5/img_07_435974600_00221.jpg,data/raw/GC10-DET/lable/img_07_435974600_00221.xml,5,img_07_435974600_00221.jpg,5_youban,4,oil_spot,1556.0,140.0,1853.0,371.0,297.0,231.0,candidate,
img_07_435974600_00223,data/raw/GC10-DET/5/img_07_435974600_00223.jpg,data/raw/GC10-DET/lable/img_07_435974600_00223.xml,5,img_07_435974600_00223.jpg,5_youban,4,oil_spot,1574.0,693.0,1795.0,860.0,221.0,167.0,candidate,
img_07_435974600_00224,data/raw/GC10-DET/5/img_07_435974600_00224.jpg,data/raw/GC10-DET/lable/img_07_435974600_00224.xml,5,img_07_435974600_00224.jpg,5_youban,4,oil_spot,1567.0,652.0,1813.0,858.0,246.0,206.0,candidate,
img_07_435974600_00226,data/raw/GC10-DET/5/img_07_435974600_00226.jpg,data/raw/GC10-DET/lable/img_07_435974600_00226.xml,5,img_07_435974600_00226.jpg,5_youban,4,oil_spot,1571.0,176.0,1785.0,383.0,214.0,207.0,candidate,
img_07_435974600_00227,data/raw/GC10-DET/5/img_07_435974600_00227.jpg,data/raw/GC10-DET/lable/img_07_435974600_00227.xml,5,img_07_435974600_00227.jpg,5_youban,4,oil_spot,1553.0,144.0,1825.0,365.0,272.0,221.0,candidate,
img_07_435974600_00230,data/raw/GC10-DET/5/img_07_435974600_00230.jpg,data/raw/GC10-DET/lable/img_07_435974600_00230.xml,5,img_07_435974600_00230.jpg,5_youban,4,oil_spot,1566.0,652.0,1802.0,878.0,236.0,226.0,candidate,
img_07_436163600_00084,data/raw/GC10-DET/5/img_07_436163600_00084.jpg,data/raw/GC10-DET/lable/img_07_436163600_00084.xml,5,img_07_436163600_00084.jpg,5_youban,4,oil_spot,662.0,50.0,779.0,212.0,117.0,162.0,candidate,
img_07_436163600_00084,data/raw/GC10-DET/5/img_07_436163600_00084.jpg,data/raw/GC10-DET/lable/img_07_436163600_00084.xml,5,img_07_436163600_00084.jpg,5_youban,4,oil_spot,652.0,843.0,789.0,1000.0,137.0,157.0,candidate,
img_07_436163600_00085,data/raw/GC10-DET/5/img_07_436163600_00085.jpg,data/raw/GC10-DET/lable/img_07_436163600_00085.xml,5,img_07_436163600_00085.jpg,5_youban,4,oil_spot,631.0,248.0,790.0,370.0,159.0,122.0,candidate,
img_07_436163600_01161,data/raw/GC10-DET/2/img_07_436163600_01161.jpg,data/raw/GC10-DET/lable/img_07_436163600_01161.xml,2,img_07_436163600_01161.jpg,2_hanfeng,1,welding_line,8.0,239.0,2048.0,335.0,2040.0,96.0,candidate,
img_07_436163600_01161,data/raw/GC10-DET/2/img_07_436163600_01161.jpg,data/raw/GC10-DET/lable/img_07_436163600_01161.xml,2,img_07_436163600_01161.jpg,1_chongkong,0,punching_hole,1.0,416.0,57.0,525.0,56.0,109.0,candidate,
img_07_436164500_01565,data/raw/GC10-DET/2/img_07_436164500_01565.jpg,data/raw/GC10-DET/lable/img_07_436164500_01565.xml,2,img_07_436164500_01565.jpg,2_hanfeng,1,welding_line,8.0,522.0,2048.0,608.0,2040.0,86.0,candidate,
img_07_436164500_01565,data/raw/GC10-DET/2/img_07_436164500_01565.jpg,data/raw/GC10-DET/lable/img_07_436164500_01565.xml,2,img_07_436164500_01565.jpg,1_chongkong,0,punching_hole,1.0,686.0,74.0,779.0,73.0,93.0,candidate,
img_07_436164700_01536,data/raw/GC10-DET/10/img_07_436164700_01536.jpg,data/raw/GC10-DET/lable/img_07_436164700_01536.xml,10,img_07_436164700_01536.jpg,10_yaozhed,9,waist_folding,1467.0,37.0,2048.0,860.0,581.0,823.0,candidate,
img_07_436164700_01537,data/raw/GC10-DET/10/img_07_436164700_01537.jpg,data/raw/GC10-DET/lable/img_07_436164700_01537.xml,10,img_07_436164700_01537.jpg,10_yaozhed,9,waist_folding,1607.0,91.0,2007.0,1000.0,400.0,909.0,candidate,
img_07_436164700_01538,data/raw/GC10-DET/10/img_07_436164700_01538.jpg,data/raw/GC10-DET/lable/img_07_436164700_01538.xml,10,img_07_436164700_01538.jpg,10_yaozhed,9,waist_folding,1620.0,50.0,2048.0,905.0,428.0,855.0,candidate,
img_07_436164700_01545,data/raw/GC10-DET/10/img_07_436164700_01545.jpg,data/raw/GC10-DET/lable/img_07_436164700_01545.xml,10,img_07_436164700_01545.jpg,10_yaozhed,9,waist_folding,1753.0,62.0,2048.0,958.0,295.0,896.0,candidate,
img_07_436164700_01551,data/raw/GC10-DET/10/img_07_436164700_01551.jpg,data/raw/GC10-DET/lable/img_07_436164700_01551.xml,10,img_07_436164700_01551.jpg,10_yaozhed,9,waist_folding,1726.0,91.0,2042.0,1000.0,316.0,909.0,candidate,
img_07_436164700_01552,data/raw/GC10-DET/10/img_07_436164700_01552.jpg,data/raw/GC10-DET/lable/img_07_436164700_01552.xml,10,img_07_436164700_01552.jpg,10_yaozhed,9,waist_folding,817.0,19.0,2041.0,516.0,1224.0,497.0,candidate,
img_07_436164700_01555,data/raw/GC10-DET/2/img_07_436164700_01555.jpg,data/raw/GC10-DET/lable/img_07_436164700_01555.xml,2,img_07_436164700_01555.jpg,2_hanfeng,1,welding_line,3.0,52.0,2048.0,123.0,2045.0,71.0,candidate,
img_07_436164700_01555,data/raw/GC10-DET/2/img_07_436164700_01555.jpg,data/raw/GC10-DET/lable/img_07_436164700_01555.xml,2,img_07_436164700_01555.jpg,1_chongkong,0,punching_hole,1.0,199.0,27.0,286.0,26.0,87.0,candidate,
img_07_436165200_00706,data/raw/GC10-DET/2/img_07_436165200_00706.jpg,data/raw/GC10-DET/lable/img_07_436165200_00706.xml,2,img_07_436165200_00706.jpg,2_hanfeng,1,welding_line,5.0,260.0,2048.0,334.0,2043.0,74.0,candidate,
img_07_436165200_00706,data/raw/GC10-DET/2/img_07_436165200_00706.jpg,data/raw/GC10-DET/lable/img_07_436165200_00706.xml,2,img_07_436165200_00706.jpg,1_chongkong,0,punching_hole,1.0,427.0,64.0,519.0,63.0,92.0,candidate,
img_07_4402625300_00104,data/raw/GC10-DET/7/img_07_4402625300_00104.jpg,data/raw/GC10-DET/lable/img_07_4402625300_00104.xml,7,img_07_4402625300_00104.jpg,7_yiwu,6,inclusion,288.0,17.0,383.0,394.0,95.0,377.0,candidate,
img_07_4402625300_00104,data/raw/GC10-DET/7/img_07_4402625300_00104.jpg,data/raw/GC10-DET/lable/img_07_4402625300_00104.xml,7,img_07_4402625300_00104.jpg,7_yiwu,6,inclusion,13.0,439.0,130.0,858.0,117.0,419.0,candidate,
img_07_4402625300_00104,data/raw/GC10-DET/7/img_07_4402625300_00104.jpg,data/raw/GC10-DET/lable/img_07_4402625300_00104.xml,7,img_07_4402625300_00104.jpg,7_yiwu,6,inclusion,622.0,650.0,720.0,811.0,98.0,161.0,candidate,
img_07_4402625300_00104,data/raw/GC10-DET/7/img_07_4402625300_00104.jpg,data/raw/GC10-DET/lable/img_07_4402625300_00104.xml,7,img_07_4402625300_00104.jpg,7_yiwu,6,inclusion,932.0,797.0,1011.0,993.0,79.0,196.0,candidate,
img_07_4402625300_00105,data/raw/GC10-DET/7/img_07_4402625300_00105.jpg,data/raw/GC10-DET/lable/img_07_4402625300_00105.xml,7,img_07_4402625300_00105.jpg,7_yiwu,6,inclusion,448.0,1.0,525.0,186.0,77.0,185.0,candidate,
img_07_4402625300_00105,data/raw/GC10-DET/7/img_07_4402625300_00105.jpg,data/raw/GC10-DET/lable/img_07_4402625300_00105.xml,7,img_07_4402625300_00105.jpg,7_yiwu,6,inclusion,569.0,66.0,776.0,393.0,207.0,327.0,candidate,
img_07_4402625300_00105,data/raw/GC10-DET/7/img_07_4402625300_00105.jpg,data/raw/GC10-DET/lable/img_07_4402625300_00105.xml,7,img_07_4402625300_00105.jpg,7_yiwu,6,inclusion,942.0,295.0,1071.0,690.0,129.0,395.0,candidate,
img_07_4402625300_01262,data/raw/GC10-DET/7/img_07_4402625300_01262.jpg,data/raw/GC10-DET/lable/img_07_4402625300_01262.xml,7,img_07_4402625300_01262.jpg,7_yiwu,6,inclusion,323.0,1.0,466.0,392.0,143.0,391.0,candidate,
img_07_4402625300_01262,data/raw/GC10-DET/7/img_07_4402625300_01262.jpg,data/raw/GC10-DET/lable/img_07_4402625300_01262.xml,7,img_07_4402625300_01262.jpg,7_yiwu,6,inclusion,1.0,1.0,50.0,384.0,49.0,383.0,candidate,
img_07_4402625300_01262,data/raw/GC10-DET/7/img_07_4402625300_01262.jpg,data/raw/GC10-DET/lable/img_07_4402625300_01262.xml,7,img_07_4402625300_01262.jpg,7_yiwu,6,inclusion,221.0,239.0,311.0,411.0,90.0,172.0,candidate,
img_07_4402719100_00014,data/raw/GC10-DET/10/img_07_4402719100_00014.jpg,data/raw/GC10-DET/lable/img_07_4402719100_00014.xml,10,img_07_4402719100_00014.jpg,10_yaozhed,9,waist_folding,303.0,53.0,2026.0,753.0,1723.0,700.0,candidate,
img_07_4402719100_00025,data/raw/GC10-DET/10/img_07_4402719100_00025.jpg,data/raw/GC10-DET/lable/img_07_4402719100_00025.xml,10,img_07_4402719100_00025.jpg,10_yaozhed,9,waist_folding,1559.0,83.0,1940.0,811.0,381.0,728.0,candidate,
img_07_4402719100_00026,data/raw/GC10-DET/10/img_07_4402719100_00026.jpg,data/raw/GC10-DET/lable/img_07_4402719100_00026.xml,10,img_07_4402719100_00026.jpg,10_yaozhed,9,waist_folding,1613.0,94.0,1931.0,850.0,318.0,756.0,candidate,
img_07_4402719200_00026,data/raw/GC10-DET/10/img_07_4402719200_00026.jpg,data/raw/GC10-DET/lable/img_07_4402719200_00026.xml,10,img_07_4402719200_00026.jpg,10_yaozhed,9,waist_folding,1549.0,40.0,2026.0,935.0,477.0,895.0,candidate,
img_07_4402719500_00001,data/raw/GC10-DET/10/img_07_4402719500_00001.jpg,data/raw/GC10-DET/lable/img_07_4402719500_00001.xml,10,img_07_4402719500_00001.jpg,10_yaozhed,9,waist_folding,333.0,335.0,1714.0,1000.0,1381.0,665.0,candidate,
img_07_4403743900_00001,data/raw/GC10-DET/4/img_07_4403743900_00001.jpg,data/raw/GC10-DET/lable/img_07_4403743900_00001.xml,4,img_07_4403743900_00001.jpg,4_shuiban,3,water_spot,1677.0,57.0,2031.0,929.0,354.0,872.0,candidate,
img_07_4404374100_01265,data/raw/GC10-DET/10/img_07_4404374100_01265.jpg,data/raw/GC10-DET/lable/img_07_4404374100_01265.xml,10,img_07_4404374100_01265.jpg,10_yaozhed,9,waist_folding,258.0,214.0,1722.0,888.0,1464.0,674.0,candidate,
img_07_4404374100_01279,data/raw/GC10-DET/10/img_07_4404374100_01279.jpg,data/raw/GC10-DET/lable/img_07_4404374100_01279.xml,10,img_07_4404374100_01279.jpg,10_yaozhed,9,waist_folding,136.0,83.0,990.0,937.0,854.0,854.0,candidate,
img_07_4404374100_01315,data/raw/GC10-DET/10/img_07_4404374100_01315.jpg,data/raw/GC10-DET/lable/img_07_4404374100_01315.xml,10,img_07_4404374100_01315.jpg,10_yaozhed,9,waist_folding,66.0,65.0,846.0,865.0,780.0,800.0,candidate,
img_07_4404374100_01321,data/raw/GC10-DET/10/img_07_4404374100_01321.jpg,data/raw/GC10-DET/lable/img_07_4404374100_01321.xml,10,img_07_4404374100_01321.jpg,10_yaozhed,9,waist_folding,48.0,76.0,852.0,1000.0,804.0,924.0,candidate,
img_07_4404374100_01338,data/raw/GC10-DET/10/img_07_4404374100_01338.jpg,data/raw/GC10-DET/lable/img_07_4404374100_01338.xml,10,img_07_4404374100_01338.jpg,10_yaozhed,9,waist_folding,110.0,63.0,858.0,878.0,748.0,815.0,candidate,
img_07_4404374100_01348,data/raw/GC10-DET/10/img_07_4404374100_01348.jpg,data/raw/GC10-DET/lable/img_07_4404374100_01348.xml,10,img_07_4404374100_01348.jpg,10_yaozhed,9,waist_folding,99.0,112.0,828.0,922.0,729.0,810.0,candidate,
img_07_4404374100_01349,data/raw/GC10-DET/10/img_07_4404374100_01349.jpg,data/raw/GC10-DET/lable/img_07_4404374100_01349.xml,10,img_07_4404374100_01349.jpg,10_yaozhed,9,waist_folding,62.0,50.0,892.0,875.0,830.0,825.0,candidate,
img_07_4404374100_01367,data/raw/GC10-DET/10/img_07_4404374100_01367.jpg,data/raw/GC10-DET/lable/img_07_4404374100_01367.xml,10,img_07_4404374100_01367.jpg,10_yaozhed,9,waist_folding,135.0,94.0,1033.0,727.0,898.0,633.0,candidate,
img_07_4404580600_00507,data/raw/GC10-DET/6/img_07_4404580600_00507.jpg,data/raw/GC10-DET/lable/img_07_4404580600_00507.xml,6,img_07_4404580600_00507.jpg,6_siban,5,silk_spot,808.0,181.0,1430.0,837.0,622.0,656.0,candidate,
img_07_4404612800_00999,data/raw/GC10-DET/2/img_07_4404612800_00999.jpg,data/raw/GC10-DET/lable/img_07_4404612800_00999.xml,2,img_07_4404612800_00999.jpg,2_hanfeng,1,welding_line,10.0,486.0,2048.0,565.0,2038.0,79.0,candidate,
img_07_4404613900_01090,data/raw/GC10-DET/2/img_07_4404613900_01090.jpg,data/raw/GC10-DET/lable/img_07_4404613900_01090.xml,2,img_07_4404613900_01090.jpg,2_hanfeng,1,welding_line,3.0,437.0,2020.0,536.0,2017.0,99.0,candidate,
img_07_4404615700_01264,data/raw/GC10-DET/2/img_07_4404615700_01264.jpg,data/raw/GC10-DET/lable/img_07_4404615700_01264.xml,2,img_07_4404615700_01264.jpg,2_hanfeng,1,welding_line,3.0,214.0,1571.0,273.0,1568.0,59.0,candidate,
img_07_4404710300_00877,data/raw/GC10-DET/2/img_07_4404710300_00877.jpg,data/raw/GC10-DET/lable/img_07_4404710300_00877.xml,2,img_07_4404710300_00877.jpg,2_hanfeng,1,welding_line,13.0,744.0,1964.0,834.0,1951.0,90.0,candidate,
img_07_4404711100_00787,data/raw/GC10-DET/2/img_07_4404711100_00787.jpg,data/raw/GC10-DET/lable/img_07_4404711100_00787.xml,2,img_07_4404711100_00787.jpg,2_hanfeng,1,welding_line,15.0,930.0,1881.0,984.0,1866.0,54.0,candidate,
img_07_4404712100_01000,data/raw/GC10-DET/10/img_07_4404712100_01000.jpg,data/raw/GC10-DET/lable/img_07_4404712100_01000.xml,10,img_07_4404712100_01000.jpg,10_yaozhed,9,waist_folding,1443.0,145.0,1982.0,944.0,539.0,799.0,candidate,
img_07_4404893200_00890,data/raw/GC10-DET/2/img_07_4404893200_00890.jpg,data/raw/GC10-DET/lable/img_07_4404893200_00890.xml,2,img_07_4404893200_00890.jpg,2_hanfeng,1,welding_line,7.0,888.0,1944.0,957.0,1937.0,69.0,candidate,
img_07_4404893900_00568,data/raw/GC10-DET/2/img_07_4404893900_00568.jpg,data/raw/GC10-DET/lable/img_07_4404893900_00568.xml,2,img_07_4404893900_00568.jpg,2_hanfeng,1,welding_line,15.0,211.0,2041.0,314.0,2026.0,103.0,candidate,
img_07_4404897500_00875,data/raw/GC10-DET/2/img_07_4404897500_00875.jpg,data/raw/GC10-DET/lable/img_07_4404897500_00875.xml,2,img_07_4404897500_00875.jpg,2_hanfeng,1,welding_line,5.0,658.0,1992.0,762.0,1987.0,104.0,candidate,
img_07_4405133600_00033,data/raw/GC10-DET/10/img_07_4405133600_00033.jpg,data/raw/GC10-DET/lable/img_07_4405133600_00033.xml,10,img_07_4405133600_00033.jpg,10_yaozhed,9,waist_folding,117.0,127.0,1881.0,888.0,1764.0,761.0,candidate,
img_07_4405133600_00034,data/raw/GC10-DET/10/img_07_4405133600_00034.jpg,data/raw/GC10-DET/lable/img_07_4405133600_00034.xml,10,img_07_4405133600_00034.jpg,10_yaozhed,9,waist_folding,358.0,80.0,1536.0,850.0,1178.0,770.0,candidate,
img_07_4405133600_00036,data/raw/GC10-DET/10/img_07_4405133600_00036.jpg,data/raw/GC10-DET/lable/img_07_4405133600_00036.xml,10,img_07_4405133600_00036.jpg,10_yaozhed,9,waist_folding,199.0,71.0,1671.0,896.0,1472.0,825.0,candidate,
img_07_4405133600_00039,data/raw/GC10-DET/10/img_07_4405133600_00039.jpg,data/raw/GC10-DET/lable/img_07_4405133600_00039.xml,10,img_07_4405133600_00039.jpg,10_yaozhed,9,waist_folding,146.0,58.0,1977.0,934.0,1831.0,876.0,candidate,
img_07_4405133600_00042,data/raw/GC10-DET/10/img_07_4405133600_00042.jpg,data/raw/GC10-DET/lable/img_07_4405133600_00042.xml,10,img_07_4405133600_00042.jpg,10_yaozhed,9,waist_folding,1.0,1.0,1763.0,916.0,1762.0,915.0,candidate,
img_07_4405133600_00044,data/raw/GC10-DET/10/img_07_4405133600_00044.jpg,data/raw/GC10-DET/lable/img_07_4405133600_00044.xml,10,img_07_4405133600_00044.jpg,10_yaozhed,9,waist_folding,310.0,86.0,1735.0,899.0,1425.0,813.0,candidate,
img_07_4405133600_00046,data/raw/GC10-DET/10/img_07_4405133600_00046.jpg,data/raw/GC10-DET/lable/img_07_4405133600_00046.xml,10,img_07_4405133600_00046.jpg,10_yaozhed,9,waist_folding,369.0,121.0,1681.0,962.0,1312.0,841.0,candidate,
img_07_4405168700_00710,data/raw/GC10-DET/5/img_07_4405168700_00710.jpg,data/raw/GC10-DET/lable/img_07_4405168700_00710.xml,5,img_07_4405168700_00710.jpg,5_youban,4,oil_spot,1779.0,484.0,1971.0,603.0,192.0,119.0,candidate,
img_07_4405168700_00710,data/raw/GC10-DET/5/img_07_4405168700_00710.jpg,data/raw/GC10-DET/lable/img_07_4405168700_00710.xml,5,img_07_4405168700_00710.jpg,5_youban,4,oil_spot,1780.0,1.0,1964.0,71.0,184.0,70.0,candidate,
img_07_4405168700_00711,data/raw/GC10-DET/5/img_07_4405168700_00711.jpg,data/raw/GC10-DET/lable/img_07_4405168700_00711.xml,5,img_07_4405168700_00711.jpg,5_youban,4,oil_spot,1773.0,1.0,1952.0,74.0,179.0,73.0,candidate,
img_07_4405168700_00711,data/raw/GC10-DET/5/img_07_4405168700_00711.jpg,data/raw/GC10-DET/lable/img_07_4405168700_00711.xml,5,img_07_4405168700_00711.jpg,5_youban,4,oil_spot,1793.0,958.0,1954.0,995.0,161.0,37.0,candidate,
img_07_4405227700_00146,data/raw/GC10-DET/2/img_07_4405227700_00146.jpg,data/raw/GC10-DET/lable/img_07_4405227700_00146.xml,2,img_07_4405227700_00146.jpg,2_hanfeng,1,welding_line,15.0,566.0,2048.0,660.0,2033.0,94.0,candidate,
img_07_4405376700_00809,data/raw/GC10-DET/9/img_07_4405376700_00809.jpg,data/raw/GC10-DET/lable/img_07_4405376700_00809.xml,9,img_07_4405376700_00809.jpg,9_zhehen,8,crease,25.0,778.0,2015.0,884.0,1990.0,106.0,candidate,
img_07_4405376700_00815,data/raw/GC10-DET/9/img_07_4405376700_00815.jpg,data/raw/GC10-DET/lable/img_07_4405376700_00815.xml,9,img_07_4405376700_00815.jpg,9_zhehen,8,crease,17.0,412.0,2048.0,552.0,2031.0,140.0,candidate,
img_07_4405376800_00037,data/raw/GC10-DET/10/img_07_4405376800_00037.jpg,data/raw/GC10-DET/lable/img_07_4405376800_00037.xml,10,img_07_4405376800_00037.jpg,10_yaozhed,9,waist_folding,240.0,389.0,1925.0,1000.0,1685.0,611.0,candidate,
img_07_4405376800_00038,data/raw/GC10-DET/10/img_07_4405376800_00038.jpg,data/raw/GC10-DET/lable/img_07_4405376800_00038.xml,10,img_07_4405376800_00038.jpg,10_yaozhed,9,waist_folding,718.0,34.0,1943.0,973.0,1225.0,939.0,candidate,
img_07_4405376800_00039,data/raw/GC10-DET/10/img_07_4405376800_00039.jpg,data/raw/GC10-DET/lable/img_07_4405376800_00039.xml,10,img_07_4405376800_00039.jpg,10_yaozhed,9,waist_folding,841.0,537.0,1912.0,989.0,1071.0,452.0,candidate,
img_07_4405376800_00042,data/raw/GC10-DET/10/img_07_4405376800_00042.jpg,data/raw/GC10-DET/lable/img_07_4405376800_00042.xml,10,img_07_4405376800_00042.jpg,9_zhehen,8,crease,999.0,303.0,1966.0,580.0,967.0,277.0,candidate,
img_07_4405377700_00912,data/raw/GC10-DET/2/img_07_4405377700_00912.jpg,data/raw/GC10-DET/lable/img_07_4405377700_00912.xml,2,img_07_4405377700_00912.jpg,2_hanfeng,1,welding_line,10.0,12.0,2048.0,84.0,2038.0,72.0,candidate,
img_07_4405381400_00773,data/raw/GC10-DET/9/img_07_4405381400_00773.jpg,data/raw/GC10-DET/lable/img_07_4405381400_00773.xml,9,img_07_4405381400_00773.jpg,9_zhehen,8,crease,44.0,557.0,2005.0,658.0,1961.0,101.0,candidate,
img_07_4405381400_00779,data/raw/GC10-DET/9/img_07_4405381400_00779.jpg,data/raw/GC10-DET/lable/img_07_4405381400_00779.xml,9,img_07_4405381400_00779.jpg,9_zhehen,8,crease,36.0,209.0,2012.0,340.0,1976.0,131.0,candidate,
img_07_4405965200_00151,data/raw/GC10-DET/9/img_07_4405965200_00151.jpg,data/raw/GC10-DET/lable/img_07_4405965200_00151.xml,9,img_07_4405965200_00151.jpg,9_zhehen,8,crease,610.0,260.0,1777.0,394.0,1167.0,134.0,candidate,
img_07_4406444100_00004,data/raw/GC10-DET/9/img_07_4406444100_00004.jpg,data/raw/GC10-DET/lable/img_07_4406444100_00004.xml,9,img_07_4406444100_00004.jpg,9_zhehen,8,crease,1635.0,788.0,1971.0,876.0,336.0,88.0,candidate,
img_07_4406562900_00008,data/raw/GC10-DET/7/img_07_4406562900_00008.jpg,data/raw/GC10-DET/lable/img_07_4406562900_00008.xml,7,img_07_4406562900_00008.jpg,4_shuiban,3,water_spot,97.0,5.0,939.0,966.0,842.0,961.0,candidate,
img_07_4406562900_00008,data/raw/GC10-DET/7/img_07_4406562900_00008.jpg,data/raw/GC10-DET/lable/img_07_4406562900_00008.xml,7,img_07_4406562900_00008.jpg,4_shuiban,3,water_spot,1920.0,23.0,2046.0,1000.0,126.0,977.0,candidate,
img_07_4406562900_00008,data/raw/GC10-DET/7/img_07_4406562900_00008.jpg,data/raw/GC10-DET/lable/img_07_4406562900_00008.xml,7,img_07_4406562900_00008.jpg,4_shuiban,3,water_spot,1004.0,40.0,1483.0,843.0,479.0,803.0,candidate,
img_07_4406562900_00008,data/raw/GC10-DET/7/img_07_4406562900_00008.jpg,data/raw/GC10-DET/lable/img_07_4406562900_00008.xml,7,img_07_4406562900_00008.jpg,7_yiwu,6,inclusion,1875.0,176.0,1938.0,465.0,63.0,289.0,candidate,
img_07_4406645900_00001,data/raw/GC10-DET/2/img_07_4406645900_00001.jpg,data/raw/GC10-DET/lable/img_07_4406645900_00001.xml,2,img_07_4406645900_00001.jpg,2_hanfeng,1,welding_line,3.0,178.0,1849.0,253.0,1846.0,75.0,candidate,
img_07_4406645900_00002,data/raw/GC10-DET/3/img_07_4406645900_00002.jpg,data/raw/GC10-DET/lable/img_07_4406645900_00002.xml,3,img_07_4406645900_00002.jpg,3_yueyawan,2,crescent_gap,1792.0,740.0,2048.0,999.0,256.0,259.0,candidate,
img_07_4406645900_00017,data/raw/GC10-DET/6/img_07_4406645900_00017.jpg,data/raw/GC10-DET/lable/img_07_4406645900_00017.xml,6,img_07_4406645900_00017.jpg,6_siban,5,silk_spot,118.0,81.0,625.0,421.0,507.0,340.0,candidate,
img_07_4406645900_00046,data/raw/GC10-DET/6/img_07_4406645900_00046.jpg,data/raw/GC10-DET/lable/img_07_4406645900_00046.xml,6,img_07_4406645900_00046.jpg,6_siban,5,silk_spot,1725.0,86.0,1899.0,363.0,174.0,277.0,candidate,
img_07_4406645900_00145,data/raw/GC10-DET/6/img_07_4406645900_00145.jpg,data/raw/GC10-DET/lable/img_07_4406645900_00145.xml,6,img_07_4406645900_00145.jpg,6_siban,5,silk_spot,1731.0,189.0,1915.0,476.0,184.0,287.0,candidate,
img_07_4406645900_00152,data/raw/GC10-DET/6/img_07_4406645900_00152.jpg,data/raw/GC10-DET/lable/img_07_4406645900_00152.xml,6,img_07_4406645900_00152.jpg,6_siban,5,silk_spot,1728.0,642.0,1917.0,945.0,189.0,303.0,candidate,
img_07_4406645900_00154,data/raw/GC10-DET/6/img_07_4406645900_00154.jpg,data/raw/GC10-DET/lable/img_07_4406645900_00154.xml,6,img_07_4406645900_00154.jpg,6_siban,5,silk_spot,1766.0,494.0,1922.0,762.0,156.0,268.0,candidate,
img_07_4406645900_00179,data/raw/GC10-DET/6/img_07_4406645900_00179.jpg,data/raw/GC10-DET/lable/img_07_4406645900_00179.xml,6,img_07_4406645900_00179.jpg,6_siban,5,silk_spot,1767.0,75.0,1899.0,342.0,132.0,267.0,candidate,
img_07_4406645900_00179,data/raw/GC10-DET/6/img_07_4406645900_00179.jpg,data/raw/GC10-DET/lable/img_07_4406645900_00179.xml,6,img_07_4406645900_00179.jpg,6_siban,5,silk_spot,1828.0,809.0,1923.0,975.0,95.0,166.0,candidate,
img_07_4406645900_00200,data/raw/GC10-DET/6/img_07_4406645900_00200.jpg,data/raw/GC10-DET/lable/img_07_4406645900_00200.xml,6,img_07_4406645900_00200.jpg,6_siban,5,silk_spot,1774.0,542.0,1922.0,911.0,148.0,369.0,candidate,
img_07_4406645900_00339,data/raw/GC10-DET/7/img_07_4406645900_00339.jpg,data/raw/GC10-DET/lable/img_07_4406645900_00339.xml,7,img_07_4406645900_00339.jpg,7_yiwu,6,inclusion,1574.0,815.0,1661.0,882.0,87.0,67.0,candidate,
img_07_4406645900_00341,data/raw/GC10-DET/6/img_07_4406645900_00341.jpg,data/raw/GC10-DET/lable/img_07_4406645900_00341.xml,6,img_07_4406645900_00341.jpg,6_siban,5,silk_spot,407.0,107.0,630.0,299.0,223.0,192.0,candidate,
img_07_4406645900_00355,data/raw/GC10-DET/6/img_07_4406645900_00355.jpg,data/raw/GC10-DET/lable/img_07_4406645900_00355.xml,6,img_07_4406645900_00355.jpg,6_siban,5,silk_spot,508.0,491.0,864.0,816.0,356.0,325.0,candidate,
img_07_4406645900_00367,data/raw/GC10-DET/6/img_07_4406645900_00367.jpg,data/raw/GC10-DET/lable/img_07_4406645900_00367.xml,6,img_07_4406645900_00367.jpg,6_siban,5,silk_spot,453.0,88.0,815.0,311.0,362.0,223.0,candidate,
img_07_4406645900_00502,data/raw/GC10-DET/6/img_07_4406645900_00502.jpg,data/raw/GC10-DET/lable/img_07_4406645900_00502.xml,6,img_07_4406645900_00502.jpg,6_siban,5,silk_spot,1723.0,119.0,1905.0,475.0,182.0,356.0,candidate,
img_07_4406645900_00517,data/raw/GC10-DET/6/img_07_4406645900_00517.jpg,data/raw/GC10-DET/lable/img_07_4406645900_00517.xml,6,img_07_4406645900_00517.jpg,6_siban,5,silk_spot,1715.0,662.0,1918.0,950.0,203.0,288.0,candidate,
img_07_4406645900_00518,data/raw/GC10-DET/6/img_07_4406645900_00518.jpg,data/raw/GC10-DET/lable/img_07_4406645900_00518.xml,6,img_07_4406645900_00518.jpg,6_siban,5,silk_spot,1738.0,617.0,1912.0,960.0,174.0,343.0,candidate,
img_07_4406645900_00522,data/raw/GC10-DET/6/img_07_4406645900_00522.jpg,data/raw/GC10-DET/lable/img_07_4406645900_00522.xml,6,img_07_4406645900_00522.jpg,6_siban,5,silk_spot,1735.0,562.0,1917.0,957.0,182.0,395.0,candidate,
img_07_4406645900_00523,data/raw/GC10-DET/6/img_07_4406645900_00523.jpg,data/raw/GC10-DET/lable/img_07_4406645900_00523.xml,6,img_07_4406645900_00523.jpg,6_siban,5,silk_spot,1762.0,640.0,1925.0,888.0,163.0,248.0,candidate,
img_07_4406645900_00526,data/raw/GC10-DET/6/img_07_4406645900_00526.jpg,data/raw/GC10-DET/lable/img_07_4406645900_00526.xml,6,img_07_4406645900_00526.jpg,6_siban,5,silk_spot,1771.0,512.0,1910.0,858.0,139.0,346.0,candidate,
img_07_4406645900_00527,data/raw/GC10-DET/6/img_07_4406645900_00527.jpg,data/raw/GC10-DET/lable/img_07_4406645900_00527.xml,6,img_07_4406645900_00527.jpg,6_siban,5,silk_spot,1776.0,150.0,1918.0,655.0,142.0,505.0,candidate,
img_07_4406645900_00530,data/raw/GC10-DET/6/img_07_4406645900_00530.jpg,data/raw/GC10-DET/lable/img_07_4406645900_00530.xml,6,img_07_4406645900_00530.jpg,6_siban,5,silk_spot,1702.0,75.0,1920.0,637.0,218.0,562.0,candidate,
img_07_4406645900_00531,data/raw/GC10-DET/6/img_07_4406645900_00531.jpg,data/raw/GC10-DET/lable/img_07_4406645900_00531.xml,6,img_07_4406645900_00531.jpg,6_siban,5,silk_spot,1740.0,203.0,1907.0,571.0,167.0,368.0,candidate,
img_07_4406645900_00539,data/raw/GC10-DET/6/img_07_4406645900_00539.jpg,data/raw/GC10-DET/lable/img_07_4406645900_00539.xml,6,img_07_4406645900_00539.jpg,6_siban,5,silk_spot,1687.0,370.0,1903.0,750.0,216.0,380.0,candidate,
img_07_4406645900_00546,data/raw/GC10-DET/6/img_07_4406645900_00546.jpg,data/raw/GC10-DET/lable/img_07_4406645900_00546.xml,6,img_07_4406645900_00546.jpg,6_siban,5,silk_spot,1759.0,50.0,1908.0,404.0,149.0,354.0,candidate,
img_07_4406645900_00558,data/raw/GC10-DET/6/img_07_4406645900_00558.jpg,data/raw/GC10-DET/lable/img_07_4406645900_00558.xml,6,img_07_4406645900_00558.jpg,6_siban,5,silk_spot,1692.0,80.0,1907.0,473.0,215.0,393.0,candidate,
img_07_4406645900_00559,data/raw/GC10-DET/6/img_07_4406645900_00559.jpg,data/raw/GC10-DET/lable/img_07_4406645900_00559.xml,6,img_07_4406645900_00559.jpg,6_siban,5,silk_spot,1764.0,81.0,1917.0,325.0,153.0,244.0,candidate,
img_07_4406645900_00560,data/raw/GC10-DET/6/img_07_4406645900_00560.jpg,data/raw/GC10-DET/lable/img_07_4406645900_00560.xml,6,img_07_4406645900_00560.jpg,6_siban,5,silk_spot,1749.0,53.0,1922.0,306.0,173.0,253.0,candidate,
img_07_4406645900_00566,data/raw/GC10-DET/6/img_07_4406645900_00566.jpg,data/raw/GC10-DET/lable/img_07_4406645900_00566.xml,6,img_07_4406645900_00566.jpg,6_siban,5,silk_spot,1726.0,375.0,1899.0,770.0,173.0,395.0,candidate,
img_07_4406645900_00570,data/raw/GC10-DET/6/img_07_4406645900_00570.jpg,data/raw/GC10-DET/lable/img_07_4406645900_00570.xml,6,img_07_4406645900_00570.jpg,6_siban,5,silk_spot,1762.0,486.0,1907.0,953.0,145.0,467.0,candidate,
img_07_4406645900_00572,data/raw/GC10-DET/6/img_07_4406645900_00572.jpg,data/raw/GC10-DET/lable/img_07_4406645900_00572.xml,all,img_07_4406645900_00572.jpg,6_siban,5,silk_spot,1784.0,15.0,1903.0,384.0,119.0,369.0,candidate,
img_07_4406645900_00576,data/raw/GC10-DET/6/img_07_4406645900_00576.jpg,data/raw/GC10-DET/lable/img_07_4406645900_00576.xml,all,img_07_4406645900_00576.jpg,6_siban,5,silk_spot,1784.0,40.0,1915.0,903.0,131.0,863.0,candidate,
img_07_4406645900_00581,data/raw/GC10-DET/6/img_07_4406645900_00581.jpg,data/raw/GC10-DET/lable/img_07_4406645900_00581.xml,all,img_07_4406645900_00581.jpg,6_siban,5,silk_spot,1792.0,89.0,1915.0,990.0,123.0,901.0,candidate,
img_07_4406645900_00586,data/raw/GC10-DET/6/img_07_4406645900_00586.jpg,data/raw/GC10-DET/lable/img_07_4406645900_00586.xml,all,img_07_4406645900_00586.jpg,6_siban,5,silk_spot,1789.0,40.0,1911.0,986.0,122.0,946.0,candidate,
img_07_4406645900_00587,data/raw/GC10-DET/6/img_07_4406645900_00587.jpg,data/raw/GC10-DET/lable/img_07_4406645900_00587.xml,all,img_07_4406645900_00587.jpg,6_siban,5,silk_spot,1770.0,2.0,1913.0,233.0,143.0,231.0,candidate,
img_07_4406645900_00603,data/raw/GC10-DET/6/img_07_4406645900_00603.jpg,data/raw/GC10-DET/lable/img_07_4406645900_00603.xml,all,img_07_4406645900_00603.jpg,6_siban,5,silk_spot,1796.0,10.0,1908.0,651.0,112.0,641.0,candidate,
img_07_4406645900_00614,data/raw/GC10-DET/6/img_07_4406645900_00614.jpg,data/raw/GC10-DET/lable/img_07_4406645900_00614.xml,all,img_07_4406645900_00614.jpg,6_siban,5,silk_spot,1808.0,44.0,1908.0,982.0,100.0,938.0,candidate,
img_07_4406645900_00618,data/raw/GC10-DET/6/img_07_4406645900_00618.jpg,data/raw/GC10-DET/lable/img_07_4406645900_00618.xml,all,img_07_4406645900_00618.jpg,6_siban,5,silk_spot,1742.0,51.0,1917.0,781.0,175.0,730.0,candidate,
img_07_4406645900_00620,data/raw/GC10-DET/6/img_07_4406645900_00620.jpg,data/raw/GC10-DET/lable/img_07_4406645900_00620.xml,all,img_07_4406645900_00620.jpg,6_siban,5,silk_spot,1765.0,74.0,1916.0,581.0,151.0,507.0,candidate,
img_07_4406645900_00631,data/raw/GC10-DET/6/img_07_4406645900_00631.jpg,data/raw/GC10-DET/lable/img_07_4406645900_00631.xml,all,img_07_4406645900_00631.jpg,6_siban,5,silk_spot,1809.0,324.0,1918.0,913.0,109.0,589.0,candidate,
img_07_4406645900_00639,data/raw/GC10-DET/6/img_07_4406645900_00639.jpg,data/raw/GC10-DET/lable/img_07_4406645900_00639.xml,all,img_07_4406645900_00639.jpg,6_siban,5,silk_spot,1824.0,59.0,1911.0,786.0,87.0,727.0,candidate,
img_07_4406645900_00647,data/raw/GC10-DET/6/img_07_4406645900_00647.jpg,data/raw/GC10-DET/lable/img_07_4406645900_00647.xml,all,img_07_4406645900_00647.jpg,6_siban,5,silk_spot,1818.0,192.0,1917.0,870.0,99.0,678.0,candidate,
img_07_4406645900_00649,data/raw/GC10-DET/6/img_07_4406645900_00649.jpg,data/raw/GC10-DET/lable/img_07_4406645900_00649.xml,all,img_07_4406645900_00649.jpg,6_siban,5,silk_spot,1808.0,49.0,1907.0,830.0,99.0,781.0,candidate,
img_07_4406645900_00650,data/raw/GC10-DET/6/img_07_4406645900_00650.jpg,data/raw/GC10-DET/lable/img_07_4406645900_00650.xml,all,img_07_4406645900_00650.jpg,6_siban,5,silk_spot,1800.0,82.0,1916.0,498.0,116.0,416.0,candidate,
img_07_4406645900_00655,data/raw/GC10-DET/6/img_07_4406645900_00655.jpg,data/raw/GC10-DET/lable/img_07_4406645900_00655.xml,all,img_07_4406645900_00655.jpg,6_siban,5,silk_spot,1775.0,35.0,1918.0,235.0,143.0,200.0,candidate,
img_07_4406645900_00657,data/raw/GC10-DET/6/img_07_4406645900_00657.jpg,data/raw/GC10-DET/lable/img_07_4406645900_00657.xml,all,img_07_4406645900_00657.jpg,6_siban,5,silk_spot,1803.0,433.0,1913.0,780.0,110.0,347.0,candidate,
img_07_4406645900_00659,data/raw/GC10-DET/6/img_07_4406645900_00659.jpg,data/raw/GC10-DET/lable/img_07_4406645900_00659.xml,all,img_07_4406645900_00659.jpg,6_siban,5,silk_spot,1807.0,260.0,1913.0,886.0,106.0,626.0,candidate,
img_07_4406645900_00660,data/raw/GC10-DET/6/img_07_4406645900_00660.jpg,data/raw/GC10-DET/lable/img_07_4406645900_00660.xml,all,img_07_4406645900_00660.jpg,6_siban,5,silk_spot,1749.0,49.0,1918.0,344.0,169.0,295.0,candidate,
img_07_4406645900_00661,data/raw/GC10-DET/6/img_07_4406645900_00661.jpg,data/raw/GC10-DET/lable/img_07_4406645900_00661.xml,all,img_07_4406645900_00661.jpg,6_siban,5,silk_spot,1803.0,70.0,1913.0,441.0,110.0,371.0,candidate,
img_07_4406645900_00676,data/raw/GC10-DET/6/img_07_4406645900_00676.jpg,data/raw/GC10-DET/lable/img_07_4406645900_00676.xml,all,img_07_4406645900_00676.jpg,6_siban,5,silk_spot,1781.0,90.0,1918.0,659.0,137.0,569.0,candidate,
img_07_4406645900_00687,data/raw/GC10-DET/6/img_07_4406645900_00687.jpg,data/raw/GC10-DET/lable/img_07_4406645900_00687.xml,all,img_07_4406645900_00687.jpg,6_siban,5,silk_spot,1790.0,297.0,1921.0,943.0,131.0,646.0,candidate,
img_07_4406645900_00693,data/raw/GC10-DET/6/img_07_4406645900_00693.jpg,data/raw/GC10-DET/lable/img_07_4406645900_00693.xml,all,img_07_4406645900_00693.jpg,6_siban,5,silk_spot,1821.0,57.0,1920.0,658.0,99.0,601.0,candidate,
img_07_4406645900_00716,data/raw/GC10-DET/6/img_07_4406645900_00716.jpg,data/raw/GC10-DET/lable/img_07_4406645900_00716.xml,all,img_07_4406645900_00716.jpg,6_siban,5,silk_spot,1773.0,663.0,1903.0,970.0,130.0,307.0,candidate,
img_07_4406645900_00716,data/raw/GC10-DET/6/img_07_4406645900_00716.jpg,data/raw/GC10-DET/lable/img_07_4406645900_00716.xml,all,img_07_4406645900_00716.jpg,6_siban,5,silk_spot,1813.0,28.0,1919.0,298.0,106.0,270.0,candidate,
img_07_4406645900_00730,data/raw/GC10-DET/6/img_07_4406645900_00730.jpg,data/raw/GC10-DET/lable/img_07_4406645900_00730.xml,all,img_07_4406645900_00730.jpg,6_siban,5,silk_spot,1754.0,122.0,1910.0,627.0,156.0,505.0,candidate,
img_07_4406645900_00740,data/raw/GC10-DET/6/img_07_4406645900_00740.jpg,data/raw/GC10-DET/lable/img_07_4406645900_00740.xml,all,img_07_4406645900_00740.jpg,6_siban,5,silk_spot,1751.0,157.0,1905.0,634.0,154.0,477.0,candidate,
img_07_4406645900_00741,data/raw/GC10-DET/6/img_07_4406645900_00741.jpg,data/raw/GC10-DET/lable/img_07_4406645900_00741.xml,all,img_07_4406645900_00741.jpg,6_siban,5,silk_spot,1746.0,171.0,1896.0,489.0,150.0,318.0,candidate,
img_07_4406645900_00746,data/raw/GC10-DET/6/img_07_4406645900_00746.jpg,data/raw/GC10-DET/lable/img_07_4406645900_00746.xml,all,img_07_4406645900_00746.jpg,6_siban,5,silk_spot,1780.0,586.0,1920.0,886.0,140.0,300.0,candidate,
img_07_4406645900_00747,data/raw/GC10-DET/6/img_07_4406645900_00747.jpg,data/raw/GC10-DET/lable/img_07_4406645900_00747.xml,all,img_07_4406645900_00747.jpg,6_siban,5,silk_spot,1783.0,111.0,1919.0,478.0,136.0,367.0,candidate,
img_07_4406645900_00747,data/raw/GC10-DET/6/img_07_4406645900_00747.jpg,data/raw/GC10-DET/lable/img_07_4406645900_00747.xml,all,img_07_4406645900_00747.jpg,6_siban,5,silk_spot,1825.0,775.0,1916.0,987.0,91.0,212.0,candidate,
img_07_4406645900_00753,data/raw/GC10-DET/6/img_07_4406645900_00753.jpg,data/raw/GC10-DET/lable/img_07_4406645900_00753.xml,all,img_07_4406645900_00753.jpg,6_siban,5,silk_spot,1741.0,386.0,1916.0,817.0,175.0,431.0,candidate,
img_07_4406645900_00755,data/raw/GC10-DET/6/img_07_4406645900_00755.jpg,data/raw/GC10-DET/lable/img_07_4406645900_00755.xml,all,img_07_4406645900_00755.jpg,6_siban,5,silk_spot,1769.0,371.0,1916.0,673.0,147.0,302.0,candidate,
img_07_4406645900_00771,data/raw/GC10-DET/6/img_07_4406645900_00771.jpg,data/raw/GC10-DET/lable/img_07_4406645900_00771.xml,all,img_07_4406645900_00771.jpg,6_siban,5,silk_spot,1744.0,40.0,1910.0,458.0,166.0,418.0,candidate,
img_07_4406645900_00771,data/raw/GC10-DET/6/img_07_4406645900_00771.jpg,data/raw/GC10-DET/lable/img_07_4406645900_00771.xml,all,img_07_4406645900_00771.jpg,6_siban,5,silk_spot,1810.0,574.0,1915.0,997.0,105.0,423.0,candidate,
img_07_4406645900_00774,data/raw/GC10-DET/6/img_07_4406645900_00774.jpg,data/raw/GC10-DET/lable/img_07_4406645900_00774.xml,all,img_07_4406645900_00774.jpg,6_siban,5,silk_spot,1803.0,400.0,1907.0,768.0,104.0,368.0,candidate,
img_07_4406645900_00774,data/raw/GC10-DET/6/img_07_4406645900_00774.jpg,data/raw/GC10-DET/lable/img_07_4406645900_00774.xml,all,img_07_4406645900_00774.jpg,6_siban,5,silk_spot,1731.0,782.0,1881.0,989.0,150.0,207.0,candidate,
img_07_4406645900_00781,data/raw/GC10-DET/6/img_07_4406645900_00781.jpg,data/raw/GC10-DET/lable/img_07_4406645900_00781.xml,all,img_07_4406645900_00781.jpg,6_siban,5,silk_spot,1789.0,455.0,1918.0,987.0,129.0,532.0,candidate,
img_07_4406645900_00786,data/raw/GC10-DET/6/img_07_4406645900_00786.jpg,data/raw/GC10-DET/lable/img_07_4406645900_00786.xml,all,img_07_4406645900_00786.jpg,6_siban,5,silk_spot,1719.0,586.0,1895.0,852.0,176.0,266.0,candidate,
img_07_4406645900_00792,data/raw/GC10-DET/6/img_07_4406645900_00792.jpg,data/raw/GC10-DET/lable/img_07_4406645900_00792.xml,all,img_07_4406645900_00792.jpg,6_siban,5,silk_spot,1767.0,363.0,1913.0,798.0,146.0,435.0,candidate,
img_07_4406645900_00805,data/raw/GC10-DET/6/img_07_4406645900_00805.jpg,data/raw/GC10-DET/lable/img_07_4406645900_00805.xml,all,img_07_4406645900_00805.jpg,6_siban,5,silk_spot,1716.0,88.0,1918.0,636.0,202.0,548.0,candidate,
img_07_4406645900_00815,data/raw/GC10-DET/6/img_07_4406645900_00815.jpg,data/raw/GC10-DET/lable/img_07_4406645900_00815.xml,all,img_07_4406645900_00815.jpg,6_siban,5,silk_spot,1712.0,35.0,1907.0,301.0,195.0,266.0,candidate,
img_07_4406645900_00817,data/raw/GC10-DET/6/img_07_4406645900_00817.jpg,data/raw/GC10-DET/lable/img_07_4406645900_00817.xml,all,img_07_4406645900_00817.jpg,6_siban,5,silk_spot,1754.0,225.0,1921.0,644.0,167.0,419.0,candidate,
img_07_4406645900_00824,data/raw/GC10-DET/6/img_07_4406645900_00824.jpg,data/raw/GC10-DET/lable/img_07_4406645900_00824.xml,all,img_07_4406645900_00824.jpg,6_siban,5,silk_spot,1738.0,517.0,1919.0,833.0,181.0,316.0,candidate,
img_07_4406645900_00829,data/raw/GC10-DET/6/img_07_4406645900_00829.jpg,data/raw/GC10-DET/lable/img_07_4406645900_00829.xml,all,img_07_4406645900_00829.jpg,6_siban,5,silk_spot,1766.0,37.0,1917.0,298.0,151.0,261.0,candidate,
img_07_4406645900_00830,data/raw/GC10-DET/6/img_07_4406645900_00830.jpg,data/raw/GC10-DET/lable/img_07_4406645900_00830.xml,all,img_07_4406645900_00830.jpg,6_siban,5,silk_spot,1762.0,23.0,1919.0,165.0,157.0,142.0,candidate,
img_07_4406645900_00842,data/raw/GC10-DET/6/img_07_4406645900_00842.jpg,data/raw/GC10-DET/lable/img_07_4406645900_00842.xml,all,img_07_4406645900_00842.jpg,6_siban,5,silk_spot,1795.0,81.0,1916.0,957.0,121.0,876.0,candidate,
img_07_4406645900_00850,data/raw/GC10-DET/6/img_07_4406645900_00850.jpg,data/raw/GC10-DET/lable/img_07_4406645900_00850.xml,6,img_07_4406645900_00850.jpg,6_siban,5,silk_spot,1736.0,39.0,1900.0,280.0,164.0,241.0,candidate,
img_07_4406645900_00852,data/raw/GC10-DET/6/img_07_4406645900_00852.jpg,data/raw/GC10-DET/lable/img_07_4406645900_00852.xml,all,img_07_4406645900_00852.jpg,6_siban,5,silk_spot,1810.0,267.0,1919.0,800.0,109.0,533.0,candidate,
img_07_4406645900_00855,data/raw/GC10-DET/6/img_07_4406645900_00855.jpg,data/raw/GC10-DET/lable/img_07_4406645900_00855.xml,all,img_07_4406645900_00855.jpg,6_siban,5,silk_spot,1710.0,181.0,1921.0,732.0,211.0,551.0,candidate,
img_07_4406645900_00859,data/raw/GC10-DET/6/img_07_4406645900_00859.jpg,data/raw/GC10-DET/lable/img_07_4406645900_00859.xml,6,img_07_4406645900_00859.jpg,6_siban,5,silk_spot,1731.0,283.0,1913.0,548.0,182.0,265.0,candidate,
img_07_4406645900_00863,data/raw/GC10-DET/7/img_07_4406645900_00863.jpg,data/raw/GC10-DET/lable/img_07_4406645900_00863.xml,7,img_07_4406645900_00863.jpg,4_shuiban,3,water_spot,1789.0,544.0,1922.0,859.0,133.0,315.0,candidate,
img_07_4406645900_00863,data/raw/GC10-DET/7/img_07_4406645900_00863.jpg,data/raw/GC10-DET/lable/img_07_4406645900_00863.xml,7,img_07_4406645900_00863.jpg,7_yiwu,6,inclusion,1608.0,75.0,1685.0,161.0,77.0,86.0,candidate,
img_07_4406645900_00877,data/raw/GC10-DET/6/img_07_4406645900_00877.jpg,data/raw/GC10-DET/lable/img_07_4406645900_00877.xml,all,img_07_4406645900_00877.jpg,6_siban,5,silk_spot,1725.0,378.0,1910.0,687.0,185.0,309.0,candidate,
img_07_4406645900_00897,data/raw/GC10-DET/10/img_07_4406645900_00897.jpg,data/raw/GC10-DET/lable/img_07_4406645900_00897.xml,all,img_07_4406645900_00897.jpg,7_yiwu,6,inclusion,1564.0,671.0,1588.0,705.0,24.0,34.0,candidate,
img_07_4406743300_00001,data/raw/GC10-DET/2/img_07_4406743300_00001.jpg,data/raw/GC10-DET/lable/img_07_4406743300_00001.xml,all,img_07_4406743300_00001.jpg,2_hanfeng,1,welding_line,2.0,740.0,2047.0,817.0,2045.0,77.0,candidate,
img_07_4406743300_00001,data/raw/GC10-DET/2/img_07_4406743300_00001.jpg,data/raw/GC10-DET/lable/img_07_4406743300_00001.xml,all,img_07_4406743300_00001.jpg,6_siban,5,silk_spot,24.0,30.0,2032.0,744.0,2008.0,714.0,candidate,
img_07_4406743300_00026,data/raw/GC10-DET/6/img_07_4406743300_00026.jpg,data/raw/GC10-DET/lable/img_07_4406743300_00026.xml,all,img_07_4406743300_00026.jpg,6_siban,5,silk_spot,779.0,11.0,2030.0,974.0,1251.0,963.0,candidate,
img_07_4406743300_00027,data/raw/GC10-DET/6/img_07_4406743300_00027.jpg,data/raw/GC10-DET/lable/img_07_4406743300_00027.xml,all,img_07_4406743300_00027.jpg,6_siban,5,silk_spot,1127.0,1.0,2023.0,974.0,896.0,973.0,candidate,
img_07_4406743300_00027,data/raw/GC10-DET/6/img_07_4406743300_00027.jpg,data/raw/GC10-DET/lable/img_07_4406743300_00027.xml,all,img_07_4406743300_00027.jpg,6_siban,5,silk_spot,356.0,12.0,1064.0,963.0,708.0,951.0,candidate,
img_07_4406743300_00035,data/raw/GC10-DET/6/img_07_4406743300_00035.jpg,data/raw/GC10-DET/lable/img_07_4406743300_00035.xml,all,img_07_4406743300_00035.jpg,6_siban,5,silk_spot,1372.0,52.0,2024.0,955.0,652.0,903.0,candidate,
img_07_4406743300_00035,data/raw/GC10-DET/6/img_07_4406743300_00035.jpg,data/raw/GC10-DET/lable/img_07_4406743300_00035.xml,all,img_07_4406743300_00035.jpg,6_siban,5,silk_spot,658.0,13.0,1280.0,306.0,622.0,293.0,candidate,
img_07_4406743300_00035,data/raw/GC10-DET/6/img_07_4406743300_00035.jpg,data/raw/GC10-DET/lable/img_07_4406743300_00035.xml,all,img_07_4406743300_00035.jpg,6_siban,5,silk_spot,678.0,332.0,1280.0,924.0,602.0,592.0,candidate,
img_07_4406743300_00036,data/raw/GC10-DET/6/img_07_4406743300_00036.jpg,data/raw/GC10-DET/lable/img_07_4406743300_00036.xml,all,img_07_4406743300_00036.jpg,6_siban,5,silk_spot,762.0,24.0,1110.0,857.0,348.0,833.0,candidate,
img_07_4406743300_00036,data/raw/GC10-DET/6/img_07_4406743300_00036.jpg,data/raw/GC10-DET/lable/img_07_4406743300_00036.xml,all,img_07_4406743300_00036.jpg,6_siban,5,silk_spot,1128.0,27.0,1997.0,620.0,869.0,593.0,candidate,
img_07_4406743300_00037,data/raw/GC10-DET/6/img_07_4406743300_00037.jpg,data/raw/GC10-DET/lable/img_07_4406743300_00037.xml,all,img_07_4406743300_00037.jpg,6_siban,5,silk_spot,557.0,16.0,1689.0,900.0,1132.0,884.0,candidate,
img_07_4406743300_00038,data/raw/GC10-DET/6/img_07_4406743300_00038.jpg,data/raw/GC10-DET/lable/img_07_4406743300_00038.xml,all,img_07_4406743300_00038.jpg,6_siban,5,silk_spot,764.0,26.0,1169.0,943.0,405.0,917.0,candidate,
img_07_4406743300_00038,data/raw/GC10-DET/6/img_07_4406743300_00038.jpg,data/raw/GC10-DET/lable/img_07_4406743300_00038.xml,all,img_07_4406743300_00038.jpg,6_siban,5,silk_spot,1196.0,44.0,2011.0,984.0,815.0,940.0,candidate,
img_07_4406743300_00039,data/raw/GC10-DET/6/img_07_4406743300_00039.jpg,data/raw/GC10-DET/lable/img_07_4406743300_00039.xml,all,img_07_4406743300_00039.jpg,6_siban,5,silk_spot,547.0,34.0,1232.0,943.0,685.0,909.0,candidate,
img_07_4406743300_00039,data/raw/GC10-DET/6/img_07_4406743300_00039.jpg,data/raw/GC10-DET/lable/img_07_4406743300_00039.xml,all,img_07_4406743300_00039.jpg,6_siban,5,silk_spot,1283.0,36.0,1994.0,924.0,711.0,888.0,candidate,
img_07_4406743300_00040,data/raw/GC10-DET/6/img_07_4406743300_00040.jpg,data/raw/GC10-DET/lable/img_07_4406743300_00040.xml,all,img_07_4406743300_00040.jpg,6_siban,5,silk_spot,710.0,59.0,1270.0,932.0,560.0,873.0,candidate,
img_07_4406743300_00040,data/raw/GC10-DET/6/img_07_4406743300_00040.jpg,data/raw/GC10-DET/lable/img_07_4406743300_00040.xml,all,img_07_4406743300_00040.jpg,6_siban,5,silk_spot,1283.0,65.0,2042.0,955.0,759.0,890.0,candidate,
img_07_4406743300_00041,data/raw/GC10-DET/6/img_07_4406743300_00041.jpg,data/raw/GC10-DET/lable/img_07_4406743300_00041.xml,all,img_07_4406743300_00041.jpg,6_siban,5,silk_spot,1187.0,37.0,1986.0,916.0,799.0,879.0,candidate,
img_07_4406743300_00041,data/raw/GC10-DET/6/img_07_4406743300_00041.jpg,data/raw/GC10-DET/lable/img_07_4406743300_00041.xml,all,img_07_4406743300_00041.jpg,6_siban,5,silk_spot,548.0,60.0,1156.0,954.0,608.0,894.0,candidate,
img_07_4406743300_00042,data/raw/GC10-DET/6/img_07_4406743300_00042.jpg,data/raw/GC10-DET/lable/img_07_4406743300_00042.xml,all,img_07_4406743300_00042.jpg,6_siban,5,silk_spot,406.0,68.0,1080.0,762.0,674.0,694.0,candidate,
img_07_4406743300_00042,data/raw/GC10-DET/6/img_07_4406743300_00042.jpg,data/raw/GC10-DET/lable/img_07_4406743300_00042.xml,all,img_07_4406743300_00042.jpg,6_siban,5,silk_spot,1110.0,41.0,1997.0,922.0,887.0,881.0,candidate,
img_07_4406743300_00045,data/raw/GC10-DET/6/img_07_4406743300_00045.jpg,data/raw/GC10-DET/lable/img_07_4406743300_00045.xml,all,img_07_4406743300_00045.jpg,6_siban,5,silk_spot,606.0,41.0,1779.0,908.0,1173.0,867.0,candidate,
img_07_4406743300_00056,data/raw/GC10-DET/6/img_07_4406743300_00056.jpg,data/raw/GC10-DET/lable/img_07_4406743300_00056.xml,all,img_07_4406743300_00056.jpg,6_siban,5,silk_spot,1103.0,45.0,1989.0,945.0,886.0,900.0,candidate,
img_07_4406743300_00056,data/raw/GC10-DET/6/img_07_4406743300_00056.jpg,data/raw/GC10-DET/lable/img_07_4406743300_00056.xml,all,img_07_4406743300_00056.jpg,6_siban,5,silk_spot,535.0,44.0,1062.0,915.0,527.0,871.0,candidate,
img_07_4406743300_00060,data/raw/GC10-DET/6/img_07_4406743300_00060.jpg,data/raw/GC10-DET/lable/img_07_4406743300_00060.xml,all,img_07_4406743300_00060.jpg,6_siban,5,silk_spot,838.0,37.0,1978.0,938.0,1140.0,901.0,candidate,
img_07_4406743300_00092,data/raw/GC10-DET/6/img_07_4406743300_00092.jpg,data/raw/GC10-DET/lable/img_07_4406743300_00092.xml,all,img_07_4406743300_00092.jpg,6_siban,5,silk_spot,1105.0,33.0,1992.0,943.0,887.0,910.0,candidate,
img_07_4406743300_00094,data/raw/GC10-DET/6/img_07_4406743300_00094.jpg,data/raw/GC10-DET/lable/img_07_4406743300_00094.xml,all,img_07_4406743300_00094.jpg,6_siban,5,silk_spot,1142.0,38.0,2029.0,927.0,887.0,889.0,candidate,
img_07_4406743300_00095,data/raw/GC10-DET/6/img_07_4406743300_00095.jpg,data/raw/GC10-DET/lable/img_07_4406743300_00095.xml,all,img_07_4406743300_00095.jpg,6_siban,5,silk_spot,1220.0,26.0,1997.0,936.0,777.0,910.0,candidate,
img_07_4406743300_00099,data/raw/GC10-DET/6/img_07_4406743300_00099.jpg,data/raw/GC10-DET/lable/img_07_4406743300_00099.xml,all,img_07_4406743300_00099.jpg,6_siban,5,silk_spot,1160.0,42.0,1997.0,908.0,837.0,866.0,candidate,
img_07_4406743300_00104,data/raw/GC10-DET/6/img_07_4406743300_00104.jpg,data/raw/GC10-DET/lable/img_07_4406743300_00104.xml,all,img_07_4406743300_00104.jpg,6_siban,5,silk_spot,1139.0,45.0,1989.0,938.0,850.0,893.0,candidate,
img_07_4406743300_00112,data/raw/GC10-DET/6/img_07_4406743300_00112.jpg,data/raw/GC10-DET/lable/img_07_4406743300_00112.xml,all,img_07_4406743300_00112.jpg,6_siban,5,silk_spot,1215.0,33.0,1984.0,944.0,769.0,911.0,candidate,
img_07_4406743300_00132,data/raw/GC10-DET/6/img_07_4406743300_00132.jpg,data/raw/GC10-DET/lable/img_07_4406743300_00132.xml,all,img_07_4406743300_00132.jpg,6_siban,5,silk_spot,1134.0,37.0,1981.0,947.0,847.0,910.0,candidate,
img_07_4406772100_00002,data/raw/GC10-DET/2/img_07_4406772100_00002.jpg,data/raw/GC10-DET/lable/img_07_4406772100_00002.xml,all,img_07_4406772100_00002.jpg,2_hanfeng,1,welding_line,8.0,373.0,1921.0,459.0,1913.0,86.0,candidate,
img_07_4406772100_00002,data/raw/GC10-DET/2/img_07_4406772100_00002.jpg,data/raw/GC10-DET/lable/img_07_4406772100_00002.xml,all,img_07_4406772100_00002.jpg,3_yueyawan,2,crescent_gap,1881.0,95.0,2048.0,616.0,167.0,521.0,candidate,
img_07_SIS002353_00788,data/raw/GC10-DET/10/img_07_SIS002353_00788.jpg,data/raw/GC10-DET/lable/img_07_SIS002353_00788.xml,10,img_07_SIS002353_00788.jpg,10_yaozhed,9,waist_folding,230.0,84.0,1228.0,921.0,998.0,837.0,candidate,
img_08_3403334300_00853,data/raw/GC10-DET/2/img_08_3403334300_00853.jpg,data/raw/GC10-DET/lable/img_08_3403334300_00853.xml,all,img_08_3403334300_00853.jpg,2_hanfeng,1,welding_line,20.0,637.0,938.0,719.0,918.0,82.0,candidate,
img_08_3403334300_00853,data/raw/GC10-DET/2/img_08_3403334300_00853.jpg,data/raw/GC10-DET/lable/img_08_3403334300_00853.xml,all,img_08_3403334300_00853.jpg,6_siban,5,silk_spot,46.0,20.0,461.0,617.0,415.0,597.0,candidate,
img_08_3403334400_00732,data/raw/GC10-DET/2/img_08_3403334400_00732.jpg,data/raw/GC10-DET/lable/img_08_3403334400_00732.xml,2,img_08_3403334400_00732.jpg,2_hanfeng,1,welding_line,2.0,430.0,941.0,499.0,939.0,69.0,candidate,
img_08_3403334600_00681,data/raw/GC10-DET/2/img_08_3403334600_00681.jpg,data/raw/GC10-DET/lable/img_08_3403334600_00681.xml,2,img_08_3403334600_00681.jpg,2_hanfeng,1,welding_line,8.0,93.0,905.0,178.0,897.0,85.0,candidate,
img_08_3403334700_00670,data/raw/GC10-DET/2/img_08_3403334700_00670.jpg,data/raw/GC10-DET/lable/img_08_3403334700_00670.xml,2,img_08_3403334700_00670.jpg,2_hanfeng,1,welding_line,10.0,644.0,836.0,734.0,826.0,90.0,candidate,
img_08_3436783900_01352,data/raw/GC10-DET/2/img_08_3436783900_01352.jpg,data/raw/GC10-DET/lable/img_08_3436783900_01352.xml,2,img_08_3436783900_01352.jpg,2_hanfeng,1,welding_line,8.0,725.0,626.0,786.0,618.0,61.0,candidate,
img_08_3436789300_00961,data/raw/GC10-DET/2/img_08_3436789300_00961.jpg,data/raw/GC10-DET/lable/img_08_3436789300_00961.xml,2,img_08_3436789300_00961.jpg,2_hanfeng,1,welding_line,13.0,778.0,1484.0,845.0,1471.0,67.0,candidate,
img_08_3436815300_00019,data/raw/GC10-DET/6/img_08_3436815300_00019.jpg,data/raw/GC10-DET/lable/img_08_3436815300_00019.xml,6,img_08_3436815300_00019.jpg,6_siban,5,silk_spot,1033.0,122.0,1377.0,848.0,344.0,726.0,candidate,
img_08_3437011100_00683,data/raw/GC10-DET/5/img_08_3437011100_00683.jpg,data/raw/GC10-DET/lable/img_08_3437011100_00683.xml,5,img_08_3437011100_00683.jpg,5_youban,4,oil_spot,2.0,1.0,162.0,175.0,160.0,174.0,candidate,
img_08_3437011100_00684,data/raw/GC10-DET/5/img_08_3437011100_00684.jpg,data/raw/GC10-DET/lable/img_08_3437011100_00684.xml,5,img_08_3437011100_00684.jpg,5_youban,4,oil_spot,2.0,188.0,125.0,404.0,123.0,216.0,candidate,
img_08_3437011100_00685,data/raw/GC10-DET/5/img_08_3437011100_00685.jpg,data/raw/GC10-DET/lable/img_08_3437011100_00685.xml,5,img_08_3437011100_00685.jpg,5_youban,4,oil_spot,2.0,381.0,148.0,624.0,146.0,243.0,candidate,
img_08_3437011100_00686,data/raw/GC10-DET/5/img_08_3437011100_00686.jpg,data/raw/GC10-DET/lable/img_08_3437011100_00686.xml,5,img_08_3437011100_00686.jpg,5_youban,4,oil_spot,1.0,597.0,136.0,868.0,135.0,271.0,candidate,
img_08_3437011100_00686,data/raw/GC10-DET/5/img_08_3437011100_00686.jpg,data/raw/GC10-DET/lable/img_08_3437011100_00686.xml,5,img_08_3437011100_00686.jpg,5_youban,4,oil_spot,1.0,1.0,110.0,66.0,109.0,65.0,candidate,
img_08_3437011100_00687,data/raw/GC10-DET/5/img_08_3437011100_00687.jpg,data/raw/GC10-DET/lable/img_08_3437011100_00687.xml,5,img_08_3437011100_00687.jpg,5_youban,4,oil_spot,1.0,81.0,116.0,288.0,115.0,207.0,candidate,
img_08_3437011100_00687,data/raw/GC10-DET/5/img_08_3437011100_00687.jpg,data/raw/GC10-DET/lable/img_08_3437011100_00687.xml,5,img_08_3437011100_00687.jpg,5_youban,4,oil_spot,1.0,800.0,123.0,997.0,122.0,197.0,candidate,
img_08_3437011100_00694,data/raw/GC10-DET/5/img_08_3437011100_00694.jpg,data/raw/GC10-DET/lable/img_08_3437011100_00694.xml,5,img_08_3437011100_00694.jpg,5_youban,4,oil_spot,1.0,126.0,123.0,301.0,122.0,175.0,candidate,
img_08_3437011100_00694,data/raw/GC10-DET/5/img_08_3437011100_00694.jpg,data/raw/GC10-DET/lable/img_08_3437011100_00694.xml,5,img_08_3437011100_00694.jpg,5_youban,4,oil_spot,1.0,378.0,113.0,729.0,112.0,351.0,candidate,
img_08_3437011100_00694,data/raw/GC10-DET/5/img_08_3437011100_00694.jpg,data/raw/GC10-DET/lable/img_08_3437011100_00694.xml,5,img_08_3437011100_00694.jpg,5_youban,4,oil_spot,1.0,824.0,100.0,995.0,99.0,171.0,candidate,
img_08_424798500_01234,data/raw/GC10-DET/3/img_08_424798500_01234.jpg,data/raw/GC10-DET/lable/img_08_424798500_01234.xml,3,img_08_424798500_01234.jpg,3_yueyawan,2,crescent_gap,222.0,1.0,592.0,503.0,370.0,502.0,candidate,
img_08_424798500_01234,data/raw/GC10-DET/3/img_08_424798500_01234.jpg,data/raw/GC10-DET/lable/img_08_424798500_01234.xml,3,img_08_424798500_01234.jpg,2_hanfeng,1,welding_line,1.0,104.0,282.0,157.0,281.0,53.0,candidate,
img_08_424799300_01132,data/raw/GC10-DET/3/img_08_424799300_01132.jpg,data/raw/GC10-DET/lable/img_08_424799300_01132.xml,3,img_08_424799300_01132.jpg,3_yueyawan,2,crescent_gap,97.0,294.0,440.0,870.0,343.0,576.0,candidate,
img_08_424799300_01132,data/raw/GC10-DET/3/img_08_424799300_01132.jpg,data/raw/GC10-DET/lable/img_08_424799300_01132.xml,3,img_08_424799300_01132.jpg,2_hanfeng,1,welding_line,10.0,548.0,169.0,616.0,159.0,68.0,candidate,
img_08_424799400_01079,data/raw/GC10-DET/3/img_08_424799400_01079.jpg,data/raw/GC10-DET/lable/img_08_424799400_01079.xml,3,img_08_424799400_01079.jpg,3_yueyawan,2,crescent_gap,123.0,1.0,422.0,357.0,299.0,356.0,candidate,
img_08_424799400_01080,data/raw/GC10-DET/3/img_08_424799400_01080.jpg,data/raw/GC10-DET/lable/img_08_424799400_01080.xml,3,img_08_424799400_01080.jpg,3_yueyawan,2,crescent_gap,92.0,712.0,435.0,1000.0,343.0,288.0,candidate,
img_08_424799600_00001,data/raw/GC10-DET/3/img_08_424799600_00001.jpg,data/raw/GC10-DET/lable/img_08_424799600_00001.xml,3,img_08_424799600_00001.jpg,3_yueyawan,2,crescent_gap,153.0,473.0,469.0,1000.0,316.0,527.0,candidate,
img_08_424799600_00001,data/raw/GC10-DET/3/img_08_424799600_00001.jpg,data/raw/GC10-DET/lable/img_08_424799600_00001.xml,3,img_08_424799600_00001.jpg,2_hanfeng,1,welding_line,12.0,696.0,220.0,778.0,208.0,82.0,candidate,
img_08_424826300_00950,data/raw/GC10-DET/3/img_08_424826300_00950.jpg,data/raw/GC10-DET/lable/img_08_424826300_00950.xml,3,img_08_424826300_00950.jpg,2_hanfeng,1,welding_line,5.0,534.0,679.0,617.0,674.0,83.0,candidate,
img_08_424826300_00950,data/raw/GC10-DET/3/img_08_424826300_00950.jpg,data/raw/GC10-DET/lable/img_08_424826300_00950.xml,3,img_08_424826300_00950.jpg,3_yueyawan,2,crescent_gap,571.0,260.0,902.0,899.0,331.0,639.0,candidate,
img_08_424826800_00002,data/raw/GC10-DET/3/img_08_424826800_00002.jpg,data/raw/GC10-DET/lable/img_08_424826800_00002.xml,3,img_08_424826800_00002.jpg,2_hanfeng,1,welding_line,1.0,566.0,644.0,678.0,643.0,112.0,candidate,
img_08_424826800_00002,data/raw/GC10-DET/3/img_08_424826800_00002.jpg,data/raw/GC10-DET/lable/img_08_424826800_00002.xml,3,img_08_424826800_00002.jpg,3_yueyawan,2,crescent_gap,559.0,278.0,871.0,898.0,312.0,620.0,candidate,
img_08_425006200_01173,data/raw/GC10-DET/3/img_08_425006200_01173.jpg,data/raw/GC10-DET/lable/img_08_425006200_01173.xml,3,img_08_425006200_01173.jpg,2_hanfeng,1,welding_line,18.0,806.0,1351.0,886.0,1333.0,80.0,candidate,
img_08_425006200_01173,data/raw/GC10-DET/3/img_08_425006200_01173.jpg,data/raw/GC10-DET/lable/img_08_425006200_01173.xml,3,img_08_425006200_01173.jpg,3_yueyawan,2,crescent_gap,1199.0,525.0,1514.0,1000.0,315.0,475.0,candidate,
img_08_425006600_00930,data/raw/GC10-DET/3/img_08_425006600_00930.jpg,data/raw/GC10-DET/lable/img_08_425006600_00930.xml,3,img_08_425006600_00930.jpg,2_hanfeng,1,welding_line,5.0,175.0,1230.0,268.0,1225.0,93.0,candidate,
img_08_425006600_00930,data/raw/GC10-DET/3/img_08_425006600_00930.jpg,data/raw/GC10-DET/lable/img_08_425006600_00930.xml,3,img_08_425006600_00930.jpg,3_yueyawan,2,crescent_gap,1161.0,3.0,1472.0,558.0,311.0,555.0,candidate,
img_08_425007500_01452,data/raw/GC10-DET/3/img_08_425007500_01452.jpg,data/raw/GC10-DET/lable/img_08_425007500_01452.xml,3,img_08_425007500_01452.jpg,3_yueyawan,2,crescent_gap,1077.0,178.0,1384.0,809.0,307.0,631.0,candidate,
img_08_425007500_01452,data/raw/GC10-DET/3/img_08_425007500_01452.jpg,data/raw/GC10-DET/lable/img_08_425007500_01452.xml,3,img_08_425007500_01452.jpg,2_hanfeng,1,welding_line,3.0,452.0,1189.0,557.0,1186.0,105.0,candidate,
img_08_425007600_01072,data/raw/GC10-DET/3/img_08_425007600_01072.jpg,data/raw/GC10-DET/lable/img_08_425007600_01072.xml,3,img_08_425007600_01072.jpg,2_hanfeng,1,welding_line,12.0,668.0,1126.0,788.0,1114.0,120.0,candidate,
img_08_425007600_01072,data/raw/GC10-DET/3/img_08_425007600_01072.jpg,data/raw/GC10-DET/lable/img_08_425007600_01072.xml,3,img_08_425007600_01072.jpg,3_yueyawan,2,crescent_gap,1036.0,457.0,1367.0,1000.0,331.0,543.0,candidate,
img_08_425008000_00823,data/raw/GC10-DET/3/img_08_425008000_00823.jpg,data/raw/GC10-DET/lable/img_08_425008000_00823.xml,3,img_08_425008000_00823.jpg,3_yueyawan,2,crescent_gap,979.0,484.0,1249.0,998.0,270.0,514.0,candidate,
img_08_425008000_00823,data/raw/GC10-DET/3/img_08_425008000_00823.jpg,data/raw/GC10-DET/lable/img_08_425008000_00823.xml,3,img_08_425008000_00823.jpg,2_hanfeng,1,welding_line,1.0,807.0,1081.0,874.0,1080.0,67.0,candidate,
img_08_425008500_00872,data/raw/GC10-DET/3/img_08_425008500_00872.jpg,data/raw/GC10-DET/lable/img_08_425008500_00872.xml,3,img_08_425008500_00872.jpg,3_yueyawan,2,crescent_gap,1007.0,1.0,1316.0,303.0,309.0,302.0,candidate,
img_08_425008500_00873,data/raw/GC10-DET/3/img_08_425008500_00873.jpg,data/raw/GC10-DET/lable/img_08_425008500_00873.xml,3,img_08_425008500_00873.jpg,3_yueyawan,2,crescent_gap,987.0,670.0,1296.0,1000.0,309.0,330.0,candidate,
img_08_425244400_00900,data/raw/GC10-DET/3/img_08_425244400_00900.jpg,data/raw/GC10-DET/lable/img_08_425244400_00900.xml,3,img_08_425244400_00900.jpg,3_yueyawan,2,crescent_gap,954.0,173.0,1267.0,744.0,313.0,571.0,candidate,
img_08_425244400_00900,data/raw/GC10-DET/3/img_08_425244400_00900.jpg,data/raw/GC10-DET/lable/img_08_425244400_00900.xml,3,img_08_425244400_00900.jpg,2_hanfeng,1,welding_line,1.0,430.0,1043.0,522.0,1042.0,92.0,candidate,
img_08_425382400_00001,data/raw/GC10-DET/2/img_08_425382400_00001.jpg,data/raw/GC10-DET/lable/img_08_425382400_00001.xml,2,img_08_425382400_00001.jpg,2_hanfeng,1,welding_line,18.0,621.0,1205.0,701.0,1187.0,80.0,candidate,
img_08_425391700_00089,data/raw/GC10-DET/5/img_08_425391700_00089.jpg,data/raw/GC10-DET/lable/img_08_425391700_00089.xml,5,img_08_425391700_00089.jpg,5_youban,4,oil_spot,797.0,265.0,984.0,380.0,187.0,115.0,candidate,
img_08_425391700_00095,data/raw/GC10-DET/5/img_08_425391700_00095.jpg,data/raw/GC10-DET/lable/img_08_425391700_00095.xml,5,img_08_425391700_00095.jpg,5_youban,4,oil_spot,810.0,253.0,1003.0,362.0,193.0,109.0,candidate,
img_08_425391700_00179,data/raw/GC10-DET/5/img_08_425391700_00179.jpg,data/raw/GC10-DET/lable/img_08_425391700_00179.xml,5,img_08_425391700_00179.jpg,5_youban,4,oil_spot,878.0,608.0,970.0,651.0,92.0,43.0,candidate,
img_08_425391700_00181,data/raw/GC10-DET/5/img_08_425391700_00181.jpg,data/raw/GC10-DET/lable/img_08_425391700_00181.xml,5,img_08_425391700_00181.jpg,5_youban,4,oil_spot,879.0,414.0,990.0,542.0,111.0,128.0,candidate,
img_08_425391700_00182,data/raw/GC10-DET/5/img_08_425391700_00182.jpg,data/raw/GC10-DET/lable/img_08_425391700_00182.xml,5,img_08_425391700_00182.jpg,5_youban,4,oil_spot,881.0,162.0,948.0,230.0,67.0,68.0,candidate,
img_08_425391700_00182,data/raw/GC10-DET/5/img_08_425391700_00182.jpg,data/raw/GC10-DET/lable/img_08_425391700_00182.xml,5,img_08_425391700_00182.jpg,5_youban,4,oil_spot,889.0,629.0,997.0,683.0,108.0,54.0,candidate,
img_08_425391700_00183,data/raw/GC10-DET/5/img_08_425391700_00183.jpg,data/raw/GC10-DET/lable/img_08_425391700_00183.xml,5,img_08_425391700_00183.jpg,5_youban,4,oil_spot,849.0,250.0,1003.0,342.0,154.0,92.0,candidate,
img_08_425391700_00184,data/raw/GC10-DET/5/img_08_425391700_00184.jpg,data/raw/GC10-DET/lable/img_08_425391700_00184.xml,5,img_08_425391700_00184.jpg,5_youban,4,oil_spot,892.0,463.0,981.0,578.0,89.0,115.0,candidate,
img_08_425391700_00184,data/raw/GC10-DET/5/img_08_425391700_00184.jpg,data/raw/GC10-DET/lable/img_08_425391700_00184.xml,5,img_08_425391700_00184.jpg,5_youban,4,oil_spot,874.0,27.0,961.0,101.0,87.0,74.0,candidate,
img_08_425391700_00185,data/raw/GC10-DET/5/img_08_425391700_00185.jpg,data/raw/GC10-DET/lable/img_08_425391700_00185.xml,5,img_08_425391700_00185.jpg,5_youban,4,oil_spot,894.0,114.0,974.0,180.0,80.0,66.0,candidate,
img_08_425391700_00185,data/raw/GC10-DET/5/img_08_425391700_00185.jpg,data/raw/GC10-DET/lable/img_08_425391700_00185.xml,5,img_08_425391700_00185.jpg,5_youban,4,oil_spot,881.0,717.0,983.0,825.0,102.0,108.0,candidate,
img_08_425391700_00187,data/raw/GC10-DET/5/img_08_425391700_00187.jpg,data/raw/GC10-DET/lable/img_08_425391700_00187.xml,5,img_08_425391700_00187.jpg,5_youban,4,oil_spot,867.0,388.0,997.0,514.0,130.0,126.0,candidate,
img_08_425391700_00188,data/raw/GC10-DET/5/img_08_425391700_00188.jpg,data/raw/GC10-DET/lable/img_08_425391700_00188.xml,5,img_08_425391700_00188.jpg,5_youban,4,oil_spot,862.0,135.0,956.0,227.0,94.0,92.0,candidate,
img_08_425391700_00188,data/raw/GC10-DET/5/img_08_425391700_00188.jpg,data/raw/GC10-DET/lable/img_08_425391700_00188.xml,5,img_08_425391700_00188.jpg,5_youban,4,oil_spot,894.0,578.0,974.0,668.0,80.0,90.0,candidate,
img_08_425391700_00189,data/raw/GC10-DET/5/img_08_425391700_00189.jpg,data/raw/GC10-DET/lable/img_08_425391700_00189.xml,5,img_08_425391700_00189.jpg,5_youban,4,oil_spot,848.0,237.0,987.0,325.0,139.0,88.0,candidate,
img_08_425391700_00191,data/raw/GC10-DET/5/img_08_425391700_00191.jpg,data/raw/GC10-DET/lable/img_08_425391700_00191.xml,5,img_08_425391700_00191.jpg,5_youban,4,oil_spot,864.0,80.0,974.0,158.0,110.0,78.0,candidate,
img_08_425391700_00191,data/raw/GC10-DET/5/img_08_425391700_00191.jpg,data/raw/GC10-DET/lable/img_08_425391700_00191.xml,5,img_08_425391700_00191.jpg,5_youban,4,oil_spot,866.0,476.0,961.0,694.0,95.0,218.0,candidate,
img_08_425391700_00198,data/raw/GC10-DET/5/img_08_425391700_00198.jpg,data/raw/GC10-DET/lable/img_08_425391700_00198.xml,5,img_08_425391700_00198.jpg,5_youban,4,oil_spot,881.0,184.0,969.0,347.0,88.0,163.0,candidate,
img_08_425391700_00198,data/raw/GC10-DET/5/img_08_425391700_00198.jpg,data/raw/GC10-DET/lable/img_08_425391700_00198.xml,5,img_08_425391700_00198.jpg,5_youban,4,oil_spot,882.0,625.0,977.0,701.0,95.0,76.0,candidate,
img_08_425391800_00054,data/raw/GC10-DET/3/img_08_425391800_00054.jpg,data/raw/GC10-DET/lable/img_08_425391800_00054.xml,3,img_08_425391800_00054.jpg,3_yueyawan,2,crescent_gap,1007.0,21.0,1417.0,686.0,410.0,665.0,candidate,
img_08_425391800_00054,data/raw/GC10-DET/3/img_08_425391800_00054.jpg,data/raw/GC10-DET/lable/img_08_425391800_00054.xml,3,img_08_425391800_00054.jpg,2_hanfeng,1,welding_line,1.0,228.0,1059.0,336.0,1058.0,108.0,candidate,
img_08_425501100_00051,data/raw/GC10-DET/10/img_08_425501100_00051.jpg,data/raw/GC10-DET/lable/img_08_425501100_00051.xml,10,img_08_425501100_00051.jpg,10_yaozhed,9,waist_folding,17.0,1.0,222.0,371.0,205.0,370.0,candidate,
img_08_425502100_00053,data/raw/GC10-DET/2/img_08_425502100_00053.jpg,data/raw/GC10-DET/lable/img_08_425502100_00053.xml,2,img_08_425502100_00053.jpg,2_hanfeng,1,welding_line,3.0,468.0,1072.0,562.0,1069.0,94.0,candidate,
img_08_425502200_00054,data/raw/GC10-DET/2/img_08_425502200_00054.jpg,data/raw/GC10-DET/lable/img_08_425502200_00054.xml,2,img_08_425502200_00054.jpg,2_hanfeng,1,welding_line,5.0,673.0,1069.0,735.0,1064.0,62.0,candidate,
img_08_425502300_00053,data/raw/GC10-DET/3/img_08_425502300_00053.jpg,data/raw/GC10-DET/lable/img_08_425502300_00053.xml,3,img_08_425502300_00053.jpg,3_yueyawan,2,crescent_gap,996.0,16.0,1320.0,577.0,324.0,561.0,candidate,
img_08_425502300_00053,data/raw/GC10-DET/3/img_08_425502300_00053.jpg,data/raw/GC10-DET/lable/img_08_425502300_00053.xml,3,img_08_425502300_00053.jpg,2_hanfeng,1,welding_line,1.0,242.0,1138.0,304.0,1137.0,62.0,candidate,
img_08_425502600_00052,data/raw/GC10-DET/3/img_08_425502600_00052.jpg,data/raw/GC10-DET/lable/img_08_425502600_00052.xml,3,img_08_425502600_00052.jpg,3_yueyawan,2,crescent_gap,944.0,1.0,1259.0,332.0,315.0,331.0,candidate,
img_08_425502600_00053,data/raw/GC10-DET/3/img_08_425502600_00053.jpg,data/raw/GC10-DET/lable/img_08_425502600_00053.xml,3,img_08_425502600_00053.jpg,3_yueyawan,2,crescent_gap,931.0,730.0,1187.0,1000.0,256.0,270.0,candidate,
img_08_425502600_00053,data/raw/GC10-DET/3/img_08_425502600_00053.jpg,data/raw/GC10-DET/lable/img_08_425502600_00053.xml,3,img_08_425502600_00053.jpg,2_hanfeng,1,welding_line,3.0,948.0,1030.0,994.0,1027.0,46.0,candidate,
img_08_425502700_00052,data/raw/GC10-DET/3/img_08_425502700_00052.jpg,data/raw/GC10-DET/lable/img_08_425502700_00052.xml,3,img_08_425502700_00052.jpg,3_yueyawan,2,crescent_gap,920.0,180.0,1189.0,783.0,269.0,603.0,candidate,
img_08_425502700_00052,data/raw/GC10-DET/3/img_08_425502700_00052.jpg,data/raw/GC10-DET/lable/img_08_425502700_00052.xml,3,img_08_425502700_00052.jpg,2_hanfeng,1,welding_line,13.0,424.0,979.0,507.0,966.0,83.0,candidate,
img_08_425502900_00052,data/raw/GC10-DET/3/img_08_425502900_00052.jpg,data/raw/GC10-DET/lable/img_08_425502900_00052.xml,3,img_08_425502900_00052.jpg,3_yueyawan,2,crescent_gap,918.0,1.0,1185.0,350.0,267.0,349.0,candidate,
img_08_425502900_00052,data/raw/GC10-DET/3/img_08_425502900_00052.jpg,data/raw/GC10-DET/lable/img_08_425502900_00052.xml,3,img_08_425502900_00052.jpg,2_hanfeng,1,welding_line,12.0,6.0,999.0,75.0,987.0,69.0,candidate,
img_08_425502900_00053,data/raw/GC10-DET/3/img_08_425502900_00053.jpg,data/raw/GC10-DET/lable/img_08_425502900_00053.xml,3,img_08_425502900_00053.jpg,3_yueyawan,2,crescent_gap,930.0,762.0,1162.0,1000.0,232.0,238.0,candidate,
img_08_425503000_00053,data/raw/GC10-DET/2/img_08_425503000_00053.jpg,data/raw/GC10-DET/lable/img_08_425503000_00053.xml,2,img_08_425503000_00053.jpg,2_hanfeng,1,welding_line,7.0,627.0,1017.0,706.0,1010.0,79.0,candidate,
img_08_425503100_00053,data/raw/GC10-DET/3/img_08_425503100_00053.jpg,data/raw/GC10-DET/lable/img_08_425503100_00053.xml,3,img_08_425503100_00053.jpg,3_yueyawan,2,crescent_gap,887.0,495.0,1183.0,996.0,296.0,501.0,candidate,
img_08_425503100_00053,data/raw/GC10-DET/3/img_08_425503100_00053.jpg,data/raw/GC10-DET/lable/img_08_425503100_00053.xml,3,img_08_425503100_00053.jpg,2_hanfeng,1,welding_line,5.0,780.0,1015.0,868.0,1010.0,88.0,candidate,
img_08_425503300_00053,data/raw/GC10-DET/3/img_08_425503300_00053.jpg,data/raw/GC10-DET/lable/img_08_425503300_00053.xml,3,img_08_425503300_00053.jpg,3_yueyawan,2,crescent_gap,879.0,437.0,1151.0,1000.0,272.0,563.0,candidate,
img_08_425503300_00053,data/raw/GC10-DET/3/img_08_425503300_00053.jpg,data/raw/GC10-DET/lable/img_08_425503300_00053.xml,3,img_08_425503300_00053.jpg,2_hanfeng,1,welding_line,18.0,621.0,1046.0,704.0,1028.0,83.0,candidate,
img_08_425503400_00052,data/raw/GC10-DET/3/img_08_425503400_00052.jpg,data/raw/GC10-DET/lable/img_08_425503400_00052.xml,3,img_08_425503400_00052.jpg,3_yueyawan,2,crescent_gap,887.0,1.0,1148.0,255.0,261.0,254.0,candidate,
img_08_425503400_00053,data/raw/GC10-DET/3/img_08_425503400_00053.jpg,data/raw/GC10-DET/lable/img_08_425503400_00053.xml,3,img_08_425503400_00053.jpg,3_yueyawan,2,crescent_gap,894.0,671.0,1167.0,1000.0,273.0,329.0,candidate,
img_08_425503400_00053,data/raw/GC10-DET/3/img_08_425503400_00053.jpg,data/raw/GC10-DET/lable/img_08_425503400_00053.xml,3,img_08_425503400_00053.jpg,2_hanfeng,1,welding_line,13.0,948.0,1015.0,998.0,1002.0,50.0,candidate,
img_08_425503500_00054,data/raw/GC10-DET/3/img_08_425503500_00054.jpg,data/raw/GC10-DET/lable/img_08_425503500_00054.xml,3,img_08_425503500_00054.jpg,3_yueyawan,2,crescent_gap,859.0,580.0,1141.0,1000.0,282.0,420.0,candidate,
img_08_425503500_00054,data/raw/GC10-DET/3/img_08_425503500_00054.jpg,data/raw/GC10-DET/lable/img_08_425503500_00054.xml,3,img_08_425503500_00054.jpg,2_hanfeng,1,welding_line,12.0,884.0,964.0,960.0,952.0,76.0,candidate,
img_08_425503600_00053,data/raw/GC10-DET/3/img_08_425503600_00053.jpg,data/raw/GC10-DET/lable/img_08_425503600_00053.xml,3,img_08_425503600_00053.jpg,3_yueyawan,2,crescent_gap,854.0,268.0,1228.0,884.0,374.0,616.0,candidate,
img_08_425503600_00053,data/raw/GC10-DET/3/img_08_425503600_00053.jpg,data/raw/GC10-DET/lable/img_08_425503600_00053.xml,3,img_08_425503600_00053.jpg,2_hanfeng,1,welding_line,12.0,522.0,958.0,624.0,946.0,102.0,candidate,
img_08_425503800_00052,data/raw/GC10-DET/3/img_08_425503800_00052.jpg,data/raw/GC10-DET/lable/img_08_425503800_00052.xml,3,img_08_425503800_00052.jpg,3_yueyawan,2,crescent_gap,903.0,1.0,1226.0,344.0,323.0,343.0,candidate,
img_08_425503800_00053,data/raw/GC10-DET/3/img_08_425503800_00053.jpg,data/raw/GC10-DET/lable/img_08_425503800_00053.xml,3,img_08_425503800_00053.jpg,3_yueyawan,2,crescent_gap,889.0,721.0,1169.0,1000.0,280.0,279.0,candidate,
img_08_425504800_00052,data/raw/GC10-DET/3/img_08_425504800_00052.jpg,data/raw/GC10-DET/lable/img_08_425504800_00052.xml,3,img_08_425504800_00052.jpg,3_yueyawan,2,crescent_gap,435.0,1.0,889.0,366.0,454.0,365.0,candidate,
img_08_425504800_00053,data/raw/GC10-DET/3/img_08_425504800_00053.jpg,data/raw/GC10-DET/lable/img_08_425504800_00053.xml,3,img_08_425504800_00053.jpg,3_yueyawan,2,crescent_gap,369.0,152.0,833.0,1000.0,464.0,848.0,candidate,
img_08_425504800_00053,data/raw/GC10-DET/3/img_08_425504800_00053.jpg,data/raw/GC10-DET/lable/img_08_425504800_00053.xml,3,img_08_425504800_00053.jpg,2_hanfeng,1,welding_line,3.0,671.0,477.0,776.0,474.0,105.0,candidate,
img_08_425505000_00051,data/raw/GC10-DET/3/img_08_425505000_00051.jpg,data/raw/GC10-DET/lable/img_08_425505000_00051.xml,3,img_08_425505000_00051.jpg,3_yueyawan,2,crescent_gap,272.0,685.0,740.0,1000.0,468.0,315.0,candidate,
img_08_425505100_00052,data/raw/GC10-DET/3/img_08_425505100_00052.jpg,data/raw/GC10-DET/lable/img_08_425505100_00052.xml,3,img_08_425505100_00052.jpg,3_yueyawan,2,crescent_gap,495.0,1.0,835.0,276.0,340.0,275.0,candidate,
img_08_425505100_00053,data/raw/GC10-DET/3/img_08_425505100_00053.jpg,data/raw/GC10-DET/lable/img_08_425505100_00053.xml,3,img_08_425505100_00053.jpg,3_yueyawan,2,crescent_gap,461.0,588.0,724.0,1000.0,263.0,412.0,candidate,
img_08_425505100_00053,data/raw/GC10-DET/3/img_08_425505100_00053.jpg,data/raw/GC10-DET/lable/img_08_425505100_00053.xml,3,img_08_425505100_00053.jpg,2_hanfeng,1,welding_line,15.0,830.0,507.0,912.0,492.0,82.0,candidate,
img_08_425505500_00052,data/raw/GC10-DET/3/img_08_425505500_00052.jpg,data/raw/GC10-DET/lable/img_08_425505500_00052.xml,3,img_08_425505500_00052.jpg,3_yueyawan,2,crescent_gap,184.0,1.0,695.0,524.0,511.0,523.0,candidate,
img_08_425505500_00053,data/raw/GC10-DET/3/img_08_425505500_00053.jpg,data/raw/GC10-DET/lable/img_08_425505500_00053.xml,3,img_08_425505500_00053.jpg,3_yueyawan,2,crescent_gap,170.0,255.0,685.0,1000.0,515.0,745.0,candidate,
img_08_425505500_00053,data/raw/GC10-DET/3/img_08_425505500_00053.jpg,data/raw/GC10-DET/lable/img_08_425505500_00053.xml,3,img_08_425505500_00053.jpg,2_hanfeng,1,welding_line,1.0,837.0,266.0,917.0,265.0,80.0,candidate,
img_08_425506100_00159,data/raw/GC10-DET/7/img_08_425506100_00159.jpg,data/raw/GC10-DET/lable/img_08_425506100_00159.xml,7,img_08_425506100_00159.jpg,7_yiwu,6,inclusion,462.0,909.0,510.0,951.0,48.0,42.0,candidate,
img_08_425506100_00161,data/raw/GC10-DET/7/img_08_425506100_00161.jpg,data/raw/GC10-DET/lable/img_08_425506100_00161.xml,7,img_08_425506100_00161.jpg,7_yiwu,6,inclusion,461.0,736.0,511.0,811.0,50.0,75.0,candidate,
img_08_425506100_00260,data/raw/GC10-DET/7/img_08_425506100_00260.jpg,data/raw/GC10-DET/lable/img_08_425506100_00260.xml,7,img_08_425506100_00260.jpg,7_yiwu,6,inclusion,454.0,600.0,489.0,637.0,35.0,37.0,candidate,
img_08_425506100_00260,data/raw/GC10-DET/7/img_08_425506100_00260.jpg,data/raw/GC10-DET/lable/img_08_425506100_00260.xml,7,img_08_425506100_00260.jpg,7_yiwu,6,inclusion,499.0,600.0,540.0,909.0,41.0,309.0,candidate,
img_08_425506100_00400,data/raw/GC10-DET/7/img_08_425506100_00400.jpg,data/raw/GC10-DET/lable/img_08_425506100_00400.xml,7,img_08_425506100_00400.jpg,7_yiwu,6,inclusion,467.0,387.0,497.0,429.0,30.0,42.0,candidate,
img_08_425506100_00400,data/raw/GC10-DET/7/img_08_425506100_00400.jpg,data/raw/GC10-DET/lable/img_08_425506100_00400.xml,7,img_08_425506100_00400.jpg,7_yiwu,6,inclusion,455.0,455.0,493.0,490.0,38.0,35.0,candidate,
img_08_425506100_01047,data/raw/GC10-DET/5/img_08_425506100_01047.jpg,data/raw/GC10-DET/lable/img_08_425506100_01047.xml,5,img_08_425506100_01047.jpg,5_youban,4,oil_spot,479.0,455.0,536.0,550.0,57.0,95.0,candidate,
img_08_425506100_01047,data/raw/GC10-DET/5/img_08_425506100_01047.jpg,data/raw/GC10-DET/lable/img_08_425506100_01047.xml,5,img_08_425506100_01047.jpg,5_youban,4,oil_spot,456.0,662.0,528.0,711.0,72.0,49.0,candidate,
img_08_425506100_01049,data/raw/GC10-DET/5/img_08_425506100_01049.jpg,data/raw/GC10-DET/lable/img_08_425506100_01049.xml,5,img_08_425506100_01049.jpg,5_youban,4,oil_spot,484.0,317.0,533.0,350.0,49.0,33.0,candidate,
img_08_425506100_01049,data/raw/GC10-DET/5/img_08_425506100_01049.jpg,data/raw/GC10-DET/lable/img_08_425506100_01049.xml,5,img_08_425506100_01049.jpg,5_youban,4,oil_spot,464.0,460.0,507.0,542.0,43.0,82.0,candidate,
img_08_425506100_01051,data/raw/GC10-DET/5/img_08_425506100_01051.jpg,data/raw/GC10-DET/lable/img_08_425506100_01051.xml,5,img_08_425506100_01051.jpg,5_youban,4,oil_spot,456.0,155.0,558.0,248.0,102.0,93.0,candidate,
img_08_425506100_01051,data/raw/GC10-DET/5/img_08_425506100_01051.jpg,data/raw/GC10-DET/lable/img_08_425506100_01051.xml,5,img_08_425506100_01051.jpg,5_youban,4,oil_spot,461.0,317.0,515.0,401.0,54.0,84.0,candidate,
img_08_425506100_01053,data/raw/GC10-DET/5/img_08_425506100_01053.jpg,data/raw/GC10-DET/lable/img_08_425506100_01053.xml,5,img_08_425506100_01053.jpg,5_youban,4,oil_spot,423.0,29.0,535.0,104.0,112.0,75.0,candidate,
img_08_425506100_01053,data/raw/GC10-DET/5/img_08_425506100_01053.jpg,data/raw/GC10-DET/lable/img_08_425506100_01053.xml,5,img_08_425506100_01053.jpg,5_youban,4,oil_spot,456.0,164.0,525.0,253.0,69.0,89.0,candidate,
img_08_425506100_01058,data/raw/GC10-DET/5/img_08_425506100_01058.jpg,data/raw/GC10-DET/lable/img_08_425506100_01058.xml,5,img_08_425506100_01058.jpg,5_youban,4,oil_spot,446.0,688.0,546.0,753.0,100.0,65.0,candidate,
img_08_425506100_01058,data/raw/GC10-DET/5/img_08_425506100_01058.jpg,data/raw/GC10-DET/lable/img_08_425506100_01058.xml,5,img_08_425506100_01058.jpg,5_youban,4,oil_spot,458.0,830.0,515.0,924.0,57.0,94.0,candidate,
img_08_425506100_01064,data/raw/GC10-DET/7/img_08_425506100_01064.jpg,data/raw/GC10-DET/lable/img_08_425506100_01064.xml,7,img_08_425506100_01064.jpg,7_yiwu,6,inclusion,482.0,199.0,543.0,245.0,61.0,46.0,candidate,
img_08_425506100_01064,data/raw/GC10-DET/7/img_08_425506100_01064.jpg,data/raw/GC10-DET/lable/img_08_425506100_01064.xml,7,img_08_425506100_01064.jpg,7_yiwu,6,inclusion,427.0,246.0,496.0,290.0,69.0,44.0,candidate,
img_08_425506100_01064,data/raw/GC10-DET/7/img_08_425506100_01064.jpg,data/raw/GC10-DET/lable/img_08_425506100_01064.xml,7,img_08_425506100_01064.jpg,7_yiwu,6,inclusion,469.0,353.0,499.0,429.0,30.0,76.0,candidate,
img_08_425506100_01068,data/raw/GC10-DET/7/img_08_425506100_01068.jpg,data/raw/GC10-DET/lable/img_08_425506100_01068.xml,7,img_08_425506100_01068.jpg,7_yiwu,6,inclusion,467.0,90.0,500.0,158.0,33.0,68.0,candidate,
img_08_425506600_00952,data/raw/GC10-DET/7/img_08_425506600_00952.jpg,data/raw/GC10-DET/lable/img_08_425506600_00952.xml,7,img_08_425506600_00952.jpg,7_yiwu,6,inclusion,423.0,826.0,467.0,927.0,44.0,101.0,candidate,
img_08_425507200_00333,data/raw/GC10-DET/7/img_08_425507200_00333.jpg,data/raw/GC10-DET/lable/img_08_425507200_00333.xml,7,img_08_425507200_00333.jpg,7_yiwu,6,inclusion,423.0,59.0,463.0,143.0,40.0,84.0,candidate,
img_08_425507200_00333,data/raw/GC10-DET/7/img_08_425507200_00333.jpg,data/raw/GC10-DET/lable/img_08_425507200_00333.xml,7,img_08_425507200_00333.jpg,6_siban,5,silk_spot,1.0,15.0,253.0,973.0,252.0,958.0,candidate,
img_08_425507600_00361,data/raw/GC10-DET/5/img_08_425507600_00361.jpg,data/raw/GC10-DET/lable/img_08_425507600_00361.xml,5,img_08_425507600_00361.jpg,5_youban,4,oil_spot,413.0,666.0,479.0,717.0,66.0,51.0,candidate,
img_08_425507600_00361,data/raw/GC10-DET/5/img_08_425507600_00361.jpg,data/raw/GC10-DET/lable/img_08_425507600_00361.xml,5,img_08_425507600_00361.jpg,6_siban,5,silk_spot,1.0,115.0,338.0,877.0,337.0,762.0,candidate,
img_08_425508100_00977,data/raw/GC10-DET/7/img_08_425508100_00977.jpg,data/raw/GC10-DET/lable/img_08_425508100_00977.xml,7,img_08_425508100_00977.jpg,7_yiwu,6,inclusion,428.0,339.0,458.0,375.0,30.0,36.0,candidate,
img_08_425508100_01294,data/raw/GC10-DET/7/img_08_425508100_01294.jpg,data/raw/GC10-DET/lable/img_08_425508100_01294.xml,7,img_08_425508100_01294.jpg,7_yiwu,6,inclusion,427.0,619.0,464.0,668.0,37.0,49.0,candidate,
img_08_425508100_01398,data/raw/GC10-DET/5/img_08_425508100_01398.jpg,data/raw/GC10-DET/lable/img_08_425508100_01398.xml,5,img_08_425508100_01398.jpg,5_youban,4,oil_spot,410.0,119.0,481.0,170.0,71.0,51.0,candidate,
img_08_425508100_01404,data/raw/GC10-DET/7/img_08_425508100_01404.jpg,data/raw/GC10-DET/lable/img_08_425508100_01404.xml,7,img_08_425508100_01404.jpg,7_yiwu,6,inclusion,411.0,133.0,464.0,195.0,53.0,62.0,candidate,
img_08_425508100_01618,data/raw/GC10-DET/5/img_08_425508100_01618.jpg,data/raw/GC10-DET/lable/img_08_425508100_01618.xml,5,img_08_425508100_01618.jpg,5_youban,4,oil_spot,422.0,121.0,479.0,196.0,57.0,75.0,candidate,
img_08_425508100_01624,data/raw/GC10-DET/7/img_08_425508100_01624.jpg,data/raw/GC10-DET/lable/img_08_425508100_01624.xml,7,img_08_425508100_01624.jpg,7_yiwu,6,inclusion,413.0,148.0,468.0,230.0,55.0,82.0,candidate,
img_08_425508200_00024,data/raw/GC10-DET/7/img_08_425508200_00024.jpg,data/raw/GC10-DET/lable/img_08_425508200_00024.xml,7,img_08_425508200_00024.jpg,7_yiwu,6,inclusion,428.0,360.0,462.0,403.0,34.0,43.0,candidate,
img_08_425508200_00024,data/raw/GC10-DET/7/img_08_425508200_00024.jpg,data/raw/GC10-DET/lable/img_08_425508200_00024.xml,7,img_08_425508200_00024.jpg,7_yiwu,6,inclusion,424.0,609.0,458.0,655.0,34.0,46.0,candidate,
img_08_425508200_00033,data/raw/GC10-DET/7/img_08_425508200_00033.jpg,data/raw/GC10-DET/lable/img_08_425508200_00033.xml,7,img_08_425508200_00033.jpg,7_yiwu,6,inclusion,421.0,273.0,460.0,341.0,39.0,68.0,candidate,
img_08_425508200_00033,data/raw/GC10-DET/7/img_08_425508200_00033.jpg,data/raw/GC10-DET/lable/img_08_425508200_00033.xml,7,img_08_425508200_00033.jpg,7_yiwu,6,inclusion,426.0,437.0,466.0,484.0,40.0,47.0,candidate,
img_08_425508200_00033,data/raw/GC10-DET/7/img_08_425508200_00033.jpg,data/raw/GC10-DET/lable/img_08_425508200_00033.xml,7,img_08_425508200_00033.jpg,7_yiwu,6,inclusion,425.0,575.0,470.0,619.0,45.0,44.0,candidate,
img_08_425508200_00043,data/raw/GC10-DET/5/img_08_425508200_00043.jpg,data/raw/GC10-DET/lable/img_08_425508200_00043.xml,5,img_08_425508200_00043.jpg,5_youban,4,oil_spot,407.0,21.0,458.0,357.0,51.0,336.0,candidate,
img_08_425508200_00046,data/raw/GC10-DET/5/img_08_425508200_00046.jpg,data/raw/GC10-DET/lable/img_08_425508200_00046.xml,5,img_08_425508200_00046.jpg,5_youban,4,oil_spot,417.0,132.0,471.0,198.0,54.0,66.0,candidate,
img_08_425508200_00046,data/raw/GC10-DET/5/img_08_425508200_00046.jpg,data/raw/GC10-DET/lable/img_08_425508200_00046.xml,5,img_08_425508200_00046.jpg,5_youban,4,oil_spot,394.0,560.0,459.0,996.0,65.0,436.0,candidate,
img_08_425508200_00359,data/raw/GC10-DET/7/img_08_425508200_00359.jpg,data/raw/GC10-DET/lable/img_08_425508200_00359.xml,7,img_08_425508200_00359.jpg,7_yiwu,6,inclusion,421.0,171.0,467.0,201.0,46.0,30.0,candidate,
img_08_425508200_00359,data/raw/GC10-DET/7/img_08_425508200_00359.jpg,data/raw/GC10-DET/lable/img_08_425508200_00359.xml,7,img_08_425508200_00359.jpg,7_yiwu,6,inclusion,374.0,203.0,418.0,239.0,44.0,36.0,candidate,
img_08_425508200_00359,data/raw/GC10-DET/7/img_08_425508200_00359.jpg,data/raw/GC10-DET/lable/img_08_425508200_00359.xml,7,img_08_425508200_00359.jpg,7_yiwu,6,inclusion,371.0,266.0,430.0,301.0,59.0,35.0,candidate,
img_08_425508200_00359,data/raw/GC10-DET/7/img_08_425508200_00359.jpg,data/raw/GC10-DET/lable/img_08_425508200_00359.xml,7,img_08_425508200_00359.jpg,7_yiwu,6,inclusion,425.0,844.0,500.0,903.0,75.0,59.0,candidate,
img_08_425508200_00359,data/raw/GC10-DET/7/img_08_425508200_00359.jpg,data/raw/GC10-DET/lable/img_08_425508200_00359.xml,7,img_08_425508200_00359.jpg,7_yiwu,6,inclusion,399.0,23.0,428.0,62.0,29.0,39.0,candidate,
img_08_425508200_00359,data/raw/GC10-DET/7/img_08_425508200_00359.jpg,data/raw/GC10-DET/lable/img_08_425508200_00359.xml,7,img_08_425508200_00359.jpg,6_siban,5,silk_spot,3.0,16.0,225.0,966.0,222.0,950.0,candidate,
img_08_425508200_00361,data/raw/GC10-DET/7/img_08_425508200_00361.jpg,data/raw/GC10-DET/lable/img_08_425508200_00361.xml,7,img_08_425508200_00361.jpg,7_yiwu,6,inclusion,397.0,288.0,445.0,340.0,48.0,52.0,candidate,
img_08_425508200_00361,data/raw/GC10-DET/7/img_08_425508200_00361.jpg,data/raw/GC10-DET/lable/img_08_425508200_00361.xml,7,img_08_425508200_00361.jpg,7_yiwu,6,inclusion,384.0,9.0,432.0,68.0,48.0,59.0,candidate,
img_08_425508200_00361,data/raw/GC10-DET/7/img_08_425508200_00361.jpg,data/raw/GC10-DET/lable/img_08_425508200_00361.xml,7,img_08_425508200_00361.jpg,7_yiwu,6,inclusion,376.0,94.0,417.0,147.0,41.0,53.0,candidate,
img_08_425508200_00361,data/raw/GC10-DET/7/img_08_425508200_00361.jpg,data/raw/GC10-DET/lable/img_08_425508200_00361.xml,7,img_08_425508200_00361.jpg,7_yiwu,6,inclusion,400.0,733.0,461.0,789.0,61.0,56.0,candidate,
img_08_425508200_00361,data/raw/GC10-DET/7/img_08_425508200_00361.jpg,data/raw/GC10-DET/lable/img_08_425508200_00361.xml,7,img_08_425508200_00361.jpg,7_yiwu,6,inclusion,377.0,451.0,431.0,590.0,54.0,139.0,candidate,
img_08_425508200_00361,data/raw/GC10-DET/7/img_08_425508200_00361.jpg,data/raw/GC10-DET/lable/img_08_425508200_00361.xml,7,img_08_425508200_00361.jpg,6_siban,5,silk_spot,1.0,45.0,238.0,927.0,237.0,882.0,candidate,
img_08_425508200_00363,data/raw/GC10-DET/7/img_08_425508200_00363.jpg,data/raw/GC10-DET/lable/img_08_425508200_00363.xml,7,img_08_425508200_00363.jpg,7_yiwu,6,inclusion,392.0,150.0,444.0,196.0,52.0,46.0,candidate,
img_08_425508200_00363,data/raw/GC10-DET/7/img_08_425508200_00363.jpg,data/raw/GC10-DET/lable/img_08_425508200_00363.xml,7,img_08_425508200_00363.jpg,7_yiwu,6,inclusion,400.0,595.0,460.0,651.0,60.0,56.0,candidate,
img_08_425508200_00363,data/raw/GC10-DET/7/img_08_425508200_00363.jpg,data/raw/GC10-DET/lable/img_08_425508200_00363.xml,7,img_08_425508200_00363.jpg,6_siban,5,silk_spot,1.0,51.0,265.0,947.0,264.0,896.0,candidate,
img_08_425508200_00364,data/raw/GC10-DET/7/img_08_425508200_00364.jpg,data/raw/GC10-DET/lable/img_08_425508200_00364.xml,7,img_08_425508200_00364.jpg,7_yiwu,6,inclusion,452.0,78.0,495.0,109.0,43.0,31.0,candidate,
img_08_425508200_00364,data/raw/GC10-DET/7/img_08_425508200_00364.jpg,data/raw/GC10-DET/lable/img_08_425508200_00364.xml,7,img_08_425508200_00364.jpg,7_yiwu,6,inclusion,402.0,135.0,446.0,181.0,44.0,46.0,candidate,
img_08_425508200_00364,data/raw/GC10-DET/7/img_08_425508200_00364.jpg,data/raw/GC10-DET/lable/img_08_425508200_00364.xml,7,img_08_425508200_00364.jpg,7_yiwu,6,inclusion,407.0,258.0,447.0,291.0,40.0,33.0,candidate,
img_08_425508200_00364,data/raw/GC10-DET/7/img_08_425508200_00364.jpg,data/raw/GC10-DET/lable/img_08_425508200_00364.xml,7,img_08_425508200_00364.jpg,7_yiwu,6,inclusion,370.0,887.0,419.0,960.0,49.0,73.0,candidate,
img_08_425508200_00364,data/raw/GC10-DET/7/img_08_425508200_00364.jpg,data/raw/GC10-DET/lable/img_08_425508200_00364.xml,7,img_08_425508200_00364.jpg,7_yiwu,6,inclusion,413.0,843.0,466.0,909.0,53.0,66.0,candidate,
img_08_425508200_00375,data/raw/GC10-DET/7/img_08_425508200_00375.jpg,data/raw/GC10-DET/lable/img_08_425508200_00375.xml,7,img_08_425508200_00375.jpg,7_yiwu,6,inclusion,389.0,206.0,445.0,250.0,56.0,44.0,candidate,
img_08_425508200_00375,data/raw/GC10-DET/7/img_08_425508200_00375.jpg,data/raw/GC10-DET/lable/img_08_425508200_00375.xml,7,img_08_425508200_00375.jpg,7_yiwu,6,inclusion,444.0,384.0,489.0,424.0,45.0,40.0,candidate,
img_08_425508200_00375,data/raw/GC10-DET/7/img_08_425508200_00375.jpg,data/raw/GC10-DET/lable/img_08_425508200_00375.xml,7,img_08_425508200_00375.jpg,7_yiwu,6,inclusion,382.0,460.0,445.0,500.0,63.0,40.0,candidate,
img_08_425508200_00375,data/raw/GC10-DET/7/img_08_425508200_00375.jpg,data/raw/GC10-DET/lable/img_08_425508200_00375.xml,7,img_08_425508200_00375.jpg,6_siban,5,silk_spot,1.0,16.0,190.0,898.0,189.0,882.0,candidate,
img_08_425508200_00402,data/raw/GC10-DET/5/img_08_425508200_00402.jpg,data/raw/GC10-DET/lable/img_08_425508200_00402.xml,5,img_08_425508200_00402.jpg,5_youban,4,oil_spot,381.0,229.0,435.0,278.0,54.0,49.0,candidate,
img_08_425508200_00402,data/raw/GC10-DET/5/img_08_425508200_00402.jpg,data/raw/GC10-DET/lable/img_08_425508200_00402.xml,5,img_08_425508200_00402.jpg,5_youban,4,oil_spot,413.0,373.0,459.0,466.0,46.0,93.0,candidate,
img_08_425508200_00402,data/raw/GC10-DET/5/img_08_425508200_00402.jpg,data/raw/GC10-DET/lable/img_08_425508200_00402.xml,5,img_08_425508200_00402.jpg,5_youban,4,oil_spot,394.0,535.0,459.0,584.0,65.0,49.0,candidate,
img_08_425508200_00402,data/raw/GC10-DET/5/img_08_425508200_00402.jpg,data/raw/GC10-DET/lable/img_08_425508200_00402.xml,5,img_08_425508200_00402.jpg,5_youban,4,oil_spot,377.0,665.0,441.0,737.0,64.0,72.0,candidate,
img_08_425508200_00402,data/raw/GC10-DET/5/img_08_425508200_00402.jpg,data/raw/GC10-DET/lable/img_08_425508200_00402.xml,5,img_08_425508200_00402.jpg,5_youban,4,oil_spot,376.0,752.0,438.0,791.0,62.0,39.0,candidate,
img_08_425508200_00403,data/raw/GC10-DET/5/img_08_425508200_00403.jpg,data/raw/GC10-DET/lable/img_08_425508200_00403.xml,5,img_08_425508200_00403.jpg,5_youban,4,oil_spot,384.0,27.0,449.0,63.0,65.0,36.0,candidate,
img_08_425508200_00403,data/raw/GC10-DET/5/img_08_425508200_00403.jpg,data/raw/GC10-DET/lable/img_08_425508200_00403.xml,5,img_08_425508200_00403.jpg,5_youban,4,oil_spot,362.0,83.0,443.0,144.0,81.0,61.0,candidate,
img_08_425508200_00403,data/raw/GC10-DET/5/img_08_425508200_00403.jpg,data/raw/GC10-DET/lable/img_08_425508200_00403.xml,5,img_08_425508200_00403.jpg,5_youban,4,oil_spot,423.0,673.0,489.0,739.0,66.0,66.0,candidate,
img_08_425508200_00403,data/raw/GC10-DET/5/img_08_425508200_00403.jpg,data/raw/GC10-DET/lable/img_08_425508200_00403.xml,5,img_08_425508200_00403.jpg,6_siban,5,silk_spot,1.0,30.0,289.0,921.0,288.0,891.0,candidate,
img_08_425508300_00656,data/raw/GC10-DET/7/img_08_425508300_00656.jpg,data/raw/GC10-DET/lable/img_08_425508300_00656.xml,7,img_08_425508300_00656.jpg,7_yiwu,6,inclusion,374.0,332.0,415.0,372.0,41.0,40.0,candidate,
img_08_425508300_00656,data/raw/GC10-DET/7/img_08_425508300_00656.jpg,data/raw/GC10-DET/lable/img_08_425508300_00656.xml,7,img_08_425508300_00656.jpg,7_yiwu,6,inclusion,376.0,778.0,446.0,815.0,70.0,37.0,candidate,
img_08_425508600_00656,data/raw/GC10-DET/7/img_08_425508600_00656.jpg,data/raw/GC10-DET/lable/img_08_425508600_00656.xml,7,img_08_425508600_00656.jpg,7_yiwu,6,inclusion,381.0,337.0,426.0,383.0,45.0,46.0,candidate,
img_08_425508600_00656,data/raw/GC10-DET/7/img_08_425508600_00656.jpg,data/raw/GC10-DET/lable/img_08_425508600_00656.xml,7,img_08_425508600_00656.jpg,7_yiwu,6,inclusion,394.0,204.0,461.0,273.0,67.0,69.0,candidate,
img_08_425508600_00656,data/raw/GC10-DET/7/img_08_425508600_00656.jpg,data/raw/GC10-DET/lable/img_08_425508600_00656.xml,7,img_08_425508600_00656.jpg,7_yiwu,6,inclusion,401.0,79.0,436.0,125.0,35.0,46.0,candidate,
img_08_425508700_00666,data/raw/GC10-DET/7/img_08_425508700_00666.jpg,data/raw/GC10-DET/lable/img_08_425508700_00666.xml,7,img_08_425508700_00666.jpg,7_yiwu,6,inclusion,425.0,329.0,469.0,390.0,44.0,61.0,candidate,
img_08_425508700_00666,data/raw/GC10-DET/7/img_08_425508700_00666.jpg,data/raw/GC10-DET/lable/img_08_425508700_00666.xml,7,img_08_425508700_00666.jpg,7_yiwu,6,inclusion,373.0,396.0,414.0,436.0,41.0,40.0,candidate,
img_08_425508700_00666,data/raw/GC10-DET/7/img_08_425508700_00666.jpg,data/raw/GC10-DET/lable/img_08_425508700_00666.xml,7,img_08_425508700_00666.jpg,7_yiwu,6,inclusion,368.0,459.0,410.0,495.0,42.0,36.0,candidate,
img_08_425608200_00006,data/raw/GC10-DET/3/img_08_425608200_00006.jpg,data/raw/GC10-DET/lable/img_08_425608200_00006.xml,3,img_08_425608200_00006.jpg,3_yueyawan,2,crescent_gap,1003.0,1.0,1526.0,617.0,523.0,616.0,candidate,
img_08_425608200_00006,data/raw/GC10-DET/3/img_08_425608200_00006.jpg,data/raw/GC10-DET/lable/img_08_425608200_00006.xml,3,img_08_425608200_00006.jpg,2_hanfeng,1,welding_line,1.0,1.0,1126.0,65.0,1125.0,64.0,candidate,
img_08_425608200_00007,data/raw/GC10-DET/3/img_08_425608200_00007.jpg,data/raw/GC10-DET/lable/img_08_425608200_00007.xml,3,img_08_425608200_00007.jpg,3_yueyawan,2,crescent_gap,913.0,386.0,1498.0,1000.0,585.0,614.0,candidate,
img_08_425608200_00504,data/raw/GC10-DET/7/img_08_425608200_00504.jpg,data/raw/GC10-DET/lable/img_08_425608200_00504.xml,7,img_08_425608200_00504.jpg,7_yiwu,6,inclusion,1341.0,521.0,1392.0,583.0,51.0,62.0,candidate,
img_08_425608200_00504,data/raw/GC10-DET/7/img_08_425608200_00504.jpg,data/raw/GC10-DET/lable/img_08_425608200_00504.xml,7,img_08_425608200_00504.jpg,7_yiwu,6,inclusion,1330.0,407.0,1378.0,462.0,48.0,55.0,candidate,
img_08_425608200_00504,data/raw/GC10-DET/7/img_08_425608200_00504.jpg,data/raw/GC10-DET/lable/img_08_425608200_00504.xml,7,img_08_425608200_00504.jpg,7_yiwu,6,inclusion,1282.0,880.0,1345.0,986.0,63.0,106.0,candidate,
img_08_425613500_00596,data/raw/GC10-DET/3/img_08_425613500_00596.jpg,data/raw/GC10-DET/lable/img_08_425613500_00596.xml,3,img_08_425613500_00596.jpg,3_yueyawan,2,crescent_gap,458.0,162.0,743.0,747.0,285.0,585.0,candidate,
img_08_425613500_00596,data/raw/GC10-DET/3/img_08_425613500_00596.jpg,data/raw/GC10-DET/lable/img_08_425613500_00596.xml,3,img_08_425613500_00596.jpg,2_hanfeng,1,welding_line,12.0,457.0,556.0,553.0,544.0,96.0,candidate,
img_08_425613700_00782,data/raw/GC10-DET/2/img_08_425613700_00782.jpg,data/raw/GC10-DET/lable/img_08_425613700_00782.xml,2,img_08_425613700_00782.jpg,2_hanfeng,1,welding_line,2.0,288.0,715.0,358.0,713.0,70.0,candidate,
img_08_425614600_00470,data/raw/GC10-DET/3/img_08_425614600_00470.jpg,data/raw/GC10-DET/lable/img_08_425614600_00470.xml,3,img_08_425614600_00470.jpg,3_yueyawan,2,crescent_gap,161.0,7.0,640.0,693.0,479.0,686.0,candidate,
img_08_425614600_00470,data/raw/GC10-DET/3/img_08_425614600_00470.jpg,data/raw/GC10-DET/lable/img_08_425614600_00470.xml,3,img_08_425614600_00470.jpg,2_hanfeng,1,welding_line,12.0,34.0,215.0,114.0,203.0,80.0,candidate,
img_08_425614700_00001,data/raw/GC10-DET/3/img_08_425614700_00001.jpg,data/raw/GC10-DET/lable/img_08_425614700_00001.xml,3,img_08_425614700_00001.jpg,3_yueyawan,2,crescent_gap,114.0,440.0,684.0,1000.0,570.0,560.0,candidate,
img_08_425637500_00653,data/raw/GC10-DET/3/img_08_425637500_00653.jpg,data/raw/GC10-DET/lable/img_08_425637500_00653.xml,3,img_08_425637500_00653.jpg,3_yueyawan,2,crescent_gap,1067.0,218.0,1332.0,849.0,265.0,631.0,candidate,
img_08_425637500_00653,data/raw/GC10-DET/3/img_08_425637500_00653.jpg,data/raw/GC10-DET/lable/img_08_425637500_00653.xml,3,img_08_425637500_00653.jpg,2_hanfeng,1,welding_line,1.0,504.0,1156.0,611.0,1155.0,107.0,candidate,
img_08_425637700_00842,data/raw/GC10-DET/3/img_08_425637700_00842.jpg,data/raw/GC10-DET/lable/img_08_425637700_00842.xml,3,img_08_425637700_00842.jpg,3_yueyawan,2,crescent_gap,1043.0,407.0,1338.0,1000.0,295.0,593.0,candidate,
img_08_425637700_00842,data/raw/GC10-DET/3/img_08_425637700_00842.jpg,data/raw/GC10-DET/lable/img_08_425637700_00842.xml,3,img_08_425637700_00842.jpg,2_hanfeng,1,welding_line,7.0,727.0,1133.0,829.0,1126.0,102.0,candidate,
img_08_425637800_00890,data/raw/GC10-DET/3/img_08_425637800_00890.jpg,data/raw/GC10-DET/lable/img_08_425637800_00890.xml,3,img_08_425637800_00890.jpg,3_yueyawan,2,crescent_gap,1031.0,6.0,1287.0,463.0,256.0,457.0,candidate,
img_08_425637800_00890,data/raw/GC10-DET/3/img_08_425637800_00890.jpg,data/raw/GC10-DET/lable/img_08_425637800_00890.xml,3,img_08_425637800_00890.jpg,2_hanfeng,1,welding_line,10.0,145.0,1122.0,229.0,1112.0,84.0,candidate,
img_08_425637900_00898,data/raw/GC10-DET/3/img_08_425637900_00898.jpg,data/raw/GC10-DET/lable/img_08_425637900_00898.xml,3,img_08_425637900_00898.jpg,3_yueyawan,2,crescent_gap,1032.0,1.0,1276.0,280.0,244.0,279.0,candidate,
img_08_425638500_00036,data/raw/GC10-DET/7/img_08_425638500_00036.jpg,data/raw/GC10-DET/lable/img_08_425638500_00036.xml,7,img_08_425638500_00036.jpg,7_yiwu,6,inclusion,489.0,841.0,525.0,883.0,36.0,42.0,candidate,
img_08_425638500_00091,data/raw/GC10-DET/7/img_08_425638500_00091.jpg,data/raw/GC10-DET/lable/img_08_425638500_00091.xml,7,img_08_425638500_00091.jpg,7_yiwu,6,inclusion,728.0,894.0,788.0,958.0,60.0,64.0,candidate,
img_08_425638500_00713,data/raw/GC10-DET/3/img_08_425638500_00713.jpg,data/raw/GC10-DET/lable/img_08_425638500_00713.xml,3,img_08_425638500_00713.jpg,3_yueyawan,2,crescent_gap,1010.0,1.0,1201.0,132.0,191.0,131.0,candidate,
img_08_425638500_00714,data/raw/GC10-DET/3/img_08_425638500_00714.jpg,data/raw/GC10-DET/lable/img_08_425638500_00714.xml,3,img_08_425638500_00714.jpg,3_yueyawan,2,crescent_gap,703.0,3.0,1181.0,998.0,478.0,995.0,candidate,
img_08_425638500_00714,data/raw/GC10-DET/3/img_08_425638500_00714.jpg,data/raw/GC10-DET/lable/img_08_425638500_00714.xml,3,img_08_425638500_00714.jpg,2_hanfeng,1,welding_line,5.0,498.0,805.0,593.0,800.0,95.0,candidate,
img_08_425639900_00613,data/raw/GC10-DET/7/img_08_425639900_00613.jpg,data/raw/GC10-DET/lable/img_08_425639900_00613.xml,7,img_08_425639900_00613.jpg,7_yiwu,6,inclusion,582.0,789.0,676.0,912.0,94.0,123.0,candidate,
img_08_425639900_00613,data/raw/GC10-DET/7/img_08_425639900_00613.jpg,data/raw/GC10-DET/lable/img_08_425639900_00613.xml,7,img_08_425639900_00613.jpg,6_siban,5,silk_spot,393.0,86.0,758.0,555.0,365.0,469.0,candidate,
img_08_425640000_00634,data/raw/GC10-DET/3/img_08_425640000_00634.jpg,data/raw/GC10-DET/lable/img_08_425640000_00634.xml,3,img_08_425640000_00634.jpg,3_yueyawan,2,crescent_gap,946.0,1.0,1302.0,555.0,356.0,554.0,candidate,
img_08_425640000_00634,data/raw/GC10-DET/3/img_08_425640000_00634.jpg,data/raw/GC10-DET/lable/img_08_425640000_00634.xml,3,img_08_425640000_00634.jpg,2_hanfeng,1,welding_line,1.0,243.0,978.0,362.0,977.0,119.0,candidate,
img_08_425640100_00874,data/raw/GC10-DET/3/img_08_425640100_00874.jpg,data/raw/GC10-DET/lable/img_08_425640100_00874.xml,3,img_08_425640100_00874.jpg,2_hanfeng,1,welding_line,13.0,707.0,1089.0,794.0,1076.0,87.0,candidate,
img_08_425640100_00874,data/raw/GC10-DET/3/img_08_425640100_00874.jpg,data/raw/GC10-DET/lable/img_08_425640100_00874.xml,3,img_08_425640100_00874.jpg,3_yueyawan,2,crescent_gap,931.0,435.0,1307.0,1000.0,376.0,565.0,candidate,
img_08_427199900_01134,data/raw/GC10-DET/9/img_08_427199900_01134.jpg,data/raw/GC10-DET/lable/img_08_427199900_01134.xml,9,img_08_427199900_01134.jpg,9_zhehen,8,crease,13.0,173.0,143.0,247.0,130.0,74.0,candidate,
img_08_431854700_00034,data/raw/GC10-DET/6/img_08_431854700_00034.jpg,data/raw/GC10-DET/lable/img_08_431854700_00034.xml,6,img_08_431854700_00034.jpg,6_siban,5,silk_spot,738.0,352.0,980.0,850.0,242.0,498.0,candidate,
img_08_436068100_00003,data/raw/GC10-DET/3/img_08_436068100_00003.jpg,data/raw/GC10-DET/lable/img_08_436068100_00003.xml,3,img_08_436068100_00003.jpg,3_yueyawan,2,crescent_gap,152.0,1.0,707.0,794.0,555.0,793.0,candidate,
img_08_436068100_00003,data/raw/GC10-DET/3/img_08_436068100_00003.jpg,data/raw/GC10-DET/lable/img_08_436068100_00003.xml,3,img_08_436068100_00003.jpg,2_hanfeng,1,welding_line,1.0,110.0,261.0,197.0,260.0,87.0,candidate,
img_08_436068100_00004,data/raw/GC10-DET/3/img_08_436068100_00004.jpg,data/raw/GC10-DET/lable/img_08_436068100_00004.xml,3,img_08_436068100_00004.jpg,3_yueyawan,2,crescent_gap,166.0,507.0,632.0,1000.0,466.0,493.0,candidate,
img_08_436068100_00869,data/raw/GC10-DET/3/img_08_436068100_00869.jpg,data/raw/GC10-DET/lable/img_08_436068100_00869.xml,3,img_08_436068100_00869.jpg,3_yueyawan,2,crescent_gap,412.0,1.0,648.0,160.0,236.0,159.0,candidate,
img_08_436164500_01565,data/raw/GC10-DET/3/img_08_436164500_01565.jpg,data/raw/GC10-DET/lable/img_08_436164500_01565.xml,3,img_08_436164500_01565.jpg,3_yueyawan,2,crescent_gap,310.0,299.0,562.0,884.0,252.0,585.0,candidate,
img_08_436164500_01565,data/raw/GC10-DET/3/img_08_436164500_01565.jpg,data/raw/GC10-DET/lable/img_08_436164500_01565.xml,3,img_08_436164500_01565.jpg,2_hanfeng,1,welding_line,1.0,496.0,423.0,620.0,422.0,124.0,candidate,
img_08_436164700_01537,data/raw/GC10-DET/10/img_08_436164700_01537.jpg,data/raw/GC10-DET/lable/img_08_436164700_01537.xml,10,img_08_436164700_01537.jpg,10_yaozhed,9,waist_folding,41.0,53.0,440.0,971.0,399.0,918.0,candidate,
img_08_4401438800_01040,data/raw/GC10-DET/3/img_08_4401438800_01040.jpg,data/raw/GC10-DET/lable/img_08_4401438800_01040.xml,3,img_08_4401438800_01040.jpg,3_yueyawan,2,crescent_gap,477.0,1.0,761.0,215.0,284.0,214.0,candidate,
img_08_4402304700_01005,data/raw/GC10-DET/2/img_08_4402304700_01005.jpg,data/raw/GC10-DET/lable/img_08_4402304700_01005.xml,2,img_08_4402304700_01005.jpg,2_hanfeng,1,welding_line,17.0,252.0,536.0,345.0,519.0,93.0,candidate,
img_08_4402719200_00026,data/raw/GC10-DET/10/img_08_4402719200_00026.jpg,data/raw/GC10-DET/lable/img_08_4402719200_00026.xml,10,img_08_4402719200_00026.jpg,10_yaozhed,9,waist_folding,707.0,44.0,923.0,842.0,216.0,798.0,candidate,
img_08_4402842500_01043,data/raw/GC10-DET/3/img_08_4402842500_01043.jpg,data/raw/GC10-DET/lable/img_08_4402842500_01043.xml,3,img_08_4402842500_01043.jpg,3_yueyawan,2,crescent_gap,176.0,1.0,503.0,189.0,327.0,188.0,candidate,
img_08_4402842500_01044,data/raw/GC10-DET/3/img_08_4402842500_01044.jpg,data/raw/GC10-DET/lable/img_08_4402842500_01044.xml,3,img_08_4402842500_01044.jpg,3_yueyawan,2,crescent_gap,1.0,1.0,508.0,1000.0,507.0,999.0,candidate,
img_08_4402851700_00985,data/raw/GC10-DET/2/img_08_4402851700_00985.jpg,data/raw/GC10-DET/lable/img_08_4402851700_00985.xml,2,img_08_4402851700_00985.jpg,2_hanfeng,1,welding_line,13.0,870.0,1351.0,934.0,1338.0,64.0,candidate,
img_08_4403744200_01172,data/raw/GC10-DET/4/img_08_4403744200_01172.jpg,data/raw/GC10-DET/lable/img_08_4403744200_01172.xml,4,img_08_4403744200_01172.jpg,4_shuiban,3,water_spot,16.0,1.0,309.0,533.0,293.0,532.0,candidate,
img_08_4403744200_01175,data/raw/GC10-DET/4/img_08_4403744200_01175.jpg,data/raw/GC10-DET/lable/img_08_4403744200_01175.xml,4,img_08_4403744200_01175.jpg,4_shuiban,3,water_spot,43.0,42.0,399.0,380.0,356.0,338.0,candidate,
img_08_4403744200_01177,data/raw/GC10-DET/4/img_08_4403744200_01177.jpg,data/raw/GC10-DET/lable/img_08_4403744200_01177.xml,4,img_08_4403744200_01177.jpg,4_shuiban,3,water_spot,13.0,22.0,281.0,970.0,268.0,948.0,candidate,
img_08_4403744200_01180,data/raw/GC10-DET/4/img_08_4403744200_01180.jpg,data/raw/GC10-DET/lable/img_08_4403744200_01180.xml,4,img_08_4403744200_01180.jpg,4_shuiban,3,water_spot,1.0,1.0,308.0,664.0,307.0,663.0,candidate,
img_08_4403744200_01181,data/raw/GC10-DET/4/img_08_4403744200_01181.jpg,data/raw/GC10-DET/lable/img_08_4403744200_01181.xml,4,img_08_4403744200_01181.jpg,4_shuiban,3,water_spot,16.0,7.0,254.0,977.0,238.0,970.0,candidate,
img_08_4405134000_01043,data/raw/GC10-DET/2/img_08_4405134000_01043.jpg,data/raw/GC10-DET/lable/img_08_4405134000_01043.xml,2,img_08_4405134000_01043.jpg,2_hanfeng,1,welding_line,17.0,348.0,908.0,422.0,891.0,74.0,candidate,
img_08_4405167700_00657,data/raw/GC10-DET/2/img_08_4405167700_00657.jpg,data/raw/GC10-DET/lable/img_08_4405167700_00657.xml,2,img_08_4405167700_00657.jpg,2_hanfeng,1,welding_line,12.0,16.0,451.0,68.0,439.0,52.0,candidate,
img_08_4405229800_01204,data/raw/GC10-DET/2/img_08_4405229800_01204.jpg,data/raw/GC10-DET/lable/img_08_4405229800_01204.xml,2,img_08_4405229800_01204.jpg,2_hanfeng,1,welding_line,12.0,468.0,420.0,522.0,408.0,54.0,candidate,
img_08_4405230600_00994,data/raw/GC10-DET/2/img_08_4405230600_00994.jpg,data/raw/GC10-DET/lable/img_08_4405230600_00994.xml,2,img_08_4405230600_00994.jpg,2_hanfeng,1,welding_line,33.0,571.0,466.0,655.0,433.0,84.0,candidate,
img_08_4405381400_00773,data/raw/GC10-DET/9/img_08_4405381400_00773.jpg,data/raw/GC10-DET/lable/img_08_4405381400_00773.xml,9,img_08_4405381400_00773.jpg,9_zhehen,8,crease,46.0,534.0,799.0,666.0,753.0,132.0,candidate,
img_08_4406424900_00001,data/raw/GC10-DET/2/img_08_4406424900_00001.jpg,data/raw/GC10-DET/lable/img_08_4406424900_00001.xml,2,img_08_4406424900_00001.jpg,2_hanfeng,1,welding_line,10.0,850.0,389.0,917.0,379.0,67.0,candidate,
img_08_4406743300_00001,data/raw/GC10-DET/3/img_08_4406743300_00001.jpg,data/raw/GC10-DET/lable/img_08_4406743300_00001.xml,3,img_08_4406743300_00001.jpg,3_yueyawan,2,crescent_gap,857.0,1.0,1132.0,568.0,275.0,567.0,candidate,
img_08_4406743300_00001,data/raw/GC10-DET/3/img_08_4406743300_00001.jpg,data/raw/GC10-DET/lable/img_08_4406743300_00001.xml,3,img_08_4406743300_00001.jpg,2_hanfeng,1,welding_line,3.0,299.0,954.0,388.0,951.0,89.0,candidate,
img_08_4406743300_00019,data/raw/GC10-DET/6/img_08_4406743300_00019.jpg,data/raw/GC10-DET/lable/img_08_4406743300_00019.xml,6,img_08_4406743300_00019.jpg,6_siban,5,silk_spot,646.0,70.0,902.0,930.0,256.0,860.0,candidate,
img_08_4406743300_00069,data/raw/GC10-DET/6/img_08_4406743300_00069.jpg,data/raw/GC10-DET/lable/img_08_4406743300_00069.xml,6,img_08_4406743300_00069.jpg,6_siban,5,silk_spot,533.0,214.0,758.0,739.0,225.0,525.0,candidate,
img_08_4406743300_00374,data/raw/GC10-DET/6/img_08_4406743300_00374.jpg,data/raw/GC10-DET/lable/img_08_4406743300_00374.xml,6,img_08_4406743300_00374.jpg,6_siban,5,silk_spot,633.0,168.0,879.0,673.0,246.0,505.0,candidate,
img_08_4406743300_00378,data/raw/GC10-DET/6/img_08_4406743300_00378.jpg,data/raw/GC10-DET/lable/img_08_4406743300_00378.xml,6,img_08_4406743300_00378.jpg,6_siban,5,silk_spot,648.0,173.0,920.0,683.0,272.0,510.0,candidate,
img_08_4406743300_00380,data/raw/GC10-DET/6/img_08_4406743300_00380.jpg,data/raw/GC10-DET/lable/img_08_4406743300_00380.xml,6,img_08_4406743300_00380.jpg,6_siban,5,silk_spot,690.0,147.0,913.0,680.0,223.0,533.0,candidate,
img_08_4406743300_00381,data/raw/GC10-DET/6/img_08_4406743300_00381.jpg,data/raw/GC10-DET/lable/img_08_4406743300_00381.xml,6,img_08_4406743300_00381.jpg,6_siban,5,silk_spot,628.0,147.0,923.0,724.0,295.0,577.0,candidate,
img_08_4406743300_00383,data/raw/GC10-DET/6/img_08_4406743300_00383.jpg,data/raw/GC10-DET/lable/img_08_4406743300_00383.xml,6,img_08_4406743300_00383.jpg,6_siban,5,silk_spot,574.0,232.0,881.0,811.0,307.0,579.0,candidate,
img_08_4406743300_00384,data/raw/GC10-DET/6/img_08_4406743300_00384.jpg,data/raw/GC10-DET/lable/img_08_4406743300_00384.xml,6,img_08_4406743300_00384.jpg,6_siban,5,silk_spot,585.0,219.0,889.0,929.0,304.0,710.0,candidate,
img_08_4406743300_00388,data/raw/GC10-DET/6/img_08_4406743300_00388.jpg,data/raw/GC10-DET/lable/img_08_4406743300_00388.xml,6,img_08_4406743300_00388.jpg,6_siban,5,silk_spot,579.0,201.0,944.0,866.0,365.0,665.0,candidate,
img_08_4406743300_00390,data/raw/GC10-DET/6/img_08_4406743300_00390.jpg,data/raw/GC10-DET/lable/img_08_4406743300_00390.xml,6,img_08_4406743300_00390.jpg,6_siban,5,silk_spot,613.0,206.0,899.0,912.0,286.0,706.0,candidate,
img_08_4406743300_00391,data/raw/GC10-DET/6/img_08_4406743300_00391.jpg,data/raw/GC10-DET/lable/img_08_4406743300_00391.xml,6,img_08_4406743300_00391.jpg,6_siban,5,silk_spot,618.0,221.0,872.0,989.0,254.0,768.0,candidate,
img_08_4406743300_00392,data/raw/GC10-DET/6/img_08_4406743300_00392.jpg,data/raw/GC10-DET/lable/img_08_4406743300_00392.xml,6,img_08_4406743300_00392.jpg,6_siban,5,silk_spot,666.0,180.0,899.0,868.0,233.0,688.0,candidate,
img_08_4406743300_00393,data/raw/GC10-DET/6/img_08_4406743300_00393.jpg,data/raw/GC10-DET/lable/img_08_4406743300_00393.xml,6,img_08_4406743300_00393.jpg,6_siban,5,silk_spot,608.0,112.0,858.0,793.0,250.0,681.0,candidate,
img_08_4406743300_00395,data/raw/GC10-DET/6/img_08_4406743300_00395.jpg,data/raw/GC10-DET/lable/img_08_4406743300_00395.xml,6,img_08_4406743300_00395.jpg,6_siban,5,silk_spot,628.0,109.0,895.0,880.0,267.0,771.0,candidate,
img_08_4406743300_00396,data/raw/GC10-DET/6/img_08_4406743300_00396.jpg,data/raw/GC10-DET/lable/img_08_4406743300_00396.xml,6,img_08_4406743300_00396.jpg,6_siban,5,silk_spot,617.0,107.0,871.0,917.0,254.0,810.0,candidate,
img_08_4406743300_00397,data/raw/GC10-DET/6/img_08_4406743300_00397.jpg,data/raw/GC10-DET/lable/img_08_4406743300_00397.xml,6,img_08_4406743300_00397.jpg,6_siban,5,silk_spot,656.0,66.0,867.0,875.0,211.0,809.0,candidate,
img_08_4406743300_00399,data/raw/GC10-DET/6/img_08_4406743300_00399.jpg,data/raw/GC10-DET/lable/img_08_4406743300_00399.xml,6,img_08_4406743300_00399.jpg,6_siban,5,silk_spot,638.0,237.0,895.0,1000.0,257.0,763.0,candidate,
img_08_4406743300_00400,data/raw/GC10-DET/6/img_08_4406743300_00400.jpg,data/raw/GC10-DET/lable/img_08_4406743300_00400.xml,6,img_08_4406743300_00400.jpg,6_siban,5,silk_spot,656.0,216.0,826.0,778.0,170.0,562.0,candidate,
img_08_4406743300_00401,data/raw/GC10-DET/6/img_08_4406743300_00401.jpg,data/raw/GC10-DET/lable/img_08_4406743300_00401.xml,6,img_08_4406743300_00401.jpg,6_siban,5,silk_spot,613.0,144.0,930.0,722.0,317.0,578.0,candidate,
img_08_4406743300_00405,data/raw/GC10-DET/6/img_08_4406743300_00405.jpg,data/raw/GC10-DET/lable/img_08_4406743300_00405.xml,6,img_08_4406743300_00405.jpg,6_siban,5,silk_spot,672.0,170.0,900.0,858.0,228.0,688.0,candidate,
img_08_4406743300_00406,data/raw/GC10-DET/6/img_08_4406743300_00406.jpg,data/raw/GC10-DET/lable/img_08_4406743300_00406.xml,6,img_08_4406743300_00406.jpg,6_siban,5,silk_spot,625.0,96.0,900.0,737.0,275.0,641.0,candidate,
img_08_4406743300_00408,data/raw/GC10-DET/6/img_08_4406743300_00408.jpg,data/raw/GC10-DET/lable/img_08_4406743300_00408.xml,6,img_08_4406743300_00408.jpg,6_siban,5,silk_spot,649.0,150.0,889.0,762.0,240.0,612.0,candidate,
img_08_4406743300_00409,data/raw/GC10-DET/6/img_08_4406743300_00409.jpg,data/raw/GC10-DET/lable/img_08_4406743300_00409.xml,6,img_08_4406743300_00409.jpg,6_siban,5,silk_spot,603.0,183.0,851.0,742.0,248.0,559.0,candidate,
img_08_4406743300_00410,data/raw/GC10-DET/6/img_08_4406743300_00410.jpg,data/raw/GC10-DET/lable/img_08_4406743300_00410.xml,6,img_08_4406743300_00410.jpg,6_siban,5,silk_spot,626.0,166.0,890.0,729.0,264.0,563.0,candidate,
img_08_4406743300_00411,data/raw/GC10-DET/6/img_08_4406743300_00411.jpg,data/raw/GC10-DET/lable/img_08_4406743300_00411.xml,6,img_08_4406743300_00411.jpg,6_siban,5,silk_spot,725.0,227.0,908.0,773.0,183.0,546.0,candidate,
img_08_4406743300_00412,data/raw/GC10-DET/6/img_08_4406743300_00412.jpg,data/raw/GC10-DET/lable/img_08_4406743300_00412.xml,6,img_08_4406743300_00412.jpg,6_siban,5,silk_spot,646.0,263.0,899.0,803.0,253.0,540.0,candidate,
img_08_4406743300_00413,data/raw/GC10-DET/6/img_08_4406743300_00413.jpg,data/raw/GC10-DET/lable/img_08_4406743300_00413.xml,6,img_08_4406743300_00413.jpg,6_siban,5,silk_spot,641.0,194.0,905.0,776.0,264.0,582.0,candidate,
img_08_4406743300_00414,data/raw/GC10-DET/6/img_08_4406743300_00414.jpg,data/raw/GC10-DET/lable/img_08_4406743300_00414.xml,6,img_08_4406743300_00414.jpg,6_siban,5,silk_spot,648.0,257.0,867.0,798.0,219.0,541.0,candidate,
img_08_4406743300_00415,data/raw/GC10-DET/6/img_08_4406743300_00415.jpg,data/raw/GC10-DET/lable/img_08_4406743300_00415.xml,6,img_08_4406743300_00415.jpg,6_siban,5,silk_spot,603.0,232.0,894.0,732.0,291.0,500.0,candidate,
img_08_4406743300_00416,data/raw/GC10-DET/6/img_08_4406743300_00416.jpg,data/raw/GC10-DET/lable/img_08_4406743300_00416.xml,6,img_08_4406743300_00416.jpg,6_siban,5,silk_spot,492.0,360.0,815.0,640.0,323.0,280.0,candidate,
img_08_4406743300_00417,data/raw/GC10-DET/6/img_08_4406743300_00417.jpg,data/raw/GC10-DET/lable/img_08_4406743300_00417.xml,6,img_08_4406743300_00417.jpg,6_siban,5,silk_spot,512.0,348.0,890.0,599.0,378.0,251.0,candidate,
img_08_4406743300_00420,data/raw/GC10-DET/6/img_08_4406743300_00420.jpg,data/raw/GC10-DET/lable/img_08_4406743300_00420.xml,6,img_08_4406743300_00420.jpg,6_siban,5,silk_spot,654.0,312.0,912.0,568.0,258.0,256.0,candidate,
img_08_4406743300_00422,data/raw/GC10-DET/6/img_08_4406743300_00422.jpg,data/raw/GC10-DET/lable/img_08_4406743300_00422.xml,6,img_08_4406743300_00422.jpg,6_siban,5,silk_spot,667.0,353.0,895.0,584.0,228.0,231.0,candidate,
img_08_4406743300_00424,data/raw/GC10-DET/6/img_08_4406743300_00424.jpg,data/raw/GC10-DET/lable/img_08_4406743300_00424.xml,6,img_08_4406743300_00424.jpg,6_siban,5,silk_spot,689.0,337.0,866.0,566.0,177.0,229.0,candidate,
img_08_4406743300_00425,data/raw/GC10-DET/6/img_08_4406743300_00425.jpg,data/raw/GC10-DET/lable/img_08_4406743300_00425.xml,6,img_08_4406743300_00425.jpg,6_siban,5,silk_spot,682.0,347.0,928.0,671.0,246.0,324.0,candidate,
img_08_4406743300_00427,data/raw/GC10-DET/6/img_08_4406743300_00427.jpg,data/raw/GC10-DET/lable/img_08_4406743300_00427.xml,6,img_08_4406743300_00427.jpg,6_siban,5,silk_spot,730.0,391.0,884.0,614.0,154.0,223.0,candidate,
img_08_4406743300_00428,data/raw/GC10-DET/6/img_08_4406743300_00428.jpg,data/raw/GC10-DET/lable/img_08_4406743300_00428.xml,6,img_08_4406743300_00428.jpg,6_siban,5,silk_spot,674.0,370.0,892.0,650.0,218.0,280.0,candidate,
img_08_4406743300_00429,data/raw/GC10-DET/6/img_08_4406743300_00429.jpg,data/raw/GC10-DET/lable/img_08_4406743300_00429.xml,6,img_08_4406743300_00429.jpg,6_siban,5,silk_spot,666.0,362.0,913.0,657.0,247.0,295.0,candidate,
img_08_4406743300_00430,data/raw/GC10-DET/6/img_08_4406743300_00430.jpg,data/raw/GC10-DET/lable/img_08_4406743300_00430.xml,6,img_08_4406743300_00430.jpg,6_siban,5,silk_spot,676.0,357.0,876.0,614.0,200.0,257.0,candidate,
img_08_4406743300_00432,data/raw/GC10-DET/6/img_08_4406743300_00432.jpg,data/raw/GC10-DET/lable/img_08_4406743300_00432.xml,6,img_08_4406743300_00432.jpg,6_siban,5,silk_spot,648.0,317.0,903.0,593.0,255.0,276.0,candidate,
img_08_4406743300_00433,data/raw/GC10-DET/6/img_08_4406743300_00433.jpg,data/raw/GC10-DET/lable/img_08_4406743300_00433.xml,6,img_08_4406743300_00433.jpg,6_siban,5,silk_spot,682.0,334.0,887.0,616.0,205.0,282.0,candidate,
img_08_4406743300_00434,data/raw/GC10-DET/6/img_08_4406743300_00434.jpg,data/raw/GC10-DET/lable/img_08_4406743300_00434.xml,6,img_08_4406743300_00434.jpg,6_siban,5,silk_spot,690.0,383.0,922.0,691.0,232.0,308.0,candidate,
img_08_4406743300_00439,data/raw/GC10-DET/6/img_08_4406743300_00439.jpg,data/raw/GC10-DET/lable/img_08_4406743300_00439.xml,6,img_08_4406743300_00439.jpg,6_siban,5,silk_spot,702.0,335.0,889.0,611.0,187.0,276.0,candidate,
img_08_4406743300_00444,data/raw/GC10-DET/6/img_08_4406743300_00444.jpg,data/raw/GC10-DET/lable/img_08_4406743300_00444.xml,6,img_08_4406743300_00444.jpg,6_siban,5,silk_spot,677.0,409.0,903.0,716.0,226.0,307.0,candidate,
img_08_4406743300_00446,data/raw/GC10-DET/6/img_08_4406743300_00446.jpg,data/raw/GC10-DET/lable/img_08_4406743300_00446.xml,6,img_08_4406743300_00446.jpg,6_siban,5,silk_spot,679.0,378.0,884.0,673.0,205.0,295.0,candidate,
img_08_4406743300_00450,data/raw/GC10-DET/6/img_08_4406743300_00450.jpg,data/raw/GC10-DET/lable/img_08_4406743300_00450.xml,6,img_08_4406743300_00450.jpg,6_siban,5,silk_spot,702.0,393.0,913.0,704.0,211.0,311.0,candidate,
img_08_4406743300_00453,data/raw/GC10-DET/6/img_08_4406743300_00453.jpg,data/raw/GC10-DET/lable/img_08_4406743300_00453.xml,6,img_08_4406743300_00453.jpg,6_siban,5,silk_spot,684.0,388.0,874.0,678.0,190.0,290.0,candidate,
img_08_4406743300_00455,data/raw/GC10-DET/6/img_08_4406743300_00455.jpg,data/raw/GC10-DET/lable/img_08_4406743300_00455.xml,6,img_08_4406743300_00455.jpg,6_siban,5,silk_spot,694.0,391.0,854.0,666.0,160.0,275.0,candidate,
img_08_4406743300_00456,data/raw/GC10-DET/6/img_08_4406743300_00456.jpg,data/raw/GC10-DET/lable/img_08_4406743300_00456.xml,6,img_08_4406743300_00456.jpg,6_siban,5,silk_spot,682.0,378.0,869.0,701.0,187.0,323.0,candidate,
img_08_4406743300_00457,data/raw/GC10-DET/6/img_08_4406743300_00457.jpg,data/raw/GC10-DET/lable/img_08_4406743300_00457.xml,6,img_08_4406743300_00457.jpg,6_siban,5,silk_spot,674.0,344.0,913.0,716.0,239.0,372.0,candidate,
img_08_4406743300_00459,data/raw/GC10-DET/6/img_08_4406743300_00459.jpg,data/raw/GC10-DET/lable/img_08_4406743300_00459.xml,6,img_08_4406743300_00459.jpg,6_siban,5,silk_spot,695.0,363.0,854.0,660.0,159.0,297.0,candidate,
img_08_4406743300_00461,data/raw/GC10-DET/6/img_08_4406743300_00461.jpg,data/raw/GC10-DET/lable/img_08_4406743300_00461.xml,6,img_08_4406743300_00461.jpg,6_siban,5,silk_spot,685.0,396.0,844.0,639.0,159.0,243.0,candidate,
img_08_4406743300_00462,data/raw/GC10-DET/6/img_08_4406743300_00462.jpg,data/raw/GC10-DET/lable/img_08_4406743300_00462.xml,6,img_08_4406743300_00462.jpg,6_siban,5,silk_spot,710.0,362.0,871.0,625.0,161.0,263.0,candidate,
img_08_4406743300_00463,data/raw/GC10-DET/6/img_08_4406743300_00463.jpg,data/raw/GC10-DET/lable/img_08_4406743300_00463.xml,6,img_08_4406743300_00463.jpg,6_siban,5,silk_spot,694.0,378.0,897.0,742.0,203.0,364.0,candidate,
img_08_4406743300_00465,data/raw/GC10-DET/6/img_08_4406743300_00465.jpg,data/raw/GC10-DET/lable/img_08_4406743300_00465.xml,6,img_08_4406743300_00465.jpg,6_siban,5,silk_spot,692.0,332.0,841.0,671.0,149.0,339.0,candidate,
img_08_4406743300_00466,data/raw/GC10-DET/6/img_08_4406743300_00466.jpg,data/raw/GC10-DET/lable/img_08_4406743300_00466.xml,6,img_08_4406743300_00466.jpg,6_siban,5,silk_spot,674.0,389.0,848.0,703.0,174.0,314.0,candidate,
img_08_4406743300_00468,data/raw/GC10-DET/6/img_08_4406743300_00468.jpg,data/raw/GC10-DET/lable/img_08_4406743300_00468.xml,6,img_08_4406743300_00468.jpg,6_siban,5,silk_spot,681.0,394.0,902.0,752.0,221.0,358.0,candidate,
img_08_4406743300_00470,data/raw/GC10-DET/6/img_08_4406743300_00470.jpg,data/raw/GC10-DET/lable/img_08_4406743300_00470.xml,6,img_08_4406743300_00470.jpg,6_siban,5,silk_spot,685.0,425.0,881.0,755.0,196.0,330.0,candidate,
img_08_4406743300_00477,data/raw/GC10-DET/6/img_08_4406743300_00477.jpg,data/raw/GC10-DET/lable/img_08_4406743300_00477.xml,6,img_08_4406743300_00477.jpg,6_siban,5,silk_spot,703.0,430.0,876.0,699.0,173.0,269.0,candidate,
img_08_4406743300_00481,data/raw/GC10-DET/6/img_08_4406743300_00481.jpg,data/raw/GC10-DET/lable/img_08_4406743300_00481.xml,6,img_08_4406743300_00481.jpg,6_siban,5,silk_spot,690.0,293.0,864.0,768.0,174.0,475.0,candidate,
img_08_4406743300_00483,data/raw/GC10-DET/6/img_08_4406743300_00483.jpg,data/raw/GC10-DET/lable/img_08_4406743300_00483.xml,6,img_08_4406743300_00483.jpg,6_siban,5,silk_spot,690.0,260.0,840.0,675.0,150.0,415.0,candidate,
img_08_4406743300_00486,data/raw/GC10-DET/6/img_08_4406743300_00486.jpg,data/raw/GC10-DET/lable/img_08_4406743300_00486.xml,6,img_08_4406743300_00486.jpg,6_siban,5,silk_spot,959.0,484.0,1017.0,889.0,58.0,405.0,candidate,
img_08_4406743300_00698,data/raw/GC10-DET/6/img_08_4406743300_00698.jpg,data/raw/GC10-DET/lable/img_08_4406743300_00698.xml,6,img_08_4406743300_00698.jpg,6_siban,5,silk_spot,579.0,348.0,831.0,684.0,252.0,336.0,candidate,
img_08_4406743300_00699,data/raw/GC10-DET/6/img_08_4406743300_00699.jpg,data/raw/GC10-DET/lable/img_08_4406743300_00699.xml,6,img_08_4406743300_00699.jpg,6_siban,5,silk_spot,571.0,571.0,853.0,843.0,282.0,272.0,candidate,
img_08_4406772100_00002,data/raw/GC10-DET/3/img_08_4406772100_00002.jpg,data/raw/GC10-DET/lable/img_08_4406772100_00002.xml,3,img_08_4406772100_00002.jpg,3_yueyawan,2,crescent_gap,46.0,609.0,294.0,998.0,248.0,389.0,candidate,
